record_id,product_id,pesticide_name,pesticide_type,amount,apply_date,safety_interval,compliant
PS00001,P0002,百菌清,杀菌剂,138ml/亩,2025-04-07,7,true
PS00002,P0002,多菌灵,杀菌剂,109ml/亩,2025-07-15,21,false
PS00003,P0003,甲胺磷,杀虫剂,42ml/亩,2025-04-24,14,false
PS00004,P0005,甲基托布津,杀菌剂,78ml/亩,2025-06-12,7,true
PS00005,P0006,苦参碱,生物农药,108ml/亩,2025-05-05,21,false
PS00006,P0009,多菌灵,杀菌剂,64ml/亩,2025-06-02,7,true
PS00007,P0010,甲胺磷,杀虫剂,71ml/亩,2025-06-14,7,false
PS00008,P0010,苦参碱,生物农药,59ml/亩,2025-08-20,14,true
PS00009,P0012,代森锰锌,杀菌剂,118ml/亩,2025-06-14,14,true
PS00010,P0013,甲胺磷,杀虫剂,110ml/亩,2025-08-18,14,false
PS00011,P0013,百菌清,杀菌剂,43ml/亩,2025-08-13,7,true
PS00012,P0015,阿维菌素,生物农药,64ml/亩,2025-07-28,7,true
PS00013,P0015,吡虫啉,杀虫剂,147ml/亩,2025-08-15,14,true
PS00014,P0016,多菌灵,杀菌剂,68ml/亩,2025-08-28,21,true
PS00015,P0016,代森锰锌,杀菌剂,101ml/亩,2025-09-25,7,true
PS00016,P0017,苦参碱,生物农药,51ml/亩,2025-07-14,21,false
PS00017,P0018,甲胺磷,杀虫剂,106ml/亩,2025-09-27,14,false
PS00018,P0018,三唑酮,杀菌剂,73ml/亩,2025-07-03,14,true
PS00019,P0019,百菌清,杀菌剂,120ml/亩,2025-04-08,21,true
PS00020,P0020,三唑酮,杀菌剂,96ml/亩,2025-08-12,14,true
PS00021,P0022,三唑酮,杀菌剂,127ml/亩,2025-09-25,7,true
PS00022,P0022,多菌灵,杀菌剂,144ml/亩,2025-07-11,14,true
PS00023,P0023,三唑酮,杀菌剂,148ml/亩,2025-09-06,21,true
PS00024,P0024,苦参碱,生物农药,55ml/亩,2025-07-17,14,true
PS00025,P0026,敌敌畏,杀虫剂,70ml/亩,2025-04-06,14,false
PS00026,P0027,多菌灵,杀菌剂,99ml/亩,2025-06-01,21,true
PS00027,P0027,吡虫啉,杀虫剂,77ml/亩,2025-09-12,21,false
PS00028,P0028,多菌灵,杀菌剂,87ml/亩,2025-04-16,21,true
PS00029,P0028,代森锰锌,杀菌剂,61ml/亩,2025-04-17,21,true
PS00030,P0029,甲基托布津,杀菌剂,145ml/亩,2025-07-19,14,true
PS00031,P0029,甲基托布津,杀菌剂,128ml/亩,2025-08-17,14,true
PS00032,P0030,敌敌畏,杀虫剂,33ml/亩,2025-09-12,21,false
PS00033,P0030,甲基托布津,杀菌剂,59ml/亩,2025-06-20,14,true
PS00034,P0032,苦参碱,生物农药,53ml/亩,2025-09-18,21,true
PS00035,P0036,阿维菌素,生物农药,54ml/亩,2025-04-01,14,true
PS00036,P0036,阿维菌素,生物农药,93ml/亩,2025-05-07,14,true
PS00037,P0039,敌敌畏,杀虫剂,150ml/亩,2025-09-27,7,false
PS00038,P0042,甲胺磷,杀虫剂,141ml/亩,2025-07-18,14,false
PS00039,P0042,甲基托布津,杀菌剂,43ml/亩,2025-08-10,14,true
PS00040,P0043,多菌灵,杀菌剂,103ml/亩,2025-04-20,7,true
PS00041,P0043,苦参碱,生物农药,53ml/亩,2025-09-26,7,true
PS00042,P0045,百菌清,杀菌剂,70ml/亩,2025-09-21,14,true
PS00043,P0045,三唑酮,杀菌剂,140ml/亩,2025-07-12,14,true
PS00044,P0046,甲胺磷,杀虫剂,103ml/亩,2025-04-08,7,false
PS00045,P0046,多菌灵,杀菌剂,122ml/亩,2025-07-08,7,true
PS00046,P0047,代森锰锌,杀菌剂,38ml/亩,2025-08-25,21,true
PS00047,P0047,吡虫啉,杀虫剂,122ml/亩,2025-06-20,14,true
PS00048,P0048,百菌清,杀菌剂,74ml/亩,2025-08-19,14,true
PS00049,P0048,甲基托布津,杀菌剂,62ml/亩,2025-05-19,21,true
PS00050,P0049,代森锰锌,杀菌剂,40ml/亩,2025-07-23,21,true
PS00051,P0049,多菌灵,杀菌剂,50ml/亩,2025-06-15,21,true
PS00052,P0051,甲胺磷,杀虫剂,100ml/亩,2025-04-26,21,false
PS00053,P0053,代森锰锌,杀菌剂,117ml/亩,2025-07-18,14,true
PS00054,P0053,多菌灵,杀菌剂,129ml/亩,2025-04-24,7,true
PS00055,P0055,多菌灵,杀菌剂,97ml/亩,2025-05-11,14,true
PS00056,P0056,百菌清,杀菌剂,150ml/亩,2025-09-08,7,true
PS00057,P0056,吡虫啉,杀虫剂,79ml/亩,2025-07-13,14,true
PS00058,P0057,吡虫啉,杀虫剂,64ml/亩,2025-06-18,14,true
PS00059,P0058,甲基托布津,杀菌剂,56ml/亩,2025-07-12,7,true
PS00060,P0058,吡虫啉,杀虫剂,98ml/亩,2025-08-05,7,true
PS00061,P0059,苦参碱,生物农药,66ml/亩,2025-05-21,14,true
PS00062,P0061,甲基托布津,杀菌剂,78ml/亩,2025-06-24,21,true
PS00063,P0062,三唑酮,杀菌剂,126ml/亩,2025-04-20,7,true
PS00064,P0062,甲胺磷,杀虫剂,75ml/亩,2025-09-18,14,false
PS00065,P0063,多菌灵,杀菌剂,130ml/亩,2025-06-05,7,true
PS00066,P0064,百菌清,杀菌剂,51ml/亩,2025-06-18,7,true
PS00067,P0064,苦参碱,生物农药,69ml/亩,2025-08-09,7,true
PS00068,P0065,甲基托布津,杀菌剂,107ml/亩,2025-05-19,7,true
PS00069,P0066,三唑酮,杀菌剂,92ml/亩,2025-07-02,21,true
PS00070,P0067,三唑酮,杀菌剂,128ml/亩,2025-06-05,14,true
PS00071,P0067,甲胺磷,杀虫剂,77ml/亩,2025-04-22,21,false
PS00072,P0068,三唑酮,杀菌剂,122ml/亩,2025-04-25,7,true
PS00073,P0069,代森锰锌,杀菌剂,58ml/亩,2025-08-17,7,true
PS00074,P0071,吡虫啉,杀虫剂,69ml/亩,2025-04-28,7,true
PS00075,P0071,甲基托布津,杀菌剂,111ml/亩,2025-05-04,7,true
PS00076,P0072,甲胺磷,杀虫剂,129ml/亩,2025-05-17,21,false
PS00077,P0073,苦参碱,生物农药,85ml/亩,2025-05-18,21,true
PS00078,P0075,代森锰锌,杀菌剂,137ml/亩,2025-06-23,14,true
PS00079,P0075,吡虫啉,杀虫剂,135ml/亩,2025-06-24,14,true
PS00080,P0076,敌敌畏,杀虫剂,107ml/亩,2025-06-09,21,false
PS00081,P0076,苦参碱,生物农药,42ml/亩,2025-08-15,7,true
PS00082,P0078,阿维菌素,生物农药,100ml/亩,2025-04-06,7,true
PS00083,P0078,吡虫啉,杀虫剂,55ml/亩,2025-08-01,14,true
PS00084,P0080,三唑酮,杀菌剂,67ml/亩,2025-07-06,14,true
PS00085,P0081,甲基托布津,杀菌剂,42ml/亩,2025-05-17,7,true
PS00086,P0082,甲基托布津,杀菌剂,60ml/亩,2025-09-07,14,true
PS00087,P0083,甲基托布津,杀菌剂,117ml/亩,2025-05-03,7,true
PS00088,P0083,百菌清,杀菌剂,145ml/亩,2025-06-17,21,true
PS00089,P0084,阿维菌素,生物农药,117ml/亩,2025-05-08,21,true
PS00090,P0084,三唑酮,杀菌剂,34ml/亩,2025-06-11,21,true
PS00091,P0085,百菌清,杀菌剂,34ml/亩,2025-09-11,7,true
PS00092,P0087,三唑酮,杀菌剂,105ml/亩,2025-05-18,21,true
PS00093,P0091,百菌清,杀菌剂,48ml/亩,2025-05-11,14,true
PS00094,P0091,苦参碱,生物农药,78ml/亩,2025-08-07,7,true
PS00095,P0093,三唑酮,杀菌剂,64ml/亩,2025-06-21,21,true
PS00096,P0094,甲胺磷,杀虫剂,126ml/亩,2025-08-05,21,false
PS00097,P0094,敌敌畏,杀虫剂,71ml/亩,2025-08-20,7,false
PS00098,P0095,甲基托布津,杀菌剂,72ml/亩,2025-09-03,21,true
PS00099,P0095,代森锰锌,杀菌剂,104ml/亩,2025-07-22,21,true
PS00100,P0096,三唑酮,杀菌剂,127ml/亩,2025-05-08,7,true
PS00101,P0096,三唑酮,杀菌剂,80ml/亩,2025-05-21,7,true
PS00102,P0097,敌敌畏,杀虫剂,96ml/亩,2025-07-15,14,false
PS00103,P0098,敌敌畏,杀虫剂,79ml/亩,2025-08-24,14,false
PS00104,P0101,三唑酮,杀菌剂,34ml/亩,2025-07-15,7,true
PS00105,P0101,代森锰锌,杀菌剂,92ml/亩,2025-04-22,14,false
PS00106,P0102,敌敌畏,杀虫剂,146ml/亩,2025-08-28,14,false
PS00107,P0102,吡虫啉,杀虫剂,91ml/亩,2025-05-09,7,true
PS00108,P0104,苦参碱,生物农药,71ml/亩,2025-09-06,14,true
PS00109,P0104,代森锰锌,杀菌剂,87ml/亩,2025-09-15,7,true
PS00110,P0105,甲基托布津,杀菌剂,33ml/亩,2025-04-19,21,true
PS00111,P0107,苦参碱,生物农药,75ml/亩,2025-04-03,14,true
PS00112,P0108,吡虫啉,杀虫剂,115ml/亩,2025-05-03,14,true
PS00113,P0109,阿维菌素,生物农药,99ml/亩,2025-08-03,21,true
PS00114,P0109,百菌清,杀菌剂,98ml/亩,2025-05-11,7,true
PS00115,P0111,吡虫啉,杀虫剂,32ml/亩,2025-07-27,7,true
PS00116,P0111,代森锰锌,杀菌剂,38ml/亩,2025-05-22,21,true
PS00117,P0112,甲胺磷,杀虫剂,116ml/亩,2025-06-19,21,false
PS00118,P0112,代森锰锌,杀菌剂,125ml/亩,2025-07-10,14,true
PS00119,P0113,甲基托布津,杀菌剂,43ml/亩,2025-04-23,21,true
PS00120,P0115,多菌灵,杀菌剂,130ml/亩,2025-07-09,21,true
PS00121,P0117,甲胺磷,杀虫剂,51ml/亩,2025-05-23,21,false
PS00122,P0121,甲基托布津,杀菌剂,149ml/亩,2025-04-25,7,true
PS00123,P0123,苦参碱,生物农药,34ml/亩,2025-04-17,21,true
PS00124,P0124,代森锰锌,杀菌剂,61ml/亩,2025-04-08,14,true
PS00125,P0124,甲基托布津,杀菌剂,60ml/亩,2025-07-21,21,true
PS00126,P0125,阿维菌素,生物农药,93ml/亩,2025-06-27,21,true
PS00127,P0128,敌敌畏,杀虫剂,30ml/亩,2025-06-11,14,false
PS00128,P0129,吡虫啉,杀虫剂,84ml/亩,2025-05-17,21,true
PS00129,P0131,吡虫啉,杀虫剂,52ml/亩,2025-07-25,21,true
PS00130,P0131,百菌清,杀菌剂,100ml/亩,2025-07-11,21,true
PS00131,P0132,三唑酮,杀菌剂,111ml/亩,2025-05-01,7,true
PS00132,P0132,阿维菌素,生物农药,95ml/亩,2025-04-02,21,true
PS00133,P0133,苦参碱,生物农药,111ml/亩,2025-06-19,7,true
PS00134,P0134,甲胺磷,杀虫剂,92ml/亩,2025-05-01,7,false
PS00135,P0134,百菌清,杀菌剂,67ml/亩,2025-06-15,7,true
PS00136,P0136,代森锰锌,杀菌剂,72ml/亩,2025-04-14,21,true
PS00137,P0136,甲基托布津,杀菌剂,38ml/亩,2025-07-24,14,true
PS00138,P0138,甲基托布津,杀菌剂,135ml/亩,2025-04-05,21,true
PS00139,P0138,代森锰锌,杀菌剂,40ml/亩,2025-05-19,7,true
PS00140,P0139,苦参碱,生物农药,132ml/亩,2025-05-19,21,true
PS00141,P0140,代森锰锌,杀菌剂,129ml/亩,2025-06-10,7,true
PS00142,P0141,敌敌畏,杀虫剂,121ml/亩,2025-07-06,7,false
PS00143,P0142,代森锰锌,杀菌剂,141ml/亩,2025-06-21,7,true
PS00144,P0143,吡虫啉,杀虫剂,149ml/亩,2025-07-26,21,false
PS00145,P0144,代森锰锌,杀菌剂,50ml/亩,2025-05-03,21,true
PS00146,P0144,阿维菌素,生物农药,114ml/亩,2025-07-08,21,true
PS00147,P0147,敌敌畏,杀虫剂,129ml/亩,2025-08-07,14,false
PS00148,P0148,甲基托布津,杀菌剂,143ml/亩,2025-06-09,14,false
PS00149,P0150,三唑酮,杀菌剂,143ml/亩,2025-06-25,21,true
PS00150,P0150,苦参碱,生物农药,146ml/亩,2025-06-04,7,false
PS00151,P0151,阿维菌素,生物农药,114ml/亩,2025-07-03,21,true
PS00152,P0151,三唑酮,杀菌剂,110ml/亩,2025-06-27,7,true
PS00153,P0153,百菌清,杀菌剂,128ml/亩,2025-09-21,21,true
PS00154,P0154,敌敌畏,杀虫剂,81ml/亩,2025-06-25,14,false
PS00155,P0156,多菌灵,杀菌剂,37ml/亩,2025-06-27,14,true
PS00156,P0159,苦参碱,生物农药,37ml/亩,2025-05-03,21,true
PS00157,P0160,甲胺磷,杀虫剂,46ml/亩,2025-07-27,7,false
PS00158,P0161,吡虫啉,杀虫剂,73ml/亩,2025-05-23,14,true
PS00159,P0161,三唑酮,杀菌剂,117ml/亩,2025-05-14,21,true
PS00160,P0162,多菌灵,杀菌剂,61ml/亩,2025-04-03,14,true
PS00161,P0164,多菌灵,杀菌剂,78ml/亩,2025-04-07,7,true
PS00162,P0164,甲基托布津,杀菌剂,52ml/亩,2025-05-14,21,true
PS00163,P0165,敌敌畏,杀虫剂,62ml/亩,2025-05-26,14,false
PS00164,P0168,代森锰锌,杀菌剂,122ml/亩,2025-04-04,7,true
PS00165,P0168,甲胺磷,杀虫剂,91ml/亩,2025-06-03,21,false
PS00166,P0171,敌敌畏,杀虫剂,105ml/亩,2025-07-09,14,false
PS00167,P0174,敌敌畏,杀虫剂,83ml/亩,2025-07-28,7,false
PS00168,P0174,多菌灵,杀菌剂,45ml/亩,2025-07-02,7,true
PS00169,P0175,百菌清,杀菌剂,37ml/亩,2025-04-19,7,true
PS00170,P0176,多菌灵,杀菌剂,88ml/亩,2025-09-09,21,true
PS00171,P0176,甲基托布津,杀菌剂,147ml/亩,2025-09-05,21,true
PS00172,P0180,百菌清,杀菌剂,68ml/亩,2025-07-02,7,true
PS00173,P0180,阿维菌素,生物农药,132ml/亩,2025-06-11,21,true
PS00174,P0181,甲基托布津,杀菌剂,138ml/亩,2025-08-19,21,true
PS00175,P0182,敌敌畏,杀虫剂,44ml/亩,2025-05-11,7,false
PS00176,P0183,代森锰锌,杀菌剂,145ml/亩,2025-06-09,21,true
PS00177,P0183,甲基托布津,杀菌剂,46ml/亩,2025-09-08,21,true
PS00178,P0184,三唑酮,杀菌剂,139ml/亩,2025-05-13,7,true
PS00179,P0184,三唑酮,杀菌剂,77ml/亩,2025-07-15,7,true
PS00180,P0185,阿维菌素,生物农药,118ml/亩,2025-09-17,21,true
PS00181,P0186,阿维菌素,生物农药,50ml/亩,2025-09-19,7,true
PS00182,P0186,敌敌畏,杀虫剂,48ml/亩,2025-09-25,7,false
PS00183,P0187,多菌灵,杀菌剂,57ml/亩,2025-08-23,7,false
PS00184,P0187,代森锰锌,杀菌剂,50ml/亩,2025-07-22,21,true
PS00185,P0188,苦参碱,生物农药,33ml/亩,2025-04-03,7,true
PS00186,P0189,甲胺磷,杀虫剂,73ml/亩,2025-07-09,14,false
PS00187,P0190,代森锰锌,杀菌剂,84ml/亩,2025-06-07,21,true
PS00188,P0190,三唑酮,杀菌剂,110ml/亩,2025-06-20,21,true
PS00189,P0191,多菌灵,杀菌剂,121ml/亩,2025-07-01,7,true
PS00190,P0192,三唑酮,杀菌剂,86ml/亩,2025-06-27,7,true
PS00191,P0192,多菌灵,杀菌剂,133ml/亩,2025-06-23,7,true
PS00192,P0194,三唑酮,杀菌剂,43ml/亩,2025-06-23,21,true
PS00193,P0194,百菌清,杀菌剂,143ml/亩,2025-05-04,21,true
PS00194,P0195,甲胺磷,杀虫剂,150ml/亩,2025-04-22,7,false
PS00195,P0195,阿维菌素,生物农药,95ml/亩,2025-09-10,14,true
PS00196,P0196,百菌清,杀菌剂,137ml/亩,2025-04-03,14,true
PS00197,P0197,吡虫啉,杀虫剂,68ml/亩,2025-06-20,7,true
PS00198,P0197,甲基托布津,杀菌剂,68ml/亩,2025-06-09,14,true
PS00199,P0198,苦参碱,生物农药,133ml/亩,2025-08-22,21,true
PS00200,P0198,代森锰锌,杀菌剂,94ml/亩,2025-05-04,7,true
PS00201,P0199,甲基托布津,杀菌剂,55ml/亩,2025-04-20,7,true
PS00202,P0199,吡虫啉,杀虫剂,70ml/亩,2025-09-20,14,true
PS00203,P0200,甲胺磷,杀虫剂,146ml/亩,2025-07-27,14,false
PS00204,P0201,三唑酮,杀菌剂,43ml/亩,2025-08-08,14,true
PS00205,P0201,三唑酮,杀菌剂,98ml/亩,2025-07-11,21,true
PS00206,P0202,三唑酮,杀菌剂,98ml/亩,2025-08-19,21,true
PS00207,P0203,敌敌畏,杀虫剂,64ml/亩,2025-06-18,14,false
PS00208,P0203,多菌灵,杀菌剂,112ml/亩,2025-08-20,21,true
PS00209,P0204,代森锰锌,杀菌剂,93ml/亩,2025-06-22,7,true
PS00210,P0204,苦参碱,生物农药,33ml/亩,2025-05-05,14,false
PS00211,P0205,多菌灵,杀菌剂,92ml/亩,2025-09-15,21,true
PS00212,P0206,敌敌畏,杀虫剂,54ml/亩,2025-04-28,14,false
PS00213,P0206,代森锰锌,杀菌剂,64ml/亩,2025-04-21,21,true
PS00214,P0207,甲基托布津,杀菌剂,137ml/亩,2025-07-18,21,true
PS00215,P0207,多菌灵,杀菌剂,102ml/亩,2025-07-10,14,true
PS00216,P0208,吡虫啉,杀虫剂,148ml/亩,2025-05-20,7,true
PS00217,P0208,三唑酮,杀菌剂,142ml/亩,2025-08-21,7,true
PS00218,P0209,阿维菌素,生物农药,81ml/亩,2025-04-05,7,true
PS00219,P0209,敌敌畏,杀虫剂,127ml/亩,2025-05-23,7,false
PS00220,P0210,多菌灵,杀菌剂,40ml/亩,2025-09-22,14,true
PS00221,P0210,甲胺磷,杀虫剂,114ml/亩,2025-08-08,7,false
PS00222,P0211,甲胺磷,杀虫剂,41ml/亩,2025-06-25,21,false
PS00223,P0212,百菌清,杀菌剂,92ml/亩,2025-04-26,14,true
PS00224,P0213,多菌灵,杀菌剂,120ml/亩,2025-09-19,21,true
PS00225,P0213,三唑酮,杀菌剂,97ml/亩,2025-05-21,14,true
PS00226,P0214,甲胺磷,杀虫剂,92ml/亩,2025-04-17,21,false
PS00227,P0218,百菌清,杀菌剂,146ml/亩,2025-08-03,7,true
PS00228,P0219,代森锰锌,杀菌剂,52ml/亩,2025-04-04,21,true
PS00229,P0219,吡虫啉,杀虫剂,137ml/亩,2025-05-17,7,true
PS00230,P0220,三唑酮,杀菌剂,135ml/亩,2025-09-25,21,true
PS00231,P0220,阿维菌素,生物农药,47ml/亩,2025-08-03,7,true
PS00232,P0221,敌敌畏,杀虫剂,105ml/亩,2025-06-05,14,false
PS00233,P0223,百菌清,杀菌剂,67ml/亩,2025-06-01,14,true
PS00234,P0223,多菌灵,杀菌剂,113ml/亩,2025-08-03,7,true
PS00235,P0224,代森锰锌,杀菌剂,93ml/亩,2025-09-18,14,true
PS00236,P0224,甲胺磷,杀虫剂,65ml/亩,2025-05-08,7,false
PS00237,P0225,吡虫啉,杀虫剂,77ml/亩,2025-07-15,21,true
PS00238,P0225,甲胺磷,杀虫剂,62ml/亩,2025-04-28,7,false
PS00239,P0228,阿维菌素,生物农药,137ml/亩,2025-08-16,21,true
PS00240,P0230,阿维菌素,生物农药,144ml/亩,2025-08-04,7,true
PS00241,P0231,甲基托布津,杀菌剂,74ml/亩,2025-05-10,14,true
PS00242,P0233,吡虫啉,杀虫剂,50ml/亩,2025-07-19,14,true
PS00243,P0234,代森锰锌,杀菌剂,82ml/亩,2025-04-24,21,true
PS00244,P0234,敌敌畏,杀虫剂,142ml/亩,2025-08-04,14,false
PS00245,P0235,三唑酮,杀菌剂,93ml/亩,2025-07-03,14,true
PS00246,P0237,三唑酮,杀菌剂,46ml/亩,2025-08-03,7,true
PS00247,P0238,甲基托布津,杀菌剂,32ml/亩,2025-05-03,7,true
PS00248,P0239,多菌灵,杀菌剂,46ml/亩,2025-06-22,21,true
PS00249,P0239,三唑酮,杀菌剂,133ml/亩,2025-09-01,14,true
PS00250,P0242,敌敌畏,杀虫剂,88ml/亩,2025-07-14,7,false
PS00251,P0243,阿维菌素,生物农药,47ml/亩,2025-08-20,7,false
PS00252,P0243,吡虫啉,杀虫剂,52ml/亩,2025-06-18,14,true
PS00253,P0244,代森锰锌,杀菌剂,63ml/亩,2025-07-08,21,true
PS00254,P0245,多菌灵,杀菌剂,107ml/亩,2025-06-14,21,true
PS00255,P0247,苦参碱,生物农药,148ml/亩,2025-06-04,14,true
PS00256,P0248,苦参碱,生物农药,128ml/亩,2025-09-17,7,true
PS00257,P0248,阿维菌素,生物农药,129ml/亩,2025-06-13,21,true
PS00258,P0249,多菌灵,杀菌剂,142ml/亩,2025-08-17,21,true
PS00259,P0249,甲基托布津,杀菌剂,62ml/亩,2025-08-14,21,true
PS00260,P0250,三唑酮,杀菌剂,64ml/亩,2025-05-01,14,true
PS00261,P0250,甲基托布津,杀菌剂,66ml/亩,2025-07-10,14,true
PS00262,P0251,甲胺磷,杀虫剂,107ml/亩,2025-08-09,14,false
PS00263,P0252,甲胺磷,杀虫剂,60ml/亩,2025-06-17,7,false
PS00264,P0252,甲基托布津,杀菌剂,33ml/亩,2025-05-28,21,true
PS00265,P0253,百菌清,杀菌剂,44ml/亩,2025-07-09,14,true
PS00266,P0254,三唑酮,杀菌剂,78ml/亩,2025-06-23,14,true
PS00267,P0254,苦参碱,生物农药,145ml/亩,2025-08-25,14,true
PS00268,P0256,苦参碱,生物农药,79ml/亩,2025-04-10,14,true
PS00269,P0256,吡虫啉,杀虫剂,142ml/亩,2025-04-06,7,true
PS00270,P0260,甲基托布津,杀菌剂,136ml/亩,2025-09-15,7,true
PS00271,P0260,百菌清,杀菌剂,65ml/亩,2025-08-26,7,true
PS00272,P0262,敌敌畏,杀虫剂,91ml/亩,2025-09-27,21,false
PS00273,P0263,阿维菌素,生物农药,35ml/亩,2025-06-02,14,true
PS00274,P0265,甲胺磷,杀虫剂,132ml/亩,2025-08-13,7,false
PS00275,P0265,多菌灵,杀菌剂,40ml/亩,2025-07-16,7,true
PS00276,P0266,代森锰锌,杀菌剂,73ml/亩,2025-08-26,7,true
PS00277,P0266,多菌灵,杀菌剂,114ml/亩,2025-09-16,7,true
PS00278,P0267,三唑酮,杀菌剂,138ml/亩,2025-08-24,7,true
PS00279,P0267,百菌清,杀菌剂,133ml/亩,2025-08-04,21,true
PS00280,P0268,阿维菌素,生物农药,78ml/亩,2025-08-24,21,true
PS00281,P0269,苦参碱,生物农药,149ml/亩,2025-08-26,21,false
PS00282,P0270,吡虫啉,杀虫剂,61ml/亩,2025-07-05,14,true
PS00283,P0270,敌敌畏,杀虫剂,127ml/亩,2025-05-12,7,false
PS00284,P0272,甲胺磷,杀虫剂,89ml/亩,2025-04-01,14,false
PS00285,P0275,吡虫啉,杀虫剂,148ml/亩,2025-06-15,21,true
PS00286,P0279,百菌清,杀菌剂,101ml/亩,2025-08-23,21,true
PS00287,P0280,苦参碱,生物农药,138ml/亩,2025-06-05,14,true
PS00288,P0281,阿维菌素,生物农药,32ml/亩,2025-08-03,7,true
PS00289,P0282,三唑酮,杀菌剂,63ml/亩,2025-08-18,7,true
PS00290,P0282,苦参碱,生物农药,131ml/亩,2025-06-01,21,true
PS00291,P0283,甲基托布津,杀菌剂,135ml/亩,2025-06-08,7,true
PS00292,P0283,百菌清,杀菌剂,88ml/亩,2025-06-21,14,true
PS00293,P0284,甲基托布津,杀菌剂,51ml/亩,2025-08-22,21,true
PS00294,P0286,吡虫啉,杀虫剂,102ml/亩,2025-08-28,21,true
PS00295,P0287,代森锰锌,杀菌剂,108ml/亩,2025-07-14,14,false
PS00296,P0287,多菌灵,杀菌剂,116ml/亩,2025-06-28,21,true
PS00297,P0289,敌敌畏,杀虫剂,61ml/亩,2025-06-14,7,false
PS00298,P0289,吡虫啉,杀虫剂,78ml/亩,2025-07-16,21,true
PS00299,P0290,甲胺磷,杀虫剂,69ml/亩,2025-04-25,21,false
PS00300,P0291,甲基托布津,杀菌剂,88ml/亩,2025-08-27,7,true
PS00301,P0294,吡虫啉,杀虫剂,121ml/亩,2025-04-18,14,true
PS00302,P0295,甲胺磷,杀虫剂,101ml/亩,2025-08-20,21,false
PS00303,P0295,吡虫啉,杀虫剂,130ml/亩,2025-05-06,7,true
PS00304,P0298,甲胺磷,杀虫剂,44ml/亩,2025-08-16,14,false
PS00305,P0298,甲胺磷,杀虫剂,146ml/亩,2025-07-11,7,false
PS00306,P0300,吡虫啉,杀虫剂,125ml/亩,2025-04-11,7,true
PS00307,P0301,阿维菌素,生物农药,136ml/亩,2025-06-05,7,true
PS00308,P0303,苦参碱,生物农药,50ml/亩,2025-06-17,14,true
PS00309,P0305,甲胺磷,杀虫剂,86ml/亩,2025-08-14,14,false
PS00310,P0306,百菌清,杀菌剂,89ml/亩,2025-04-21,7,true
PS00311,P0308,百菌清,杀菌剂,47ml/亩,2025-08-04,7,true
PS00312,P0308,甲胺磷,杀虫剂,58ml/亩,2025-06-26,21,false
PS00313,P0309,阿维菌素,生物农药,36ml/亩,2025-06-12,14,true
PS00314,P0309,甲胺磷,杀虫剂,78ml/亩,2025-07-02,7,false
PS00315,P0312,甲胺磷,杀虫剂,61ml/亩,2025-06-12,7,false
PS00316,P0312,苦参碱,生物农药,84ml/亩,2025-09-17,14,true
PS00317,P0314,阿维菌素,生物农药,42ml/亩,2025-08-21,21,true
PS00318,P0314,百菌清,杀菌剂,42ml/亩,2025-07-13,7,true
PS00319,P0315,三唑酮,杀菌剂,114ml/亩,2025-06-18,14,true
PS00320,P0316,多菌灵,杀菌剂,73ml/亩,2025-09-11,14,true
PS00321,P0316,三唑酮,杀菌剂,41ml/亩,2025-06-04,21,true
PS00322,P0318,代森锰锌,杀菌剂,96ml/亩,2025-06-13,7,true
PS00323,P0319,代森锰锌,杀菌剂,145ml/亩,2025-09-24,7,true
PS00324,P0319,多菌灵,杀菌剂,84ml/亩,2025-06-13,14,true
PS00325,P0321,多菌灵,杀菌剂,51ml/亩,2025-09-13,7,true
PS00326,P0321,敌敌畏,杀虫剂,33ml/亩,2025-06-14,14,false
PS00327,P0322,甲基托布津,杀菌剂,102ml/亩,2025-04-15,21,true
PS00328,P0323,甲基托布津,杀菌剂,79ml/亩,2025-06-20,14,true
PS00329,P0327,苦参碱,生物农药,50ml/亩,2025-07-27,7,true
PS00330,P0330,甲胺磷,杀虫剂,147ml/亩,2025-09-11,14,false
PS00331,P0330,敌敌畏,杀虫剂,109ml/亩,2025-06-28,21,false
PS00332,P0332,代森锰锌,杀菌剂,126ml/亩,2025-04-14,14,true
PS00333,P0332,百菌清,杀菌剂,106ml/亩,2025-09-20,14,true
PS00334,P0333,多菌灵,杀菌剂,115ml/亩,2025-08-13,14,true
PS00335,P0334,阿维菌素,生物农药,49ml/亩,2025-04-08,14,true
PS00336,P0334,吡虫啉,杀虫剂,113ml/亩,2025-06-14,7,true
PS00337,P0336,代森锰锌,杀菌剂,130ml/亩,2025-05-27,14,true
PS00338,P0336,敌敌畏,杀虫剂,142ml/亩,2025-07-10,7,false
PS00339,P0338,甲基托布津,杀菌剂,83ml/亩,2025-07-01,14,true
PS00340,P0338,阿维菌素,生物农药,73ml/亩,2025-08-16,21,true
PS00341,P0339,代森锰锌,杀菌剂,61ml/亩,2025-06-20,21,true
PS00342,P0339,吡虫啉,杀虫剂,91ml/亩,2025-07-06,21,true
PS00343,P0340,甲胺磷,杀虫剂,139ml/亩,2025-05-22,14,false
PS00344,P0340,阿维菌素,生物农药,64ml/亩,2025-04-27,7,true
PS00345,P0341,苦参碱,生物农药,135ml/亩,2025-08-14,7,true
PS00346,P0341,苦参碱,生物农药,65ml/亩,2025-08-08,14,true
PS00347,P0344,百菌清,杀菌剂,99ml/亩,2025-07-12,14,true
PS00348,P0344,敌敌畏,杀虫剂,85ml/亩,2025-07-02,21,false
PS00349,P0345,吡虫啉,杀虫剂,136ml/亩,2025-05-06,21,true
PS00350,P0346,代森锰锌,杀菌剂,44ml/亩,2025-06-05,21,true
PS00351,P0346,百菌清,杀菌剂,101ml/亩,2025-08-22,14,true
PS00352,P0347,阿维菌素,生物农药,30ml/亩,2025-07-27,7,true
PS00353,P0347,甲胺磷,杀虫剂,76ml/亩,2025-08-06,14,false
PS00354,P0348,吡虫啉,杀虫剂,80ml/亩,2025-08-07,21,true
PS00355,P0350,苦参碱,生物农药,65ml/亩,2025-09-22,14,true
PS00356,P0352,甲胺磷,杀虫剂,65ml/亩,2025-09-08,21,false
PS00357,P0353,阿维菌素,生物农药,72ml/亩,2025-06-02,14,true
PS00358,P0355,三唑酮,杀菌剂,140ml/亩,2025-08-18,14,true
PS00359,P0356,百菌清,杀菌剂,88ml/亩,2025-08-20,7,true
PS00360,P0357,多菌灵,杀菌剂,89ml/亩,2025-04-25,7,true
PS00361,P0358,阿维菌素,生物农药,92ml/亩,2025-09-28,14,true
PS00362,P0359,吡虫啉,杀虫剂,141ml/亩,2025-05-21,21,true
PS00363,P0359,代森锰锌,杀菌剂,68ml/亩,2025-09-20,7,true
PS00364,P0360,苦参碱,生物农药,133ml/亩,2025-06-11,14,true
PS00365,P0360,苦参碱,生物农药,146ml/亩,2025-08-26,21,true
PS00366,P0361,苦参碱,生物农药,99ml/亩,2025-06-19,14,true
PS00367,P0361,吡虫啉,杀虫剂,136ml/亩,2025-05-20,21,true
PS00368,P0363,百菌清,杀菌剂,61ml/亩,2025-06-09,21,true
PS00369,P0364,百菌清,杀菌剂,43ml/亩,2025-09-14,7,true
PS00370,P0365,吡虫啉,杀虫剂,36ml/亩,2025-06-05,14,true
PS00371,P0365,吡虫啉,杀虫剂,112ml/亩,2025-07-27,21,true
PS00372,P0366,甲胺磷,杀虫剂,93ml/亩,2025-06-13,7,false
PS00373,P0366,吡虫啉,杀虫剂,88ml/亩,2025-07-20,21,true
PS00374,P0367,代森锰锌,杀菌剂,60ml/亩,2025-09-15,7,true
PS00375,P0369,苦参碱,生物农药,137ml/亩,2025-06-10,21,true
PS00376,P0372,敌敌畏,杀虫剂,142ml/亩,2025-08-25,14,false
PS00377,P0375,甲基托布津,杀菌剂,105ml/亩,2025-06-26,7,true
PS00378,P0375,吡虫啉,杀虫剂,59ml/亩,2025-06-07,14,true
PS00379,P0376,三唑酮,杀菌剂,121ml/亩,2025-08-25,7,false
PS00380,P0377,百菌清,杀菌剂,52ml/亩,2025-08-27,7,true
PS00381,P0378,三唑酮,杀菌剂,65ml/亩,2025-07-03,14,true
PS00382,P0379,代森锰锌,杀菌剂,116ml/亩,2025-06-22,14,true
PS00383,P0381,多菌灵,杀菌剂,114ml/亩,2025-08-07,14,true
PS00384,P0383,敌敌畏,杀虫剂,53ml/亩,2025-05-06,21,false
PS00385,P0383,三唑酮,杀菌剂,54ml/亩,2025-06-24,7,true
PS00386,P0385,苦参碱,生物农药,124ml/亩,2025-06-14,21,true
PS00387,P0385,甲胺磷,杀虫剂,127ml/亩,2025-06-14,14,false
PS00388,P0386,三唑酮,杀菌剂,78ml/亩,2025-08-27,7,true
PS00389,P0386,吡虫啉,杀虫剂,138ml/亩,2025-05-26,7,true
PS00390,P0387,三唑酮,杀菌剂,135ml/亩,2025-08-23,14,true
PS00391,P0387,吡虫啉,杀虫剂,135ml/亩,2025-09-25,14,true
PS00392,P0388,百菌清,杀菌剂,84ml/亩,2025-09-15,21,true
PS00393,P0388,甲基托布津,杀菌剂,75ml/亩,2025-09-09,14,true
PS00394,P0389,多菌灵,杀菌剂,133ml/亩,2025-08-16,7,true
PS00395,P0389,吡虫啉,杀虫剂,137ml/亩,2025-09-13,7,false
PS00396,P0390,甲胺磷,杀虫剂,107ml/亩,2025-09-08,7,false
PS00397,P0393,甲基托布津,杀菌剂,57ml/亩,2025-06-13,7,true
PS00398,P0393,吡虫啉,杀虫剂,123ml/亩,2025-06-01,7,true
PS00399,P0394,甲胺磷,杀虫剂,150ml/亩,2025-05-28,14,false
PS00400,P0394,敌敌畏,杀虫剂,128ml/亩,2025-09-03,14,false
PS00401,P0395,百菌清,杀菌剂,129ml/亩,2025-09-10,14,true
PS00402,P0396,百菌清,杀菌剂,77ml/亩,2025-09-10,7,false
PS00403,P0396,苦参碱,生物农药,127ml/亩,2025-08-01,21,true
PS00404,P0398,甲胺磷,杀虫剂,33ml/亩,2025-09-24,14,false
PS00405,P0399,吡虫啉,杀虫剂,64ml/亩,2025-04-08,14,true
PS00406,P0399,阿维菌素,生物农药,133ml/亩,2025-08-08,14,true
PS00407,P0400,吡虫啉,杀虫剂,64ml/亩,2025-07-17,21,true
PS00408,P0402,甲胺磷,杀虫剂,116ml/亩,2025-06-22,14,false
PS00409,P0402,苦参碱,生物农药,50ml/亩,2025-06-27,21,true
PS00410,P0404,百菌清,杀菌剂,105ml/亩,2025-08-11,21,true
PS00411,P0409,三唑酮,杀菌剂,125ml/亩,2025-04-01,21,true
PS00412,P0411,阿维菌素,生物农药,95ml/亩,2025-08-07,21,true
PS00413,P0412,苦参碱,生物农药,126ml/亩,2025-08-16,21,true
PS00414,P0412,苦参碱,生物农药,39ml/亩,2025-08-16,7,true
PS00415,P0413,阿维菌素,生物农药,115ml/亩,2025-07-15,14,true
PS00416,P0414,代森锰锌,杀菌剂,81ml/亩,2025-06-01,14,true
PS00417,P0415,多菌灵,杀菌剂,120ml/亩,2025-08-18,21,true
PS00418,P0416,甲胺磷,杀虫剂,63ml/亩,2025-09-16,7,false
PS00419,P0417,多菌灵,杀菌剂,131ml/亩,2025-06-01,21,false
PS00420,P0418,甲胺磷,杀虫剂,64ml/亩,2025-08-10,14,false
PS00421,P0419,三唑酮,杀菌剂,131ml/亩,2025-08-18,7,true
PS00422,P0419,多菌灵,杀菌剂,70ml/亩,2025-04-07,21,true
PS00423,P0424,甲胺磷,杀虫剂,144ml/亩,2025-04-01,14,false
PS00424,P0424,敌敌畏,杀虫剂,59ml/亩,2025-09-09,21,false
PS00425,P0426,代森锰锌,杀菌剂,55ml/亩,2025-08-08,14,true
PS00426,P0426,三唑酮,杀菌剂,111ml/亩,2025-07-19,21,true
PS00427,P0427,甲基托布津,杀菌剂,32ml/亩,2025-06-01,7,true
PS00428,P0427,甲基托布津,杀菌剂,49ml/亩,2025-09-25,21,true
PS00429,P0428,甲胺磷,杀虫剂,50ml/亩,2025-07-10,14,false
PS00430,P0429,甲胺磷,杀虫剂,82ml/亩,2025-09-11,14,false
PS00431,P0429,甲基托布津,杀菌剂,56ml/亩,2025-07-10,7,true
PS00432,P0431,苦参碱,生物农药,110ml/亩,2025-05-02,7,true
PS00433,P0431,百菌清,杀菌剂,42ml/亩,2025-09-06,7,true
PS00434,P0432,阿维菌素,生物农药,49ml/亩,2025-04-09,21,true
PS00435,P0432,阿维菌素,生物农药,65ml/亩,2025-04-19,7,true
PS00436,P0433,苦参碱,生物农药,36ml/亩,2025-05-12,21,false
PS00437,P0434,百菌清,杀菌剂,41ml/亩,2025-06-03,21,true
PS00438,P0434,敌敌畏,杀虫剂,132ml/亩,2025-06-04,21,false
PS00439,P0435,阿维菌素,生物农药,70ml/亩,2025-08-28,7,true
PS00440,P0438,吡虫啉,杀虫剂,103ml/亩,2025-05-16,21,true
PS00441,P0438,苦参碱,生物农药,44ml/亩,2025-06-07,21,true
PS00442,P0440,甲基托布津,杀菌剂,138ml/亩,2025-06-07,21,true
PS00443,P0440,甲胺磷,杀虫剂,92ml/亩,2025-08-21,14,false
PS00444,P0443,百菌清,杀菌剂,91ml/亩,2025-04-04,7,true
PS00445,P0444,多菌灵,杀菌剂,87ml/亩,2025-05-20,21,true
PS00446,P0444,阿维菌素,生物农药,137ml/亩,2025-07-02,21,true
PS00447,P0445,百菌清,杀菌剂,100ml/亩,2025-09-05,7,true
PS00448,P0446,甲胺磷,杀虫剂,126ml/亩,2025-08-06,14,false
PS00449,P0446,甲胺磷,杀虫剂,70ml/亩,2025-04-23,14,false
PS00450,P0448,百菌清,杀菌剂,94ml/亩,2025-09-27,21,true
PS00451,P0449,敌敌畏,杀虫剂,81ml/亩,2025-04-23,14,false
PS00452,P0451,代森锰锌,杀菌剂,40ml/亩,2025-06-04,14,true
PS00453,P0453,阿维菌素,生物农药,39ml/亩,2025-08-19,14,true
PS00454,P0454,代森锰锌,杀菌剂,138ml/亩,2025-04-05,7,true
PS00455,P0454,多菌灵,杀菌剂,78ml/亩,2025-06-18,7,true
PS00456,P0455,三唑酮,杀菌剂,105ml/亩,2025-08-02,14,true
PS00457,P0455,多菌灵,杀菌剂,130ml/亩,2025-05-27,7,true
PS00458,P0456,三唑酮,杀菌剂,149ml/亩,2025-07-14,7,true
PS00459,P0456,三唑酮,杀菌剂,109ml/亩,2025-04-04,14,true
PS00460,P0457,代森锰锌,杀菌剂,78ml/亩,2025-06-16,14,true
PS00461,P0459,敌敌畏,杀虫剂,77ml/亩,2025-07-24,14,false
PS00462,P0460,苦参碱,生物农药,65ml/亩,2025-08-26,21,true
PS00463,P0460,阿维菌素,生物农药,147ml/亩,2025-07-10,7,true
PS00464,P0461,甲基托布津,杀菌剂,48ml/亩,2025-07-06,21,true
PS00465,P0462,吡虫啉,杀虫剂,92ml/亩,2025-07-07,14,true
PS00466,P0463,三唑酮,杀菌剂,96ml/亩,2025-07-04,7,true
PS00467,P0464,多菌灵,杀菌剂,131ml/亩,2025-04-18,21,true
PS00468,P0465,甲胺磷,杀虫剂,133ml/亩,2025-09-25,14,false
PS00469,P0466,甲胺磷,杀虫剂,56ml/亩,2025-08-16,21,false
PS00470,P0466,苦参碱,生物农药,35ml/亩,2025-06-17,14,true
PS00471,P0468,甲胺磷,杀虫剂,51ml/亩,2025-09-02,21,false
PS00472,P0469,多菌灵,杀菌剂,111ml/亩,2025-04-10,21,true
PS00473,P0471,敌敌畏,杀虫剂,92ml/亩,2025-05-16,7,false
PS00474,P0471,敌敌畏,杀虫剂,65ml/亩,2025-04-07,7,false
PS00475,P0472,三唑酮,杀菌剂,71ml/亩,2025-05-19,21,true
PS00476,P0473,苦参碱,生物农药,45ml/亩,2025-09-15,7,true
PS00477,P0474,多菌灵,杀菌剂,50ml/亩,2025-04-05,7,true
PS00478,P0474,甲基托布津,杀菌剂,72ml/亩,2025-09-05,7,true
PS00479,P0475,三唑酮,杀菌剂,59ml/亩,2025-05-27,21,true
PS00480,P0477,三唑酮,杀菌剂,138ml/亩,2025-07-16,14,true
PS00481,P0479,甲基托布津,杀菌剂,112ml/亩,2025-09-17,14,true
PS00482,P0482,甲基托布津,杀菌剂,67ml/亩,2025-06-12,21,true
PS00483,P0482,三唑酮,杀菌剂,34ml/亩,2025-06-15,21,true
PS00484,P0484,甲基托布津,杀菌剂,74ml/亩,2025-07-15,7,true
PS00485,P0484,百菌清,杀菌剂,79ml/亩,2025-07-17,21,true
PS00486,P0486,敌敌畏,杀虫剂,35ml/亩,2025-04-16,7,false
PS00487,P0487,代森锰锌,杀菌剂,98ml/亩,2025-06-19,14,true
PS00488,P0487,阿维菌素,生物农药,76ml/亩,2025-06-22,7,true
PS00489,P0488,阿维菌素,生物农药,92ml/亩,2025-07-13,21,true
PS00490,P0488,代森锰锌,杀菌剂,62ml/亩,2025-09-11,21,true
PS00491,P0489,甲胺磷,杀虫剂,145ml/亩,2025-04-02,21,false
PS00492,P0489,吡虫啉,杀虫剂,66ml/亩,2025-08-06,7,true
PS00493,P0491,苦参碱,生物农药,35ml/亩,2025-08-22,21,true
PS00494,P0491,阿维菌素,生物农药,126ml/亩,2025-07-05,21,true
PS00495,P0493,吡虫啉,杀虫剂,92ml/亩,2025-04-20,21,true
PS00496,P0493,甲基托布津,杀菌剂,67ml/亩,2025-04-27,21,true
PS00497,P0495,三唑酮,杀菌剂,137ml/亩,2025-07-23,14,true
PS00498,P0496,敌敌畏,杀虫剂,112ml/亩,2025-06-03,7,false
PS00499,P0497,敌敌畏,杀虫剂,131ml/亩,2025-06-14,21,false
PS00500,P0498,三唑酮,杀菌剂,135ml/亩,2025-09-07,7,true
PS00501,P0499,甲胺磷,杀虫剂,47ml/亩,2025-07-25,14,false
PS00502,P0499,三唑酮,杀菌剂,53ml/亩,2025-06-22,7,true
PS00503,P0505,敌敌畏,杀虫剂,141ml/亩,2025-06-19,21,false
PS00504,P0505,三唑酮,杀菌剂,132ml/亩,2025-05-08,21,true
PS00505,P0506,百菌清,杀菌剂,96ml/亩,2025-09-04,21,true
PS00506,P0506,甲胺磷,杀虫剂,64ml/亩,2025-08-23,7,false
PS00507,P0507,阿维菌素,生物农药,111ml/亩,2025-07-04,14,true
PS00508,P0508,阿维菌素,生物农药,109ml/亩,2025-08-02,14,true
PS00509,P0508,代森锰锌,杀菌剂,133ml/亩,2025-04-04,14,true
PS00510,P0510,苦参碱,生物农药,74ml/亩,2025-07-19,14,true
PS00511,P0510,百菌清,杀菌剂,93ml/亩,2025-09-07,7,true
PS00512,P0511,敌敌畏,杀虫剂,85ml/亩,2025-04-20,7,false
PS00513,P0511,百菌清,杀菌剂,40ml/亩,2025-05-12,7,false
PS00514,P0512,敌敌畏,杀虫剂,111ml/亩,2025-06-09,21,false
PS00515,P0512,吡虫啉,杀虫剂,143ml/亩,2025-05-27,7,true
PS00516,P0513,三唑酮,杀菌剂,101ml/亩,2025-04-14,7,true
PS00517,P0514,三唑酮,杀菌剂,43ml/亩,2025-09-03,14,true
PS00518,P0514,代森锰锌,杀菌剂,148ml/亩,2025-09-28,14,true
PS00519,P0515,甲胺磷,杀虫剂,100ml/亩,2025-06-06,7,false
PS00520,P0516,敌敌畏,杀虫剂,101ml/亩,2025-06-15,7,false
PS00521,P0516,多菌灵,杀菌剂,98ml/亩,2025-05-10,7,true
PS00522,P0517,多菌灵,杀菌剂,47ml/亩,2025-09-22,21,true
PS00523,P0517,代森锰锌,杀菌剂,128ml/亩,2025-06-05,14,true
PS00524,P0520,百菌清,杀菌剂,112ml/亩,2025-05-24,7,true
PS00525,P0520,苦参碱,生物农药,127ml/亩,2025-09-19,14,true
PS00526,P0524,敌敌畏,杀虫剂,126ml/亩,2025-04-15,21,false
PS00527,P0525,敌敌畏,杀虫剂,54ml/亩,2025-06-06,7,false
PS00528,P0526,甲胺磷,杀虫剂,31ml/亩,2025-07-24,14,false
PS00529,P0526,代森锰锌,杀菌剂,129ml/亩,2025-05-23,14,true
PS00530,P0527,多菌灵,杀菌剂,100ml/亩,2025-06-13,7,true
PS00531,P0528,代森锰锌,杀菌剂,145ml/亩,2025-06-28,7,true
PS00532,P0530,吡虫啉,杀虫剂,101ml/亩,2025-06-19,14,true
PS00533,P0530,代森锰锌,杀菌剂,140ml/亩,2025-09-11,14,true
PS00534,P0531,百菌清,杀菌剂,109ml/亩,2025-06-14,14,true
PS00535,P0531,甲基托布津,杀菌剂,91ml/亩,2025-05-22,14,true
PS00536,P0532,三唑酮,杀菌剂,150ml/亩,2025-05-12,21,true
PS00537,P0536,三唑酮,杀菌剂,76ml/亩,2025-09-10,21,true
PS00538,P0540,吡虫啉,杀虫剂,116ml/亩,2025-08-19,21,true
PS00539,P0540,甲基托布津,杀菌剂,50ml/亩,2025-04-27,21,true
PS00540,P0541,苦参碱,生物农药,69ml/亩,2025-07-04,14,true
PS00541,P0543,甲胺磷,杀虫剂,94ml/亩,2025-09-22,7,false
PS00542,P0543,多菌灵,杀菌剂,127ml/亩,2025-05-17,14,true
PS00543,P0545,代森锰锌,杀菌剂,84ml/亩,2025-07-22,21,true
PS00544,P0546,甲胺磷,杀虫剂,134ml/亩,2025-09-27,21,false
PS00545,P0547,甲胺磷,杀虫剂,37ml/亩,2025-04-19,7,false
PS00546,P0548,三唑酮,杀菌剂,46ml/亩,2025-09-11,14,true
PS00547,P0550,多菌灵,杀菌剂,99ml/亩,2025-07-17,14,true
PS00548,P0550,阿维菌素,生物农药,45ml/亩,2025-06-27,14,true
PS00549,P0553,敌敌畏,杀虫剂,61ml/亩,2025-09-11,21,false
PS00550,P0557,甲基托布津,杀菌剂,48ml/亩,2025-04-25,7,true
PS00551,P0558,苦参碱,生物农药,55ml/亩,2025-08-11,14,false
PS00552,P0558,多菌灵,杀菌剂,133ml/亩,2025-04-18,7,true
PS00553,P0560,敌敌畏,杀虫剂,118ml/亩,2025-08-05,14,false
PS00554,P0561,多菌灵,杀菌剂,105ml/亩,2025-08-23,14,true
PS00555,P0561,甲胺磷,杀虫剂,131ml/亩,2025-09-08,14,false
PS00556,P0563,甲基托布津,杀菌剂,143ml/亩,2025-08-28,21,true
PS00557,P0563,吡虫啉,杀虫剂,119ml/亩,2025-05-07,21,true
PS00558,P0566,代森锰锌,杀菌剂,113ml/亩,2025-09-14,21,true
PS00559,P0566,多菌灵,杀菌剂,115ml/亩,2025-06-05,7,true
PS00560,P0568,三唑酮,杀菌剂,45ml/亩,2025-04-27,7,true
PS00561,P0568,阿维菌素,生物农药,101ml/亩,2025-05-03,21,true
PS00562,P0569,三唑酮,杀菌剂,82ml/亩,2025-08-10,14,true
PS00563,P0570,甲基托布津,杀菌剂,111ml/亩,2025-05-08,21,true
PS00564,P0570,吡虫啉,杀虫剂,88ml/亩,2025-09-09,21,false
PS00565,P0571,苦参碱,生物农药,127ml/亩,2025-09-09,7,true
PS00566,P0571,阿维菌素,生物农药,81ml/亩,2025-05-12,21,true
PS00567,P0573,甲胺磷,杀虫剂,108ml/亩,2025-08-03,14,false
PS00568,P0575,苦参碱,生物农药,57ml/亩,2025-08-28,14,false
PS00569,P0575,代森锰锌,杀菌剂,77ml/亩,2025-07-20,7,true
PS00570,P0576,苦参碱,生物农药,51ml/亩,2025-04-04,7,true
PS00571,P0577,百菌清,杀菌剂,114ml/亩,2025-05-18,7,true
PS00572,P0579,代森锰锌,杀菌剂,61ml/亩,2025-04-28,21,true
PS00573,P0579,代森锰锌,杀菌剂,68ml/亩,2025-07-24,7,true
PS00574,P0580,甲基托布津,杀菌剂,84ml/亩,2025-06-16,21,true
PS00575,P0580,苦参碱,生物农药,104ml/亩,2025-09-03,14,true
PS00576,P0581,阿维菌素,生物农药,85ml/亩,2025-09-03,7,true
PS00577,P0583,阿维菌素,生物农药,140ml/亩,2025-09-03,14,true
PS00578,P0584,苦参碱,生物农药,145ml/亩,2025-05-06,21,true
PS00579,P0584,多菌灵,杀菌剂,77ml/亩,2025-04-05,7,true
PS00580,P0585,甲胺磷,杀虫剂,145ml/亩,2025-09-09,21,false
PS00581,P0586,甲基托布津,杀菌剂,116ml/亩,2025-04-17,7,true
PS00582,P0587,三唑酮,杀菌剂,105ml/亩,2025-04-01,7,true
PS00583,P0589,三唑酮,杀菌剂,93ml/亩,2025-06-24,7,true
PS00584,P0589,代森锰锌,杀菌剂,129ml/亩,2025-06-18,14,true
PS00585,P0590,阿维菌素,生物农药,131ml/亩,2025-04-16,21,true
PS00586,P0590,三唑酮,杀菌剂,97ml/亩,2025-06-18,14,true
PS00587,P0592,甲胺磷,杀虫剂,121ml/亩,2025-05-25,7,false
PS00588,P0592,多菌灵,杀菌剂,150ml/亩,2025-08-01,21,true
PS00589,P0593,吡虫啉,杀虫剂,143ml/亩,2025-04-12,21,false
PS00590,P0593,敌敌畏,杀虫剂,35ml/亩,2025-08-15,21,false
PS00591,P0595,吡虫啉,杀虫剂,79ml/亩,2025-05-28,21,true
PS00592,P0596,敌敌畏,杀虫剂,58ml/亩,2025-05-04,7,false
PS00593,P0597,吡虫啉,杀虫剂,89ml/亩,2025-04-05,7,true
PS00594,P0598,甲基托布津,杀菌剂,60ml/亩,2025-06-11,7,true
PS00595,P0598,甲胺磷,杀虫剂,114ml/亩,2025-05-21,21,false
PS00596,P0599,甲基托布津,杀菌剂,88ml/亩,2025-05-06,14,true
PS00597,P0599,甲胺磷,杀虫剂,145ml/亩,2025-07-17,7,false
PS00598,P0600,甲胺磷,杀虫剂,133ml/亩,2025-07-16,21,false
PS00599,P0600,甲基托布津,杀菌剂,53ml/亩,2025-04-20,21,true
PS00600,P0604,百菌清,杀菌剂,97ml/亩,2025-07-02,14,true
PS00601,P0605,阿维菌素,生物农药,128ml/亩,2025-05-03,7,true
PS00602,P0605,苦参碱,生物农药,128ml/亩,2025-06-20,14,true
PS00603,P0607,阿维菌素,生物农药,61ml/亩,2025-06-05,14,true
PS00604,P0609,阿维菌素,生物农药,70ml/亩,2025-08-16,7,true
PS00605,P0611,甲基托布津,杀菌剂,94ml/亩,2025-08-27,21,true
PS00606,P0612,阿维菌素,生物农药,53ml/亩,2025-07-05,7,true
PS00607,P0612,吡虫啉,杀虫剂,105ml/亩,2025-04-17,21,true
PS00608,P0613,甲基托布津,杀菌剂,70ml/亩,2025-09-22,21,true
PS00609,P0615,甲胺磷,杀虫剂,32ml/亩,2025-08-10,7,false
PS00610,P0615,苦参碱,生物农药,122ml/亩,2025-08-14,7,true
PS00611,P0616,甲胺磷,杀虫剂,34ml/亩,2025-09-26,21,false
PS00612,P0617,阿维菌素,生物农药,87ml/亩,2025-04-12,21,true
PS00613,P0618,敌敌畏,杀虫剂,112ml/亩,2025-07-24,7,false
PS00614,P0618,甲基托布津,杀菌剂,130ml/亩,2025-04-22,21,true
PS00615,P0619,代森锰锌,杀菌剂,45ml/亩,2025-04-21,14,true
PS00616,P0621,百菌清,杀菌剂,44ml/亩,2025-08-22,14,true
PS00617,P0621,苦参碱,生物农药,96ml/亩,2025-06-04,14,true
PS00618,P0622,阿维菌素,生物农药,122ml/亩,2025-05-07,7,true
PS00619,P0622,三唑酮,杀菌剂,53ml/亩,2025-05-14,7,true
PS00620,P0625,苦参碱,生物农药,60ml/亩,2025-09-02,21,true
PS00621,P0626,多菌灵,杀菌剂,141ml/亩,2025-08-20,14,true
PS00622,P0626,百菌清,杀菌剂,106ml/亩,2025-04-09,7,true
PS00623,P0630,敌敌畏,杀虫剂,120ml/亩,2025-08-25,7,false
PS00624,P0631,百菌清,杀菌剂,112ml/亩,2025-08-13,7,true
PS00625,P0631,甲胺磷,杀虫剂,57ml/亩,2025-06-21,21,false
PS00626,P0633,吡虫啉,杀虫剂,66ml/亩,2025-05-28,21,true
PS00627,P0634,甲胺磷,杀虫剂,33ml/亩,2025-07-06,14,false
PS00628,P0634,三唑酮,杀菌剂,129ml/亩,2025-05-22,21,true
PS00629,P0637,百菌清,杀菌剂,113ml/亩,2025-06-21,21,true
PS00630,P0637,吡虫啉,杀虫剂,141ml/亩,2025-06-13,14,true
PS00631,P0638,甲基托布津,杀菌剂,122ml/亩,2025-05-06,21,true
PS00632,P0639,代森锰锌,杀菌剂,68ml/亩,2025-05-26,7,true
PS00633,P0640,阿维菌素,生物农药,100ml/亩,2025-08-25,7,true
PS00634,P0640,苦参碱,生物农药,122ml/亩,2025-09-20,14,true
PS00635,P0642,苦参碱,生物农药,42ml/亩,2025-08-17,7,true
PS00636,P0643,甲胺磷,杀虫剂,50ml/亩,2025-09-20,21,false
PS00637,P0648,多菌灵,杀菌剂,70ml/亩,2025-04-08,21,true
PS00638,P0649,敌敌畏,杀虫剂,125ml/亩,2025-06-02,21,false
PS00639,P0649,代森锰锌,杀菌剂,114ml/亩,2025-04-22,14,true
PS00640,P0650,苦参碱,生物农药,140ml/亩,2025-07-17,21,true
PS00641,P0650,苦参碱,生物农药,88ml/亩,2025-04-02,14,true
PS00642,P0651,苦参碱,生物农药,70ml/亩,2025-06-05,7,true
PS00643,P0651,阿维菌素,生物农药,52ml/亩,2025-08-23,21,false
PS00644,P0652,甲胺磷,杀虫剂,42ml/亩,2025-09-13,14,false
PS00645,P0652,苦参碱,生物农药,141ml/亩,2025-05-19,14,true
PS00646,P0653,吡虫啉,杀虫剂,56ml/亩,2025-05-20,21,true
PS00647,P0654,甲胺磷,杀虫剂,133ml/亩,2025-07-20,21,false
PS00648,P0654,敌敌畏,杀虫剂,127ml/亩,2025-04-04,21,false
PS00649,P0656,代森锰锌,杀菌剂,70ml/亩,2025-08-24,21,true
PS00650,P0657,三唑酮,杀菌剂,61ml/亩,2025-07-21,14,true
PS00651,P0657,敌敌畏,杀虫剂,76ml/亩,2025-04-26,7,false
PS00652,P0659,苦参碱,生物农药,136ml/亩,2025-07-13,7,true
PS00653,P0660,甲基托布津,杀菌剂,46ml/亩,2025-08-01,7,true
PS00654,P0661,苦参碱,生物农药,101ml/亩,2025-06-08,7,true
PS00655,P0661,阿维菌素,生物农药,143ml/亩,2025-08-07,7,true
PS00656,P0662,苦参碱,生物农药,39ml/亩,2025-08-19,14,true
PS00657,P0663,代森锰锌,杀菌剂,54ml/亩,2025-06-19,14,true
PS00658,P0665,敌敌畏,杀虫剂,114ml/亩,2025-09-26,21,false
PS00659,P0665,阿维菌素,生物农药,102ml/亩,2025-08-09,14,true
PS00660,P0667,三唑酮,杀菌剂,32ml/亩,2025-05-20,7,true
PS00661,P0669,代森锰锌,杀菌剂,38ml/亩,2025-07-05,21,true
PS00662,P0669,三唑酮,杀菌剂,147ml/亩,2025-07-11,21,true
PS00663,P0671,多菌灵,杀菌剂,76ml/亩,2025-04-23,14,true
PS00664,P0671,甲基托布津,杀菌剂,78ml/亩,2025-04-03,14,true
PS00665,P0672,代森锰锌,杀菌剂,40ml/亩,2025-08-05,21,true
PS00666,P0672,百菌清,杀菌剂,62ml/亩,2025-08-08,21,true
PS00667,P0673,多菌灵,杀菌剂,33ml/亩,2025-04-10,21,true
PS00668,P0674,吡虫啉,杀虫剂,60ml/亩,2025-09-12,7,true
PS00669,P0674,阿维菌素,生物农药,48ml/亩,2025-06-13,21,true
PS00670,P0675,甲基托布津,杀菌剂,108ml/亩,2025-09-03,21,true
PS00671,P0677,苦参碱,生物农药,41ml/亩,2025-05-22,14,false
PS00672,P0678,吡虫啉,杀虫剂,144ml/亩,2025-09-08,21,true
PS00673,P0682,吡虫啉,杀虫剂,71ml/亩,2025-06-17,21,true
PS00674,P0682,多菌灵,杀菌剂,99ml/亩,2025-05-10,14,true
PS00675,P0683,代森锰锌,杀菌剂,96ml/亩,2025-09-25,14,true
PS00676,P0683,敌敌畏,杀虫剂,57ml/亩,2025-06-10,14,false
PS00677,P0684,阿维菌素,生物农药,142ml/亩,2025-06-06,7,true
PS00678,P0684,百菌清,杀菌剂,34ml/亩,2025-08-10,21,false
PS00679,P0685,甲基托布津,杀菌剂,84ml/亩,2025-06-09,21,true
PS00680,P0685,三唑酮,杀菌剂,35ml/亩,2025-04-28,14,true
PS00681,P0689,苦参碱,生物农药,46ml/亩,2025-05-01,21,true
PS00682,P0689,敌敌畏,杀虫剂,148ml/亩,2025-08-15,21,false
PS00683,P0690,吡虫啉,杀虫剂,132ml/亩,2025-07-16,14,true
PS00684,P0690,吡虫啉,杀虫剂,92ml/亩,2025-07-04,7,true
PS00685,P0692,百菌清,杀菌剂,63ml/亩,2025-08-24,7,true
PS00686,P0694,百菌清,杀菌剂,149ml/亩,2025-07-09,21,true
PS00687,P0695,甲胺磷,杀虫剂,37ml/亩,2025-05-05,21,false
PS00688,P0697,代森锰锌,杀菌剂,75ml/亩,2025-06-27,21,true
PS00689,P0701,百菌清,杀菌剂,120ml/亩,2025-08-12,14,true
PS00690,P0701,敌敌畏,杀虫剂,100ml/亩,2025-09-01,7,false
PS00691,P0702,三唑酮,杀菌剂,90ml/亩,2025-07-09,21,true
PS00692,P0703,代森锰锌,杀菌剂,115ml/亩,2025-06-26,14,true
PS00693,P0703,阿维菌素,生物农药,101ml/亩,2025-04-02,7,true
PS00694,P0704,甲胺磷,杀虫剂,89ml/亩,2025-05-22,21,false
PS00695,P0704,三唑酮,杀菌剂,62ml/亩,2025-08-12,7,true
PS00696,P0705,三唑酮,杀菌剂,34ml/亩,2025-08-02,21,true
PS00697,P0707,苦参碱,生物农药,134ml/亩,2025-05-03,21,true
PS00698,P0709,百菌清,杀菌剂,97ml/亩,2025-07-15,14,true
PS00699,P0709,甲胺磷,杀虫剂,85ml/亩,2025-04-13,21,false
PS00700,P0710,多菌灵,杀菌剂,76ml/亩,2025-06-17,21,true
PS00701,P0712,敌敌畏,杀虫剂,30ml/亩,2025-07-26,14,false
PS00702,P0712,甲基托布津,杀菌剂,94ml/亩,2025-09-06,21,true
PS00703,P0713,吡虫啉,杀虫剂,78ml/亩,2025-08-09,7,true
PS00704,P0713,苦参碱,生物农药,141ml/亩,2025-07-10,14,true
PS00705,P0714,敌敌畏,杀虫剂,145ml/亩,2025-08-22,21,false
PS00706,P0714,敌敌畏,杀虫剂,37ml/亩,2025-09-04,21,false
PS00707,P0717,阿维菌素,生物农药,91ml/亩,2025-08-21,14,true
PS00708,P0718,代森锰锌,杀菌剂,120ml/亩,2025-04-05,14,true
PS00709,P0721,吡虫啉,杀虫剂,128ml/亩,2025-09-12,7,true
PS00710,P0724,多菌灵,杀菌剂,142ml/亩,2025-06-10,7,true
PS00711,P0725,三唑酮,杀菌剂,71ml/亩,2025-08-25,21,true
PS00712,P0725,苦参碱,生物农药,53ml/亩,2025-06-11,14,true
PS00713,P0727,苦参碱,生物农药,118ml/亩,2025-09-17,14,true
PS00714,P0727,多菌灵,杀菌剂,90ml/亩,2025-04-16,21,true
PS00715,P0730,代森锰锌,杀菌剂,53ml/亩,2025-06-07,7,false
PS00716,P0730,甲胺磷,杀虫剂,146ml/亩,2025-09-18,21,false
PS00717,P0731,代森锰锌,杀菌剂,51ml/亩,2025-05-26,14,true
PS00718,P0732,苦参碱,生物农药,37ml/亩,2025-04-07,14,true
PS00719,P0735,甲胺磷,杀虫剂,148ml/亩,2025-09-05,21,false
PS00720,P0737,苦参碱,生物农药,49ml/亩,2025-07-28,14,true
PS00721,P0737,吡虫啉,杀虫剂,145ml/亩,2025-05-05,21,true
PS00722,P0738,敌敌畏,杀虫剂,122ml/亩,2025-06-21,7,false
PS00723,P0740,阿维菌素,生物农药,105ml/亩,2025-07-19,14,true
PS00724,P0740,敌敌畏,杀虫剂,84ml/亩,2025-04-04,14,false
PS00725,P0743,多菌灵,杀菌剂,60ml/亩,2025-04-28,21,true
PS00726,P0744,敌敌畏,杀虫剂,149ml/亩,2025-04-09,21,false
PS00727,P0745,敌敌畏,杀虫剂,126ml/亩,2025-05-20,7,false
PS00728,P0745,苦参碱,生物农药,57ml/亩,2025-09-28,21,true
PS00729,P0747,敌敌畏,杀虫剂,51ml/亩,2025-07-08,7,false
PS00730,P0747,百菌清,杀菌剂,50ml/亩,2025-08-27,14,false
PS00731,P0748,三唑酮,杀菌剂,39ml/亩,2025-09-22,21,true
PS00732,P0748,多菌灵,杀菌剂,59ml/亩,2025-04-09,21,true
PS00733,P0749,代森锰锌,杀菌剂,39ml/亩,2025-05-25,21,true
PS00734,P0749,甲基托布津,杀菌剂,143ml/亩,2025-04-04,7,true
PS00735,P0751,代森锰锌,杀菌剂,97ml/亩,2025-08-24,21,true
PS00736,P0751,敌敌畏,杀虫剂,44ml/亩,2025-09-07,14,false
PS00737,P0752,苦参碱,生物农药,71ml/亩,2025-07-10,14,true
PS00738,P0752,甲基托布津,杀菌剂,79ml/亩,2025-05-08,7,true
PS00739,P0753,三唑酮,杀菌剂,105ml/亩,2025-09-02,7,true
PS00740,P0754,甲胺磷,杀虫剂,62ml/亩,2025-06-16,14,false
PS00741,P0754,阿维菌素,生物农药,117ml/亩,2025-05-11,14,true
PS00742,P0755,甲胺磷,杀虫剂,44ml/亩,2025-08-13,21,false
PS00743,P0756,多菌灵,杀菌剂,104ml/亩,2025-05-24,14,true
PS00744,P0758,敌敌畏,杀虫剂,122ml/亩,2025-09-16,7,false
PS00745,P0758,甲基托布津,杀菌剂,39ml/亩,2025-05-05,21,true
PS00746,P0759,苦参碱,生物农药,30ml/亩,2025-08-25,21,true
PS00747,P0762,敌敌畏,杀虫剂,126ml/亩,2025-07-26,7,false
PS00748,P0762,甲基托布津,杀菌剂,142ml/亩,2025-07-05,7,false
PS00749,P0763,百菌清,杀菌剂,97ml/亩,2025-07-10,14,true
PS00750,P0763,甲基托布津,杀菌剂,76ml/亩,2025-04-23,14,true
PS00751,P0764,阿维菌素,生物农药,40ml/亩,2025-04-24,14,true
PS00752,P0764,阿维菌素,生物农药,51ml/亩,2025-04-04,14,true
PS00753,P0765,多菌灵,杀菌剂,104ml/亩,2025-05-08,14,true
PS00754,P0768,吡虫啉,杀虫剂,149ml/亩,2025-04-16,21,true
PS00755,P0768,甲胺磷,杀虫剂,80ml/亩,2025-07-26,7,false
PS00756,P0769,三唑酮,杀菌剂,56ml/亩,2025-04-13,14,true
PS00757,P0769,百菌清,杀菌剂,137ml/亩,2025-07-27,14,true
PS00758,P0770,三唑酮,杀菌剂,50ml/亩,2025-07-07,21,true
PS00759,P0770,吡虫啉,杀虫剂,70ml/亩,2025-06-15,7,false
PS00760,P0771,吡虫啉,杀虫剂,138ml/亩,2025-08-15,7,true
PS00761,P0771,甲胺磷,杀虫剂,122ml/亩,2025-08-03,7,false
PS00762,P0773,甲胺磷,杀虫剂,106ml/亩,2025-09-22,14,false
PS00763,P0773,代森锰锌,杀菌剂,116ml/亩,2025-08-11,21,true
PS00764,P0774,甲胺磷,杀虫剂,68ml/亩,2025-09-04,7,false
PS00765,P0775,苦参碱,生物农药,147ml/亩,2025-08-27,7,true
PS00766,P0775,苦参碱,生物农药,53ml/亩,2025-08-24,7,true
PS00767,P0776,吡虫啉,杀虫剂,82ml/亩,2025-09-09,21,true
PS00768,P0778,百菌清,杀菌剂,37ml/亩,2025-09-25,21,true
PS00769,P0780,阿维菌素,生物农药,44ml/亩,2025-08-19,21,true
PS00770,P0781,百菌清,杀菌剂,129ml/亩,2025-07-13,14,true
PS00771,P0781,阿维菌素,生物农药,82ml/亩,2025-06-05,7,true
PS00772,P0782,敌敌畏,杀虫剂,128ml/亩,2025-05-17,21,false
PS00773,P0782,苦参碱,生物农药,80ml/亩,2025-05-14,14,true
PS00774,P0783,甲胺磷,杀虫剂,99ml/亩,2025-04-13,14,false
PS00775,P0783,苦参碱,生物农药,132ml/亩,2025-07-25,14,false
PS00776,P0784,多菌灵,杀菌剂,123ml/亩,2025-06-08,7,true
PS00777,P0785,多菌灵,杀菌剂,143ml/亩,2025-04-17,7,true
PS00778,P0785,阿维菌素,生物农药,88ml/亩,2025-05-05,21,true
PS00779,P0786,敌敌畏,杀虫剂,76ml/亩,2025-09-28,7,false
PS00780,P0787,百菌清,杀菌剂,34ml/亩,2025-09-24,21,true
PS00781,P0788,吡虫啉,杀虫剂,59ml/亩,2025-06-06,14,true
PS00782,P0788,敌敌畏,杀虫剂,35ml/亩,2025-07-05,21,false
PS00783,P0790,甲胺磷,杀虫剂,141ml/亩,2025-07-28,14,false
PS00784,P0794,三唑酮,杀菌剂,146ml/亩,2025-06-14,7,true
PS00785,P0795,代森锰锌,杀菌剂,75ml/亩,2025-05-04,14,true
PS00786,P0795,代森锰锌,杀菌剂,68ml/亩,2025-04-07,21,true
PS00787,P0796,吡虫啉,杀虫剂,64ml/亩,2025-09-23,21,true
PS00788,P0796,甲胺磷,杀虫剂,55ml/亩,2025-05-02,14,false
PS00789,P0797,苦参碱,生物农药,139ml/亩,2025-09-27,21,true
PS00790,P0798,敌敌畏,杀虫剂,74ml/亩,2025-08-24,7,false
PS00791,P0799,甲胺磷,杀虫剂,32ml/亩,2025-07-08,14,false
PS00792,P0800,苦参碱,生物农药,117ml/亩,2025-08-17,21,true
PS00793,P0802,三唑酮,杀菌剂,106ml/亩,2025-05-27,7,true
PS00794,P0802,三唑酮,杀菌剂,81ml/亩,2025-08-13,21,true
PS00795,P0803,代森锰锌,杀菌剂,84ml/亩,2025-05-06,21,true
PS00796,P0803,多菌灵,杀菌剂,82ml/亩,2025-04-11,7,true
PS00797,P0804,代森锰锌,杀菌剂,64ml/亩,2025-06-26,7,true
PS00798,P0804,甲基托布津,杀菌剂,103ml/亩,2025-04-21,14,true
PS00799,P0806,阿维菌素,生物农药,33ml/亩,2025-09-25,7,true
PS00800,P0808,吡虫啉,杀虫剂,83ml/亩,2025-06-15,14,true
PS00801,P0808,代森锰锌,杀菌剂,101ml/亩,2025-09-15,14,true
PS00802,P0810,甲基托布津,杀菌剂,45ml/亩,2025-06-08,14,true
PS00803,P0811,代森锰锌,杀菌剂,87ml/亩,2025-04-17,21,true
PS00804,P0811,吡虫啉,杀虫剂,120ml/亩,2025-07-20,7,true
PS00805,P0812,百菌清,杀菌剂,137ml/亩,2025-05-28,7,true
PS00806,P0812,吡虫啉,杀虫剂,73ml/亩,2025-06-09,14,true
PS00807,P0813,阿维菌素,生物农药,147ml/亩,2025-06-18,14,true
PS00808,P0814,三唑酮,杀菌剂,92ml/亩,2025-07-15,7,true
PS00809,P0816,吡虫啉,杀虫剂,64ml/亩,2025-08-19,21,false
PS00810,P0817,甲基托布津,杀菌剂,87ml/亩,2025-04-01,14,true
PS00811,P0817,阿维菌素,生物农药,55ml/亩,2025-05-26,7,true
PS00812,P0819,百菌清,杀菌剂,79ml/亩,2025-06-21,21,true
PS00813,P0819,甲基托布津,杀菌剂,49ml/亩,2025-07-14,7,true
PS00814,P0822,百菌清,杀菌剂,55ml/亩,2025-09-14,7,false
PS00815,P0822,敌敌畏,杀虫剂,125ml/亩,2025-06-06,14,false
PS00816,P0824,苦参碱,生物农药,106ml/亩,2025-04-14,14,true
PS00817,P0824,多菌灵,杀菌剂,130ml/亩,2025-05-27,21,true
PS00818,P0825,甲胺磷,杀虫剂,79ml/亩,2025-09-24,14,false
PS00819,P0825,甲胺磷,杀虫剂,91ml/亩,2025-04-21,21,false
PS00820,P0826,甲基托布津,杀菌剂,115ml/亩,2025-09-25,14,true
PS00821,P0826,三唑酮,杀菌剂,97ml/亩,2025-07-12,14,false
PS00822,P0827,苦参碱,生物农药,146ml/亩,2025-05-28,21,true
PS00823,P0828,甲基托布津,杀菌剂,88ml/亩,2025-04-09,14,true
PS00824,P0828,多菌灵,杀菌剂,31ml/亩,2025-09-14,21,true
PS00825,P0829,百菌清,杀菌剂,89ml/亩,2025-08-04,14,true
PS00826,P0830,敌敌畏,杀虫剂,95ml/亩,2025-07-20,14,false
PS00827,P0830,代森锰锌,杀菌剂,115ml/亩,2025-04-07,21,true
PS00828,P0832,吡虫啉,杀虫剂,72ml/亩,2025-05-10,14,true
PS00829,P0832,百菌清,杀菌剂,109ml/亩,2025-08-12,21,true
PS00830,P0833,三唑酮,杀菌剂,113ml/亩,2025-05-01,14,true
PS00831,P0834,甲胺磷,杀虫剂,97ml/亩,2025-04-04,14,false
PS00832,P0835,代森锰锌,杀菌剂,129ml/亩,2025-09-14,21,true
PS00833,P0836,百菌清,杀菌剂,116ml/亩,2025-06-14,14,true
PS00834,P0836,敌敌畏,杀虫剂,130ml/亩,2025-04-08,21,false
PS00835,P0838,甲基托布津,杀菌剂,121ml/亩,2025-05-09,21,false
PS00836,P0838,苦参碱,生物农药,31ml/亩,2025-07-17,21,true
PS00837,P0839,多菌灵,杀菌剂,31ml/亩,2025-09-02,14,true
PS00838,P0840,敌敌畏,杀虫剂,123ml/亩,2025-05-07,14,false
PS00839,P0840,苦参碱,生物农药,79ml/亩,2025-07-23,7,true
PS00840,P0842,阿维菌素,生物农药,112ml/亩,2025-08-12,21,true
PS00841,P0843,三唑酮,杀菌剂,33ml/亩,2025-04-22,7,true
PS00842,P0844,甲基托布津,杀菌剂,52ml/亩,2025-08-15,7,true
PS00843,P0844,阿维菌素,生物农药,115ml/亩,2025-09-06,21,true
PS00844,P0846,敌敌畏,杀虫剂,82ml/亩,2025-06-13,21,false
PS00845,P0846,苦参碱,生物农药,107ml/亩,2025-06-26,21,true
PS00846,P0849,吡虫啉,杀虫剂,76ml/亩,2025-09-24,14,true
PS00847,P0849,阿维菌素,生物农药,62ml/亩,2025-07-05,14,true
PS00848,P0850,甲胺磷,杀虫剂,109ml/亩,2025-08-08,7,false
PS00849,P0850,甲胺磷,杀虫剂,112ml/亩,2025-05-21,7,false
PS00850,P0851,三唑酮,杀菌剂,44ml/亩,2025-05-11,14,true
PS00851,P0851,代森锰锌,杀菌剂,30ml/亩,2025-04-25,14,true
PS00852,P0852,吡虫啉,杀虫剂,61ml/亩,2025-07-23,14,false
PS00853,P0852,甲基托布津,杀菌剂,86ml/亩,2025-09-07,14,true
PS00854,P0853,多菌灵,杀菌剂,65ml/亩,2025-06-04,7,true
PS00855,P0853,甲基托布津,杀菌剂,93ml/亩,2025-08-24,7,true
PS00856,P0854,吡虫啉,杀虫剂,72ml/亩,2025-06-02,21,true
PS00857,P0856,多菌灵,杀菌剂,81ml/亩,2025-07-08,14,true
PS00858,P0856,百菌清,杀菌剂,87ml/亩,2025-05-07,21,true
PS00859,P0857,吡虫啉,杀虫剂,36ml/亩,2025-09-18,14,true
PS00860,P0857,吡虫啉,杀虫剂,111ml/亩,2025-05-10,14,true
PS00861,P0858,代森锰锌,杀菌剂,55ml/亩,2025-05-19,7,true
PS00862,P0859,百菌清,杀菌剂,109ml/亩,2025-06-08,21,true
PS00863,P0864,百菌清,杀菌剂,95ml/亩,2025-09-16,14,false
PS00864,P0864,多菌灵,杀菌剂,93ml/亩,2025-04-27,14,true
PS00865,P0865,苦参碱,生物农药,74ml/亩,2025-08-14,7,true
PS00866,P0865,百菌清,杀菌剂,76ml/亩,2025-05-25,7,true
PS00867,P0866,百菌清,杀菌剂,150ml/亩,2025-09-10,14,true
PS00868,P0866,苦参碱,生物农药,97ml/亩,2025-07-11,21,true
PS00869,P0868,甲胺磷,杀虫剂,94ml/亩,2025-04-16,7,false
PS00870,P0869,甲胺磷,杀虫剂,123ml/亩,2025-06-12,14,false
PS00871,P0869,代森锰锌,杀菌剂,34ml/亩,2025-04-11,21,true
PS00872,P0874,代森锰锌,杀菌剂,91ml/亩,2025-06-23,21,true
PS00873,P0874,甲基托布津,杀菌剂,101ml/亩,2025-08-21,7,true
PS00874,P0876,敌敌畏,杀虫剂,106ml/亩,2025-09-09,14,false
PS00875,P0876,百菌清,杀菌剂,101ml/亩,2025-06-21,7,true
PS00876,P0877,苦参碱,生物农药,139ml/亩,2025-08-01,14,true
PS00877,P0879,多菌灵,杀菌剂,91ml/亩,2025-06-03,21,true
PS00878,P0881,敌敌畏,杀虫剂,81ml/亩,2025-09-05,21,false
PS00879,P0882,苦参碱,生物农药,95ml/亩,2025-05-05,14,true
PS00880,P0882,甲胺磷,杀虫剂,75ml/亩,2025-05-13,21,false
PS00881,P0883,吡虫啉,杀虫剂,53ml/亩,2025-08-06,21,true
PS00882,P0883,百菌清,杀菌剂,30ml/亩,2025-06-01,14,true
PS00883,P0886,代森锰锌,杀菌剂,64ml/亩,2025-07-03,14,true
PS00884,P0886,三唑酮,杀菌剂,105ml/亩,2025-09-03,7,true
PS00885,P0887,三唑酮,杀菌剂,63ml/亩,2025-05-20,7,true
PS00886,P0887,百菌清,杀菌剂,138ml/亩,2025-08-22,7,true
PS00887,P0890,百菌清,杀菌剂,75ml/亩,2025-05-15,7,true
PS00888,P0890,苦参碱,生物农药,85ml/亩,2025-08-19,7,true
PS00889,P0891,代森锰锌,杀菌剂,119ml/亩,2025-07-06,14,true
PS00890,P0893,阿维菌素,生物农药,119ml/亩,2025-05-03,21,true
PS00891,P0893,吡虫啉,杀虫剂,43ml/亩,2025-09-26,14,true
PS00892,P0894,苦参碱,生物农药,34ml/亩,2025-04-10,14,true
PS00893,P0895,敌敌畏,杀虫剂,56ml/亩,2025-04-07,21,false
PS00894,P0895,多菌灵,杀菌剂,108ml/亩,2025-09-17,7,true
PS00895,P0896,甲基托布津,杀菌剂,130ml/亩,2025-06-21,21,true
PS00896,P0897,甲胺磷,杀虫剂,120ml/亩,2025-09-20,7,false
PS00897,P0897,代森锰锌,杀菌剂,117ml/亩,2025-08-17,14,true
PS00898,P0899,百菌清,杀菌剂,140ml/亩,2025-05-06,14,true
PS00899,P0900,代森锰锌,杀菌剂,99ml/亩,2025-08-11,7,true
PS00900,P0901,百菌清,杀菌剂,89ml/亩,2025-06-07,7,true
PS00901,P0901,甲基托布津,杀菌剂,122ml/亩,2025-09-22,14,true
PS00902,P0902,代森锰锌,杀菌剂,40ml/亩,2025-05-02,21,true
PS00903,P0902,敌敌畏,杀虫剂,82ml/亩,2025-04-28,7,false
PS00904,P0903,代森锰锌,杀菌剂,50ml/亩,2025-07-24,21,true
PS00905,P0904,苦参碱,生物农药,46ml/亩,2025-09-15,14,true
PS00906,P0905,代森锰锌,杀菌剂,116ml/亩,2025-09-15,7,true
PS00907,P0905,三唑酮,杀菌剂,130ml/亩,2025-09-03,14,true
PS00908,P0906,阿维菌素,生物农药,82ml/亩,2025-04-11,7,true
PS00909,P0908,三唑酮,杀菌剂,83ml/亩,2025-04-06,14,true
PS00910,P0910,甲胺磷,杀虫剂,36ml/亩,2025-05-16,14,false
PS00911,P0910,甲胺磷,杀虫剂,84ml/亩,2025-04-02,14,false
PS00912,P0911,三唑酮,杀菌剂,129ml/亩,2025-05-20,7,true
PS00913,P0911,代森锰锌,杀菌剂,150ml/亩,2025-08-21,7,true
PS00914,P0912,甲基托布津,杀菌剂,80ml/亩,2025-09-11,21,true
PS00915,P0912,苦参碱,生物农药,136ml/亩,2025-05-08,14,true
PS00916,P0913,苦参碱,生物农药,126ml/亩,2025-09-12,7,false
PS00917,P0913,甲胺磷,杀虫剂,128ml/亩,2025-06-08,14,false
PS00918,P0914,甲胺磷,杀虫剂,92ml/亩,2025-06-13,21,false
PS00919,P0914,阿维菌素,生物农药,56ml/亩,2025-09-18,21,true
PS00920,P0915,百菌清,杀菌剂,55ml/亩,2025-05-12,21,true
PS00921,P0915,阿维菌素,生物农药,87ml/亩,2025-08-05,21,true
PS00922,P0918,代森锰锌,杀菌剂,80ml/亩,2025-04-06,14,true
PS00923,P0918,多菌灵,杀菌剂,36ml/亩,2025-07-12,7,true
PS00924,P0919,阿维菌素,生物农药,88ml/亩,2025-07-02,7,true
PS00925,P0919,百菌清,杀菌剂,145ml/亩,2025-07-07,21,true
PS00926,P0920,代森锰锌,杀菌剂,131ml/亩,2025-06-24,21,true
PS00927,P0920,甲胺磷,杀虫剂,107ml/亩,2025-04-11,21,false
PS00928,P0922,苦参碱,生物农药,138ml/亩,2025-04-23,14,true
PS00929,P0923,三唑酮,杀菌剂,117ml/亩,2025-09-03,7,true
PS00930,P0924,苦参碱,生物农药,58ml/亩,2025-09-15,7,true
PS00931,P0926,甲胺磷,杀虫剂,115ml/亩,2025-08-04,7,false
PS00932,P0926,敌敌畏,杀虫剂,67ml/亩,2025-07-02,21,false
PS00933,P0928,甲胺磷,杀虫剂,150ml/亩,2025-08-16,21,false
PS00934,P0929,吡虫啉,杀虫剂,51ml/亩,2025-04-03,14,true
PS00935,P0930,甲胺磷,杀虫剂,52ml/亩,2025-07-18,14,false
PS00936,P0931,百菌清,杀菌剂,84ml/亩,2025-05-23,21,true
PS00937,P0932,苦参碱,生物农药,144ml/亩,2025-07-11,14,true
PS00938,P0933,多菌灵,杀菌剂,52ml/亩,2025-06-03,21,true
PS00939,P0935,甲胺磷,杀虫剂,66ml/亩,2025-08-13,7,false
PS00940,P0936,甲胺磷,杀虫剂,62ml/亩,2025-08-08,14,false
PS00941,P0938,多菌灵,杀菌剂,53ml/亩,2025-06-24,14,true
PS00942,P0938,甲胺磷,杀虫剂,122ml/亩,2025-07-27,7,false
PS00943,P0939,三唑酮,杀菌剂,96ml/亩,2025-09-04,21,false
PS00944,P0939,多菌灵,杀菌剂,40ml/亩,2025-06-08,7,true
PS00945,P0940,代森锰锌,杀菌剂,60ml/亩,2025-05-14,7,true
PS00946,P0940,敌敌畏,杀虫剂,132ml/亩,2025-05-09,14,false
PS00947,P0941,苦参碱,生物农药,88ml/亩,2025-08-21,14,true
PS00948,P0941,敌敌畏,杀虫剂,107ml/亩,2025-09-12,21,false
PS00949,P0942,甲基托布津,杀菌剂,105ml/亩,2025-04-11,21,true
PS00950,P0945,敌敌畏,杀虫剂,35ml/亩,2025-09-15,14,false
PS00951,P0946,多菌灵,杀菌剂,98ml/亩,2025-09-15,7,true
PS00952,P0947,百菌清,杀菌剂,30ml/亩,2025-04-25,14,true
PS00953,P0948,代森锰锌,杀菌剂,89ml/亩,2025-04-27,14,true
PS00954,P0951,甲基托布津,杀菌剂,30ml/亩,2025-06-24,14,true
PS00955,P0952,吡虫啉,杀虫剂,80ml/亩,2025-08-16,14,true
PS00956,P0952,甲基托布津,杀菌剂,85ml/亩,2025-07-17,14,true
PS00957,P0954,阿维菌素,生物农药,33ml/亩,2025-07-20,21,true
PS00958,P0956,三唑酮,杀菌剂,126ml/亩,2025-04-20,21,true
PS00959,P0956,百菌清,杀菌剂,103ml/亩,2025-04-24,14,true
PS00960,P0957,阿维菌素,生物农药,119ml/亩,2025-05-17,21,true
PS00961,P0960,阿维菌素,生物农药,146ml/亩,2025-06-16,21,true
PS00962,P0960,敌敌畏,杀虫剂,147ml/亩,2025-09-12,14,false
PS00963,P0962,三唑酮,杀菌剂,127ml/亩,2025-09-21,7,true
PS00964,P0963,三唑酮,杀菌剂,61ml/亩,2025-08-19,7,true
PS00965,P0963,多菌灵,杀菌剂,42ml/亩,2025-09-18,7,true
PS00966,P0965,甲胺磷,杀虫剂,102ml/亩,2025-09-17,14,false
PS00967,P0965,多菌灵,杀菌剂,104ml/亩,2025-04-10,14,true
PS00968,P0966,代森锰锌,杀菌剂,142ml/亩,2025-04-07,7,true
PS00969,P0966,三唑酮,杀菌剂,92ml/亩,2025-04-23,14,true
PS00970,P0968,代森锰锌,杀菌剂,80ml/亩,2025-05-08,7,true
PS00971,P0969,三唑酮,杀菌剂,137ml/亩,2025-09-17,7,true
PS00972,P0970,敌敌畏,杀虫剂,119ml/亩,2025-06-10,21,false
PS00973,P0972,甲基托布津,杀菌剂,83ml/亩,2025-08-17,7,true
PS00974,P0972,吡虫啉,杀虫剂,65ml/亩,2025-07-25,21,true
PS00975,P0973,苦参碱,生物农药,50ml/亩,2025-06-18,14,true
PS00976,P0974,阿维菌素,生物农药,50ml/亩,2025-06-22,14,true
PS00977,P0976,吡虫啉,杀虫剂,34ml/亩,2025-06-05,7,true
PS00978,P0976,吡虫啉,杀虫剂,46ml/亩,2025-05-17,21,true
PS00979,P0977,百菌清,杀菌剂,116ml/亩,2025-04-26,7,true
PS00980,P0978,阿维菌素,生物农药,82ml/亩,2025-04-03,14,true
PS00981,P0979,吡虫啉,杀虫剂,65ml/亩,2025-06-01,21,true
PS00982,P0979,敌敌畏,杀虫剂,51ml/亩,2025-07-01,7,false
PS00983,P0981,三唑酮,杀菌剂,39ml/亩,2025-04-14,14,true
PS00984,P0981,敌敌畏,杀虫剂,116ml/亩,2025-09-08,14,false
PS00985,P0983,敌敌畏,杀虫剂,59ml/亩,2025-05-07,21,false
PS00986,P0984,甲胺磷,杀虫剂,72ml/亩,2025-09-26,7,false
PS00987,P0985,甲基托布津,杀菌剂,35ml/亩,2025-05-27,7,true
PS00988,P0987,百菌清,杀菌剂,78ml/亩,2025-06-19,14,true
PS00989,P0989,甲基托布津,杀菌剂,33ml/亩,2025-09-19,7,true
PS00990,P0989,百菌清,杀菌剂,106ml/亩,2025-05-23,21,true
PS00991,P0990,阿维菌素,生物农药,126ml/亩,2025-09-22,14,true
PS00992,P0990,敌敌畏,杀虫剂,61ml/亩,2025-07-25,21,false
PS00993,P0991,代森锰锌,杀菌剂,91ml/亩,2025-05-01,21,true
PS00994,P0992,甲胺磷,杀虫剂,33ml/亩,2025-07-05,7,false
PS00995,P0993,吡虫啉,杀虫剂,43ml/亩,2025-04-20,14,true
PS00996,P0993,阿维菌素,生物农药,149ml/亩,2025-04-16,7,true
PS00997,P0994,阿维菌素,生物农药,42ml/亩,2025-09-28,14,true
PS00998,P0994,吡虫啉,杀虫剂,138ml/亩,2025-09-25,7,true
PS00999,P0995,百菌清,杀菌剂,69ml/亩,2025-08-08,21,true
PS01000,P0995,多菌灵,杀菌剂,65ml/亩,2025-04-10,7,true
PS01001,P0997,敌敌畏,杀虫剂,73ml/亩,2025-09-06,14,false
PS01002,P0997,百菌清,杀菌剂,67ml/亩,2025-04-03,14,true
PS01003,P1000,甲基托布津,杀菌剂,106ml/亩,2025-09-09,14,true
PS01004,P1003,苦参碱,生物农药,52ml/亩,2025-04-26,14,true
PS01005,P1006,代森锰锌,杀菌剂,47ml/亩,2025-06-18,21,true
PS01006,P1006,百菌清,杀菌剂,42ml/亩,2025-09-05,7,true
PS01007,P1008,百菌清,杀菌剂,137ml/亩,2025-06-06,21,true
PS01008,P1009,多菌灵,杀菌剂,137ml/亩,2025-05-26,21,true
PS01009,P1009,三唑酮,杀菌剂,142ml/亩,2025-04-15,21,true
PS01010,P1010,代森锰锌,杀菌剂,104ml/亩,2025-09-20,14,true
PS01011,P1010,苦参碱,生物农药,142ml/亩,2025-06-24,14,true
PS01012,P1014,阿维菌素,生物农药,30ml/亩,2025-05-07,14,true
PS01013,P1014,代森锰锌,杀菌剂,33ml/亩,2025-04-07,21,true
PS01014,P1015,甲胺磷,杀虫剂,92ml/亩,2025-04-23,21,false
PS01015,P1015,阿维菌素,生物农药,102ml/亩,2025-05-09,14,true
PS01016,P1016,多菌灵,杀菌剂,114ml/亩,2025-05-16,21,true
PS01017,P1018,多菌灵,杀菌剂,129ml/亩,2025-06-01,21,true
PS01018,P1019,甲基托布津,杀菌剂,119ml/亩,2025-07-08,14,true
PS01019,P1019,敌敌畏,杀虫剂,99ml/亩,2025-06-21,21,false
PS01020,P1020,阿维菌素,生物农药,66ml/亩,2025-05-19,14,true
PS01021,P1020,阿维菌素,生物农药,62ml/亩,2025-06-24,14,true
PS01022,P1021,多菌灵,杀菌剂,95ml/亩,2025-08-14,7,true
PS01023,P1024,苦参碱,生物农药,148ml/亩,2025-05-22,7,true
PS01024,P1025,甲基托布津,杀菌剂,66ml/亩,2025-04-26,21,true
PS01025,P1027,甲基托布津,杀菌剂,126ml/亩,2025-04-19,21,true
PS01026,P1028,甲胺磷,杀虫剂,136ml/亩,2025-05-19,7,false
PS01027,P1028,吡虫啉,杀虫剂,110ml/亩,2025-08-11,7,true
PS01028,P1029,百菌清,杀菌剂,107ml/亩,2025-04-18,14,true
PS01029,P1029,百菌清,杀菌剂,87ml/亩,2025-07-23,14,true
PS01030,P1032,吡虫啉,杀虫剂,41ml/亩,2025-05-14,14,true
PS01031,P1032,吡虫啉,杀虫剂,54ml/亩,2025-04-13,21,true
PS01032,P1033,三唑酮,杀菌剂,30ml/亩,2025-04-06,21,true
PS01033,P1033,甲胺磷,杀虫剂,136ml/亩,2025-05-09,21,false
PS01034,P1035,三唑酮,杀菌剂,54ml/亩,2025-07-27,7,true
PS01035,P1037,多菌灵,杀菌剂,131ml/亩,2025-04-12,21,true
PS01036,P1037,甲基托布津,杀菌剂,119ml/亩,2025-05-10,7,true
PS01037,P1038,甲胺磷,杀虫剂,141ml/亩,2025-07-15,14,false
PS01038,P1040,苦参碱,生物农药,106ml/亩,2025-06-28,21,true
PS01039,P1040,敌敌畏,杀虫剂,94ml/亩,2025-04-27,14,false
PS01040,P1041,三唑酮,杀菌剂,61ml/亩,2025-07-25,7,true
PS01041,P1041,苦参碱,生物农药,89ml/亩,2025-06-07,7,true
PS01042,P1043,敌敌畏,杀虫剂,43ml/亩,2025-09-03,14,false
PS01043,P1043,阿维菌素,生物农药,138ml/亩,2025-05-26,7,true
PS01044,P1044,甲胺磷,杀虫剂,126ml/亩,2025-09-18,21,false
PS01045,P1045,多菌灵,杀菌剂,63ml/亩,2025-05-11,21,true
PS01046,P1045,敌敌畏,杀虫剂,66ml/亩,2025-07-24,14,false
PS01047,P1047,吡虫啉,杀虫剂,147ml/亩,2025-08-04,7,true
PS01048,P1047,甲基托布津,杀菌剂,47ml/亩,2025-05-27,14,true
PS01049,P1048,敌敌畏,杀虫剂,105ml/亩,2025-07-02,7,false
PS01050,P1048,苦参碱,生物农药,148ml/亩,2025-07-08,14,false
PS01051,P1049,甲胺磷,杀虫剂,126ml/亩,2025-06-27,14,false
PS01052,P1049,敌敌畏,杀虫剂,122ml/亩,2025-07-08,21,false
PS01053,P1051,甲胺磷,杀虫剂,73ml/亩,2025-09-05,21,false
PS01054,P1053,多菌灵,杀菌剂,75ml/亩,2025-08-13,21,true
PS01055,P1053,甲基托布津,杀菌剂,75ml/亩,2025-04-28,7,true
PS01056,P1054,阿维菌素,生物农药,111ml/亩,2025-05-28,14,true
PS01057,P1054,代森锰锌,杀菌剂,131ml/亩,2025-05-18,14,true
PS01058,P1055,敌敌畏,杀虫剂,116ml/亩,2025-06-23,14,false
PS01059,P1056,吡虫啉,杀虫剂,69ml/亩,2025-06-18,21,true
PS01060,P1058,阿维菌素,生物农药,53ml/亩,2025-07-06,21,true
PS01061,P1058,甲基托布津,杀菌剂,86ml/亩,2025-09-18,7,true
PS01062,P1059,三唑酮,杀菌剂,150ml/亩,2025-04-18,21,true
PS01063,P1059,吡虫啉,杀虫剂,80ml/亩,2025-06-04,21,true
PS01064,P1060,苦参碱,生物农药,39ml/亩,2025-09-24,7,true
PS01065,P1061,阿维菌素,生物农药,85ml/亩,2025-07-03,7,true
PS01066,P1061,多菌灵,杀菌剂,67ml/亩,2025-04-20,21,true
PS01067,P1066,苦参碱,生物农药,113ml/亩,2025-05-20,21,true
PS01068,P1067,百菌清,杀菌剂,89ml/亩,2025-09-20,14,true
PS01069,P1067,吡虫啉,杀虫剂,56ml/亩,2025-08-09,21,true
PS01070,P1068,敌敌畏,杀虫剂,119ml/亩,2025-07-20,21,false
PS01071,P1069,甲胺磷,杀虫剂,45ml/亩,2025-07-23,7,false
PS01072,P1072,代森锰锌,杀菌剂,88ml/亩,2025-06-17,21,true
PS01073,P1072,阿维菌素,生物农药,139ml/亩,2025-08-24,7,true
PS01074,P1074,敌敌畏,杀虫剂,117ml/亩,2025-04-27,14,false
PS01075,P1075,百菌清,杀菌剂,103ml/亩,2025-06-17,7,true
PS01076,P1075,甲基托布津,杀菌剂,35ml/亩,2025-04-11,14,true
PS01077,P1080,甲基托布津,杀菌剂,138ml/亩,2025-09-02,21,true
PS01078,P1080,百菌清,杀菌剂,149ml/亩,2025-04-03,21,true
PS01079,P1082,甲胺磷,杀虫剂,55ml/亩,2025-08-13,7,false
PS01080,P1082,三唑酮,杀菌剂,110ml/亩,2025-06-03,14,true
PS01081,P1089,百菌清,杀菌剂,139ml/亩,2025-08-13,14,true
PS01082,P1091,代森锰锌,杀菌剂,128ml/亩,2025-04-19,7,false
PS01083,P1092,吡虫啉,杀虫剂,62ml/亩,2025-09-07,14,false
PS01084,P1094,三唑酮,杀菌剂,74ml/亩,2025-06-11,21,true
PS01085,P1094,甲胺磷,杀虫剂,107ml/亩,2025-09-02,21,false
PS01086,P1096,代森锰锌,杀菌剂,91ml/亩,2025-08-17,21,true
PS01087,P1096,三唑酮,杀菌剂,121ml/亩,2025-07-23,7,true
PS01088,P1097,代森锰锌,杀菌剂,47ml/亩,2025-05-20,7,true
PS01089,P1098,敌敌畏,杀虫剂,37ml/亩,2025-05-09,21,false
PS01090,P1099,三唑酮,杀菌剂,147ml/亩,2025-07-02,21,true
PS01091,P1099,阿维菌素,生物农药,43ml/亩,2025-04-24,21,true
PS01092,P1100,阿维菌素,生物农药,74ml/亩,2025-08-21,14,true
PS01093,P1101,甲基托布津,杀菌剂,35ml/亩,2025-06-10,21,true
PS01094,P1102,苦参碱,生物农药,119ml/亩,2025-04-01,21,true
PS01095,P1102,阿维菌素,生物农药,123ml/亩,2025-05-22,21,true
PS01096,P1103,苦参碱,生物农药,84ml/亩,2025-05-12,14,true
PS01097,P1103,多菌灵,杀菌剂,52ml/亩,2025-05-16,14,true
PS01098,P1104,敌敌畏,杀虫剂,49ml/亩,2025-09-25,21,false
PS01099,P1106,百菌清,杀菌剂,112ml/亩,2025-09-10,7,true
PS01100,P1106,百菌清,杀菌剂,93ml/亩,2025-05-12,21,true
PS01101,P1107,三唑酮,杀菌剂,117ml/亩,2025-05-11,21,true
PS01102,P1107,甲基托布津,杀菌剂,88ml/亩,2025-05-02,21,true
PS01103,P1109,苦参碱,生物农药,130ml/亩,2025-07-23,7,true
PS01104,P1110,敌敌畏,杀虫剂,122ml/亩,2025-05-09,14,false
PS01105,P1110,苦参碱,生物农药,119ml/亩,2025-04-09,21,true
PS01106,P1111,苦参碱,生物农药,79ml/亩,2025-05-10,21,true
PS01107,P1111,多菌灵,杀菌剂,114ml/亩,2025-08-06,14,true
PS01108,P1112,甲基托布津,杀菌剂,79ml/亩,2025-09-09,14,true
PS01109,P1113,甲胺磷,杀虫剂,109ml/亩,2025-05-08,7,false
PS01110,P1113,敌敌畏,杀虫剂,113ml/亩,2025-09-24,14,false
PS01111,P1116,代森锰锌,杀菌剂,55ml/亩,2025-06-12,21,true
PS01112,P1117,三唑酮,杀菌剂,119ml/亩,2025-04-22,14,true
PS01113,P1117,甲基托布津,杀菌剂,121ml/亩,2025-07-03,14,true
PS01114,P1118,苦参碱,生物农药,65ml/亩,2025-08-28,14,true
PS01115,P1119,吡虫啉,杀虫剂,125ml/亩,2025-09-01,7,true
PS01116,P1119,多菌灵,杀菌剂,54ml/亩,2025-04-25,14,true
PS01117,P1120,阿维菌素,生物农药,83ml/亩,2025-09-07,7,true
PS01118,P1123,百菌清,杀菌剂,141ml/亩,2025-06-26,7,true
PS01119,P1124,甲基托布津,杀菌剂,48ml/亩,2025-09-25,14,true
PS01120,P1124,多菌灵,杀菌剂,147ml/亩,2025-05-18,7,true
PS01121,P1125,甲胺磷,杀虫剂,102ml/亩,2025-06-11,7,false
PS01122,P1127,吡虫啉,杀虫剂,81ml/亩,2025-07-15,7,true
PS01123,P1127,甲基托布津,杀菌剂,63ml/亩,2025-04-01,7,true
PS01124,P1128,苦参碱,生物农药,126ml/亩,2025-09-07,7,true
PS01125,P1131,三唑酮,杀菌剂,42ml/亩,2025-09-18,14,true
PS01126,P1134,吡虫啉,杀虫剂,79ml/亩,2025-08-11,7,true
PS01127,P1134,阿维菌素,生物农药,74ml/亩,2025-08-04,14,true
PS01128,P1135,百菌清,杀菌剂,122ml/亩,2025-06-03,21,true
PS01129,P1135,百菌清,杀菌剂,89ml/亩,2025-07-11,21,true
PS01130,P1136,阿维菌素,生物农药,96ml/亩,2025-09-17,14,true
PS01131,P1138,甲胺磷,杀虫剂,62ml/亩,2025-05-25,7,false
PS01132,P1138,代森锰锌,杀菌剂,114ml/亩,2025-07-16,14,true
PS01133,P1140,代森锰锌,杀菌剂,38ml/亩,2025-04-23,7,true
PS01134,P1140,敌敌畏,杀虫剂,104ml/亩,2025-04-02,14,false
PS01135,P1141,阿维菌素,生物农药,35ml/亩,2025-04-06,21,true
PS01136,P1141,苦参碱,生物农药,138ml/亩,2025-04-19,14,true
PS01137,P1142,苦参碱,生物农药,87ml/亩,2025-07-01,21,true
PS01138,P1143,甲胺磷,杀虫剂,33ml/亩,2025-04-01,14,false
PS01139,P1144,甲基托布津,杀菌剂,115ml/亩,2025-04-06,7,true
PS01140,P1146,三唑酮,杀菌剂,137ml/亩,2025-04-01,21,true
PS01141,P1147,百菌清,杀菌剂,123ml/亩,2025-08-13,7,true
PS01142,P1150,阿维菌素,生物农药,61ml/亩,2025-05-06,21,true
PS01143,P1151,百菌清,杀菌剂,145ml/亩,2025-05-28,14,true
PS01144,P1151,甲基托布津,杀菌剂,53ml/亩,2025-07-17,21,true
PS01145,P1153,吡虫啉,杀虫剂,47ml/亩,2025-05-15,14,true
PS01146,P1154,多菌灵,杀菌剂,72ml/亩,2025-05-27,21,true
PS01147,P1154,百菌清,杀菌剂,138ml/亩,2025-04-02,21,true
PS01148,P1156,百菌清,杀菌剂,125ml/亩,2025-05-11,14,true
PS01149,P1156,代森锰锌,杀菌剂,64ml/亩,2025-04-24,7,true
PS01150,P1157,敌敌畏,杀虫剂,141ml/亩,2025-04-23,21,false
PS01151,P1158,代森锰锌,杀菌剂,101ml/亩,2025-09-21,14,true
PS01152,P1158,苦参碱,生物农药,130ml/亩,2025-08-07,7,true
PS01153,P1159,三唑酮,杀菌剂,43ml/亩,2025-08-23,14,true
PS01154,P1159,百菌清,杀菌剂,111ml/亩,2025-08-23,21,true
PS01155,P1162,苦参碱,生物农药,146ml/亩,2025-08-26,14,true
PS01156,P1164,敌敌畏,杀虫剂,133ml/亩,2025-08-20,21,false
PS01157,P1166,敌敌畏,杀虫剂,101ml/亩,2025-04-11,7,false
PS01158,P1166,甲基托布津,杀菌剂,81ml/亩,2025-09-10,14,true
PS01159,P1167,吡虫啉,杀虫剂,134ml/亩,2025-04-07,7,true
PS01160,P1167,苦参碱,生物农药,97ml/亩,2025-09-07,21,true
PS01161,P1168,阿维菌素,生物农药,124ml/亩,2025-04-01,14,true
PS01162,P1168,甲胺磷,杀虫剂,116ml/亩,2025-08-13,14,false
PS01163,P1169,代森锰锌,杀菌剂,88ml/亩,2025-05-21,21,true
PS01164,P1172,百菌清,杀菌剂,67ml/亩,2025-09-15,14,true
PS01165,P1172,百菌清,杀菌剂,122ml/亩,2025-05-16,21,true
PS01166,P1173,甲基托布津,杀菌剂,30ml/亩,2025-08-16,7,true
PS01167,P1173,苦参碱,生物农药,85ml/亩,2025-07-19,21,true
PS01168,P1174,吡虫啉,杀虫剂,74ml/亩,2025-08-07,14,true
PS01169,P1174,代森锰锌,杀菌剂,84ml/亩,2025-09-13,14,true
PS01170,P1175,苦参碱,生物农药,99ml/亩,2025-06-11,21,true
PS01171,P1176,甲胺磷,杀虫剂,64ml/亩,2025-05-13,7,false
PS01172,P1176,甲基托布津,杀菌剂,71ml/亩,2025-09-05,21,true
PS01173,P1177,多菌灵,杀菌剂,53ml/亩,2025-04-19,21,true
PS01174,P1179,三唑酮,杀菌剂,139ml/亩,2025-05-15,7,true
PS01175,P1180,三唑酮,杀菌剂,104ml/亩,2025-09-06,21,true
PS01176,P1181,苦参碱,生物农药,108ml/亩,2025-04-22,14,true
PS01177,P1181,敌敌畏,杀虫剂,133ml/亩,2025-07-04,14,false
PS01178,P1182,阿维菌素,生物农药,134ml/亩,2025-05-06,21,true
PS01179,P1183,苦参碱,生物农药,32ml/亩,2025-09-01,7,true
PS01180,P1183,苦参碱,生物农药,67ml/亩,2025-08-20,14,true
PS01181,P1186,代森锰锌,杀菌剂,71ml/亩,2025-07-06,21,true
PS01182,P1186,苦参碱,生物农药,120ml/亩,2025-07-20,14,true
PS01183,P1188,代森锰锌,杀菌剂,48ml/亩,2025-04-20,14,true
PS01184,P1188,甲基托布津,杀菌剂,148ml/亩,2025-08-10,21,true
PS01185,P1189,苦参碱,生物农药,99ml/亩,2025-06-12,21,true
PS01186,P1189,三唑酮,杀菌剂,109ml/亩,2025-04-22,14,true
PS01187,P1192,甲基托布津,杀菌剂,146ml/亩,2025-08-11,14,true
PS01188,P1193,吡虫啉,杀虫剂,30ml/亩,2025-04-04,7,true
PS01189,P1195,甲基托布津,杀菌剂,140ml/亩,2025-07-04,14,false
PS01190,P1195,三唑酮,杀菌剂,55ml/亩,2025-05-18,21,false
PS01191,P1196,甲基托布津,杀菌剂,102ml/亩,2025-09-25,7,true
PS01192,P1196,三唑酮,杀菌剂,71ml/亩,2025-06-22,21,true
PS01193,P1198,敌敌畏,杀虫剂,97ml/亩,2025-06-01,14,false
PS01194,P1199,甲基托布津,杀菌剂,86ml/亩,2025-04-06,14,true
PS01195,P1199,三唑酮,杀菌剂,66ml/亩,2025-05-15,14,true
PS01196,P1200,甲基托布津,杀菌剂,60ml/亩,2025-06-15,7,true
