record_id,product_id,farm_name,farm_location,start_date,end_date,soil_ph,temperature_range,humidity_range,qualified
PL0001,P0001,四川成都蔬菜基地,四川省成都市,2025-02-20,2025-05-27,6.3,10-25℃,57-81%,true
PL0002,P0002,新疆吐鲁番葡萄园,新疆吐鲁番市,2025-06-26,2025-11-02,6.6,16-29℃,57-86%,true
PL0003,P0003,四川成都蔬菜基地,四川省成都市,2025-03-04,2025-07-27,5.6,15-35℃,60-75%,true
PL0004,P0004,山东寿光绿色农场,山东省寿光市,2025-02-22,2025-04-13,6.3,18-33℃,51-82%,true
PL0005,P0005,新疆吐鲁番葡萄园,新疆吐鲁番市,2025-04-28,2025-06-09,5.8,18-28℃,54-84%,true
PL0006,P0006,河南周口种植基地,河南省周口市,2025-02-08,2025-06-15,7.0,15-27℃,53-82%,true
PL0007,P0007,河北廊坊蔬菜基地,河北省廊坊市,2025-02-16,2025-06-11,7.2,11-32℃,52-80%,true
PL0008,P0008,陕西洛川苹果基地,陕西省洛川县,2025-05-23,2025-10-14,7.4,12-27℃,64-70%,true
PL0009,P0009,黑龙江五常米业,黑龙江省五常市,2025-02-09,2025-07-19,7.5,19-27℃,52-89%,true
PL0010,P0010,山东潍坊蔬菜园,山东省潍坊市,2025-06-02,2025-11-10,7.5,11-28℃,57-75%,true
PL0011,P0011,新疆吐鲁番葡萄园,新疆吐鲁番市,2025-03-17,2025-05-27,6.7,15-25℃,59-75%,true
PL0012,P0012,江西赣南脐橙园,江西省赣州市,2025-06-15,2025-11-24,6.9,14-32℃,64-73%,true
PL0013,P0013,新疆吐鲁番葡萄园,新疆吐鲁番市,2025-06-15,2025-08-20,6.4,17-28℃,52-83%,true
PL0014,P0014,湖北武汉农业园,湖北省武汉市,2025-06-02,2025-10-18,5.7,20-28℃,54-86%,true
PL0015,P0015,湖北武汉农业园,湖北省武汉市,2025-06-19,2025-11-28,5.7,18-35℃,58-87%,true
PL0016,P0016,山东寿光绿色农场,山东省寿光市,2025-05-25,2025-09-08,7.3,10-34℃,63-76%,true
PL0017,P0017,江西赣南脐橙园,江西省赣州市,2025-02-11,2025-06-26,6.3,13-35℃,50-81%,true
PL0018,P0018,辽宁丹东草莓园,辽宁省丹东市,2025-06-07,2025-11-18,7.0,11-29℃,55-85%,true
PL0019,P0019,广西百色芒果园,广西百色市,2025-02-15,2025-05-22,7.5,14-30℃,56-78%,true
PL0020,P0020,河北廊坊蔬菜基地,河北省廊坊市,2025-03-22,2025-05-02,6.6,20-30℃,51-88%,true
PL0021,P0021,黑龙江五常米业,黑龙江省五常市,2025-01-20,2025-04-22,6.4,10-28℃,65-76%,true
PL0022,P0022,陕西洛川苹果基地,陕西省洛川县,2025-01-23,2025-03-03,5.8,15-29℃,57-86%,true
PL0023,P0023,辽宁丹东草莓园,辽宁省丹东市,2025-01-21,2025-04-18,6.5,10-29℃,64-76%,true
PL0024,P0024,广西百色芒果园,广西百色市,2025-06-10,2025-10-11,5.9,14-26℃,60-82%,false
PL0025,P0025,新疆吐鲁番葡萄园,新疆吐鲁番市,2025-05-12,2025-07-03,6.2,16-34℃,63-72%,true
PL0026,P0026,云南昆明花卉基地,云南省昆明市,2025-06-04,2025-08-19,6.5,18-29℃,53-80%,true
PL0027,P0027,河南周口种植基地,河南省周口市,2025-01-23,2025-06-08,6.7,18-33℃,65-77%,true
PL0028,P0028,山东寿光绿色农场,山东省寿光市,2025-05-06,2025-09-09,6.1,13-30℃,58-76%,true
PL0029,P0029,山东潍坊蔬菜园,山东省潍坊市,2025-06-07,2025-10-11,6.3,15-31℃,65-74%,true
PL0030,P0030,黑龙江五常米业,黑龙江省五常市,2025-01-09,2025-04-12,5.5,12-32℃,57-88%,true
PL0031,P0031,陕西洛川苹果基地,陕西省洛川县,2025-01-17,2025-04-09,6.3,12-28℃,60-75%,true
PL0032,P0032,广西百色芒果园,广西百色市,2025-03-07,2025-07-11,6.2,16-30℃,58-76%,true
PL0033,P0033,陕西洛川苹果基地,陕西省洛川县,2025-06-28,2025-09-11,5.6,18-32℃,56-73%,true
PL0034,P0034,黑龙江五常米业,黑龙江省五常市,2025-01-27,2025-03-10,7.2,16-33℃,50-80%,true
PL0035,P0035,广西百色芒果园,广西百色市,2025-03-26,2025-07-22,5.8,18-35℃,62-75%,true
PL0036,P0036,辽宁丹东草莓园,辽宁省丹东市,2025-02-12,2025-05-09,7.4,15-29℃,61-73%,true
PL0037,P0037,陕西洛川苹果基地,陕西省洛川县,2025-01-19,2025-04-13,6.4,16-29℃,62-86%,true
PL0038,P0038,辽宁丹东草莓园,辽宁省丹东市,2025-05-23,2025-09-28,7.0,16-25℃,60-87%,true
PL0039,P0039,湖北武汉农业园,湖北省武汉市,2025-06-04,2025-11-16,6.6,15-29℃,56-80%,true
PL0040,P0040,河南周口种植基地,河南省周口市,2025-02-15,2025-06-17,6.7,20-30℃,57-89%,true
PL0041,P0041,陕西洛川苹果基地,陕西省洛川县,2025-06-26,2025-11-19,6.4,13-33℃,55-74%,true
PL0042,P0042,湖北武汉农业园,湖北省武汉市,2025-05-23,2025-08-08,6.1,13-29℃,59-90%,true
PL0043,P0043,河北廊坊蔬菜基地,河北省廊坊市,2025-05-16,2025-10-21,7.4,17-31℃,56-85%,true
PL0044,P0044,黑龙江五常米业,黑龙江省五常市,2025-06-11,2025-08-21,7.5,19-33℃,52-86%,true
PL0045,P0045,湖北武汉农业园,湖北省武汉市,2025-06-16,2025-08-11,6.2,14-31℃,51-79%,true
PL0046,P0046,新疆吐鲁番葡萄园,新疆吐鲁番市,2025-04-04,2025-08-25,6.2,19-26℃,64-77%,true
PL0047,P0047,新疆吐鲁番葡萄园,新疆吐鲁番市,2025-04-09,2025-07-01,6.6,14-29℃,65-87%,true
PL0048,P0048,河北廊坊蔬菜基地,河北省廊坊市,2025-05-18,2025-10-11,7.5,14-25℃,50-80%,true
PL0049,P0049,云南昆明花卉基地,云南省昆明市,2025-01-12,2025-04-22,7.1,13-32℃,51-90%,true
PL0050,P0050,江西赣南脐橙园,江西省赣州市,2025-04-28,2025-06-15,7.2,14-33℃,63-75%,true
PL0051,P0051,内蒙古土豆农场,内蒙古乌兰察布,2025-06-18,2025-11-24,5.9,10-25℃,64-85%,true
PL0052,P0052,辽宁丹东草莓园,辽宁省丹东市,2025-06-09,2025-10-18,7.1,17-35℃,56-85%,true
PL0053,P0053,广西百色芒果园,广西百色市,2025-01-22,2025-04-14,7.3,13-30℃,64-87%,true
PL0054,P0054,浙江杭州茶园,浙江省杭州市,2025-03-08,2025-08-06,6.9,19-26℃,53-74%,true
PL0055,P0055,云南昆明花卉基地,云南省昆明市,2025-04-04,2025-07-20,7.4,19-35℃,57-81%,true
PL0056,P0056,黑龙江五常米业,黑龙江省五常市,2025-01-01,2025-06-08,7.1,17-33℃,60-80%,true
PL0057,P0057,四川成都蔬菜基地,四川省成都市,2025-03-09,2025-08-07,5.6,13-27℃,54-70%,true
PL0058,P0058,湖北武汉农业园,湖北省武汉市,2025-04-21,2025-07-05,7.0,17-28℃,61-76%,true
PL0059,P0059,湖北武汉农业园,湖北省武汉市,2025-02-15,2025-05-11,7.2,11-34℃,57-81%,true
PL0060,P0060,江西赣南脐橙园,江西省赣州市,2025-04-26,2025-09-13,6.1,16-29℃,63-88%,true
PL0061,P0061,陕西洛川苹果基地,陕西省洛川县,2025-01-14,2025-04-07,6.0,15-32℃,61-71%,true
PL0062,P0062,浙江杭州茶园,浙江省杭州市,2025-02-25,2025-04-16,7.5,14-29℃,53-76%,true
PL0063,P0063,陕西洛川苹果基地,陕西省洛川县,2025-03-28,2025-06-05,7.3,19-32℃,55-82%,true
PL0064,P0064,辽宁丹东草莓园,辽宁省丹东市,2025-01-19,2025-03-23,6.1,18-30℃,59-73%,true
PL0065,P0065,山东寿光绿色农场,山东省寿光市,2025-02-16,2025-05-03,7.1,11-30℃,64-73%,true
PL0066,P0066,云南昆明花卉基地,云南省昆明市,2025-02-07,2025-06-16,6.7,17-35℃,62-79%,true
PL0067,P0067,浙江杭州茶园,浙江省杭州市,2025-03-21,2025-08-16,5.5,13-25℃,63-84%,true
PL0068,P0068,陕西洛川苹果基地,陕西省洛川县,2025-03-11,2025-07-26,7.1,15-25℃,63-75%,true
PL0069,P0069,广西百色芒果园,广西百色市,2025-05-11,2025-07-18,6.2,20-30℃,53-70%,true
PL0070,P0070,陕西洛川苹果基地,陕西省洛川县,2025-04-24,2025-07-10,6.1,17-25℃,51-76%,true
PL0071,P0071,黑龙江五常米业,黑龙江省五常市,2025-06-10,2025-10-19,6.2,20-35℃,61-70%,true
PL0072,P0072,河南周口种植基地,河南省周口市,2025-03-03,2025-05-22,5.9,19-25℃,55-76%,true
PL0073,P0073,河北廊坊蔬菜基地,河北省廊坊市,2025-05-13,2025-08-23,6.3,18-28℃,56-78%,true
PL0074,P0074,湖北武汉农业园,湖北省武汉市,2025-02-23,2025-06-28,5.9,12-29℃,59-70%,true
PL0075,P0075,黑龙江五常米业,黑龙江省五常市,2025-02-16,2025-07-23,6.9,14-33℃,60-76%,true
PL0076,P0076,河北廊坊蔬菜基地,河北省廊坊市,2025-05-12,2025-10-13,7.2,20-27℃,58-90%,true
PL0077,P0077,黑龙江五常米业,黑龙江省五常市,2025-04-13,2025-06-15,5.8,12-33℃,50-73%,true
PL0078,P0078,四川成都蔬菜基地,四川省成都市,2025-03-06,2025-05-24,6.4,18-31℃,52-80%,true
PL0079,P0079,四川成都蔬菜基地,四川省成都市,2025-05-21,2025-07-14,7.4,14-29℃,57-80%,true
PL0080,P0080,山东潍坊蔬菜园,山东省潍坊市,2025-02-09,2025-05-03,6.1,16-35℃,52-78%,true
PL0081,P0081,河南周口种植基地,河南省周口市,2025-02-13,2025-07-05,6.4,20-34℃,59-81%,true
PL0082,P0082,辽宁丹东草莓园,辽宁省丹东市,2025-05-17,2025-10-19,6.8,16-27℃,50-86%,true
PL0083,P0083,江西赣南脐橙园,江西省赣州市,2025-04-18,2025-06-17,6.3,17-32℃,58-73%,true
PL0084,P0084,山东寿光绿色农场,山东省寿光市,2025-04-27,2025-06-24,6.3,15-25℃,60-81%,true
PL0085,P0085,四川成都蔬菜基地,四川省成都市,2025-04-13,2025-09-09,5.6,20-27℃,65-89%,true
PL0086,P0086,浙江杭州茶园,浙江省杭州市,2025-02-19,2025-05-28,6.5,13-32℃,58-89%,true
PL0087,P0087,山东潍坊蔬菜园,山东省潍坊市,2025-06-09,2025-08-26,6.4,14-35℃,56-74%,true
PL0088,P0088,内蒙古土豆农场,内蒙古乌兰察布,2025-06-19,2025-08-27,6.6,11-26℃,56-84%,true
PL0089,P0089,河北廊坊蔬菜基地,河北省廊坊市,2025-05-20,2025-10-14,6.1,17-25℃,63-88%,true
PL0090,P0090,陕西洛川苹果基地,陕西省洛川县,2025-06-28,2025-09-06,7.3,17-30℃,65-83%,true
PL0091,P0091,山东潍坊蔬菜园,山东省潍坊市,2025-05-16,2025-10-07,7.4,19-30℃,60-85%,true
PL0092,P0092,湖北武汉农业园,湖北省武汉市,2025-04-17,2025-07-05,6.5,14-30℃,65-78%,true
PL0093,P0093,山东寿光绿色农场,山东省寿光市,2025-04-12,2025-06-02,7.4,12-27℃,61-77%,true
PL0094,P0094,江西赣南脐橙园,江西省赣州市,2025-04-08,2025-06-02,6.7,19-25℃,52-90%,true
PL0095,P0095,山东潍坊蔬菜园,山东省潍坊市,2025-04-17,2025-07-15,7.4,12-29℃,56-74%,true
PL0096,P0096,云南昆明花卉基地,云南省昆明市,2025-04-12,2025-09-01,7.0,11-26℃,54-82%,true
PL0097,P0097,黑龙江五常米业,黑龙江省五常市,2025-05-12,2025-07-18,5.9,11-34℃,59-76%,true
PL0098,P0098,云南昆明花卉基地,云南省昆明市,2025-03-24,2025-07-26,5.7,10-31℃,59-72%,true
PL0099,P0099,内蒙古土豆农场,内蒙古乌兰察布,2025-03-26,2025-05-23,6.9,11-27℃,63-74%,true
PL0100,P0100,内蒙古土豆农场,内蒙古乌兰察布,2025-02-11,2025-06-16,7.2,13-26℃,50-88%,true
PL0101,P0101,山东寿光绿色农场,山东省寿光市,2025-02-03,2025-07-21,5.9,20-25℃,59-75%,true
PL0102,P0102,山东潍坊蔬菜园,山东省潍坊市,2025-01-02,2025-04-04,6.6,14-33℃,53-75%,true
PL0103,P0103,陕西洛川苹果基地,陕西省洛川县,2025-01-04,2025-06-08,6.2,20-25℃,56-88%,true
PL0104,P0104,云南昆明花卉基地,云南省昆明市,2025-05-23,2025-10-28,7.0,11-31℃,51-79%,true
PL0105,P0105,四川成都蔬菜基地,四川省成都市,2025-01-02,2025-04-27,6.0,16-32℃,64-86%,true
PL0106,P0106,四川成都蔬菜基地,四川省成都市,2025-02-01,2025-05-04,6.8,11-33℃,61-71%,true
PL0107,P0107,河北廊坊蔬菜基地,河北省廊坊市,2025-05-18,2025-08-14,7.4,12-32℃,57-78%,true
PL0108,P0108,河北廊坊蔬菜基地,河北省廊坊市,2025-06-15,2025-09-01,6.3,16-33℃,61-89%,true
PL0109,P0109,江西赣南脐橙园,江西省赣州市,2025-06-15,2025-11-05,7.2,14-27℃,64-84%,true
PL0110,P0110,内蒙古土豆农场,内蒙古乌兰察布,2025-05-26,2025-08-10,5.9,11-28℃,50-90%,true
PL0111,P0111,黑龙江五常米业,黑龙江省五常市,2025-03-03,2025-08-27,6.0,16-29℃,60-73%,true
PL0112,P0112,新疆吐鲁番葡萄园,新疆吐鲁番市,2025-05-06,2025-10-07,7.0,16-26℃,65-83%,true
PL0113,P0113,陕西洛川苹果基地,陕西省洛川县,2025-03-01,2025-06-16,6.3,15-30℃,59-70%,true
PL0114,P0114,四川成都蔬菜基地,四川省成都市,2025-05-10,2025-10-24,5.6,14-26℃,51-87%,true
PL0115,P0115,山东寿光绿色农场,山东省寿光市,2025-05-06,2025-08-21,7.0,20-33℃,56-79%,true
PL0116,P0116,河南周口种植基地,河南省周口市,2025-06-23,2025-10-17,6.1,19-35℃,55-90%,true
PL0117,P0117,浙江杭州茶园,浙江省杭州市,2025-02-14,2025-06-23,5.7,17-31℃,59-74%,true
PL0118,P0118,广西百色芒果园,广西百色市,2025-05-24,2025-09-17,6.8,18-27℃,50-81%,true
PL0119,P0119,辽宁丹东草莓园,辽宁省丹东市,2025-03-10,2025-08-20,7.2,14-28℃,52-87%,true
PL0120,P0120,黑龙江五常米业,黑龙江省五常市,2025-05-21,2025-07-15,7.0,20-29℃,61-84%,true
PL0121,P0121,山东寿光绿色农场,山东省寿光市,2025-02-16,2025-05-27,6.2,11-26℃,56-87%,true
PL0122,P0122,云南昆明花卉基地,云南省昆明市,2025-06-13,2025-08-18,6.5,14-35℃,53-70%,true
PL0123,P0123,山东潍坊蔬菜园,山东省潍坊市,2025-06-22,2025-11-24,6.5,11-35℃,52-73%,true
PL0124,P0124,湖北武汉农业园,湖北省武汉市,2025-02-05,2025-07-28,6.4,18-30℃,57-81%,true
PL0125,P0125,湖北武汉农业园,湖北省武汉市,2025-04-08,2025-09-06,6.0,11-27℃,52-83%,true
PL0126,P0126,广西百色芒果园,广西百色市,2025-06-27,2025-08-20,7.0,18-30℃,50-87%,true
PL0127,P0127,河北廊坊蔬菜基地,河北省廊坊市,2025-04-26,2025-09-28,7.2,11-26℃,57-78%,true
PL0128,P0128,浙江杭州茶园,浙江省杭州市,2025-05-24,2025-07-13,7.1,14-27℃,53-72%,true
PL0129,P0129,新疆吐鲁番葡萄园,新疆吐鲁番市,2025-01-06,2025-05-20,6.0,10-34℃,51-76%,true
PL0130,P0130,辽宁丹东草莓园,辽宁省丹东市,2025-03-12,2025-07-28,6.2,19-26℃,51-75%,true
PL0131,P0131,云南昆明花卉基地,云南省昆明市,2025-06-02,2025-09-18,6.9,15-34℃,60-74%,true
PL0132,P0132,广西百色芒果园,广西百色市,2025-05-20,2025-07-27,5.7,16-33℃,62-70%,true
PL0133,P0133,云南昆明花卉基地,云南省昆明市,2025-03-12,2025-06-26,5.5,19-35℃,65-87%,true
PL0134,P0134,内蒙古土豆农场,内蒙古乌兰察布,2025-01-03,2025-05-21,7.0,19-30℃,58-74%,true
PL0135,P0135,新疆吐鲁番葡萄园,新疆吐鲁番市,2025-03-17,2025-07-23,7.3,16-27℃,61-71%,true
PL0136,P0136,河南周口种植基地,河南省周口市,2025-04-20,2025-06-07,7.5,13-34℃,50-71%,true
PL0137,P0137,河北廊坊蔬菜基地,河北省廊坊市,2025-05-27,2025-09-17,7.1,11-30℃,60-81%,true
PL0138,P0138,江西赣南脐橙园,江西省赣州市,2025-03-16,2025-07-22,5.7,18-26℃,62-72%,true
PL0139,P0139,河北廊坊蔬菜基地,河北省廊坊市,2025-06-24,2025-10-24,6.6,12-32℃,61-84%,true
PL0140,P0140,云南昆明花卉基地,云南省昆明市,2025-02-16,2025-06-02,6.7,20-25℃,53-90%,true
PL0141,P0141,河北廊坊蔬菜基地,河北省廊坊市,2025-05-16,2025-08-23,6.3,12-27℃,65-83%,true
PL0142,P0142,山东潍坊蔬菜园,山东省潍坊市,2025-01-24,2025-05-27,7.2,11-29℃,57-78%,true
PL0143,P0143,山东潍坊蔬菜园,山东省潍坊市,2025-02-18,2025-06-24,5.6,10-27℃,62-80%,true
PL0144,P0144,新疆吐鲁番葡萄园,新疆吐鲁番市,2025-06-03,2025-08-03,6.8,15-26℃,55-89%,true
PL0145,P0145,云南昆明花卉基地,云南省昆明市,2025-02-17,2025-06-12,7.5,18-30℃,55-79%,true
PL0146,P0146,山东寿光绿色农场,山东省寿光市,2025-05-28,2025-08-09,5.7,16-32℃,59-89%,true
PL0147,P0147,四川成都蔬菜基地,四川省成都市,2025-06-02,2025-08-23,6.7,18-25℃,56-78%,true
PL0148,P0148,河南周口种植基地,河南省周口市,2025-05-12,2025-10-14,6.7,14-30℃,61-72%,true
PL0149,P0149,湖北武汉农业园,湖北省武汉市,2025-04-11,2025-06-07,7.3,12-29℃,55-85%,true
PL0150,P0150,云南昆明花卉基地,云南省昆明市,2025-02-23,2025-05-11,6.8,15-26℃,59-86%,true
PL0151,P0151,河北廊坊蔬菜基地,河北省廊坊市,2025-04-04,2025-06-19,5.5,11-30℃,51-73%,true
PL0152,P0152,黑龙江五常米业,黑龙江省五常市,2025-05-13,2025-10-02,6.3,19-25℃,51-85%,true
PL0153,P0153,广西百色芒果园,广西百色市,2025-02-20,2025-04-15,7.4,15-29℃,62-81%,true
PL0154,P0154,河南周口种植基地,河南省周口市,2025-06-09,2025-08-03,6.4,11-34℃,54-76%,true
PL0155,P0155,辽宁丹东草莓园,辽宁省丹东市,2025-02-17,2025-04-28,6.9,19-27℃,51-71%,true
PL0156,P0156,山东寿光绿色农场,山东省寿光市,2025-04-17,2025-08-22,6.5,11-27℃,60-71%,true
PL0157,P0157,河北廊坊蔬菜基地,河北省廊坊市,2025-05-07,2025-09-16,5.8,16-28℃,62-86%,true
PL0158,P0158,云南昆明花卉基地,云南省昆明市,2025-06-21,2025-08-09,5.9,19-34℃,52-78%,true
PL0159,P0159,黑龙江五常米业,黑龙江省五常市,2025-01-03,2025-06-13,6.3,20-27℃,52-80%,true
PL0160,P0160,陕西洛川苹果基地,陕西省洛川县,2025-04-12,2025-06-01,6.4,14-33℃,65-83%,true
PL0161,P0161,四川成都蔬菜基地,四川省成都市,2025-02-15,2025-07-15,5.9,12-32℃,60-83%,true
PL0162,P0162,新疆吐鲁番葡萄园,新疆吐鲁番市,2025-05-02,2025-10-13,7.1,12-31℃,52-77%,true
PL0163,P0163,黑龙江五常米业,黑龙江省五常市,2025-03-20,2025-07-24,6.3,13-25℃,61-88%,true
PL0164,P0164,四川成都蔬菜基地,四川省成都市,2025-05-18,2025-07-25,6.4,16-30℃,53-81%,true
PL0165,P0165,陕西洛川苹果基地,陕西省洛川县,2025-05-11,2025-09-03,7.3,12-29℃,61-89%,true
PL0166,P0166,陕西洛川苹果基地,陕西省洛川县,2025-05-15,2025-08-26,5.8,12-25℃,55-81%,true
PL0167,P0167,湖北武汉农业园,湖北省武汉市,2025-01-06,2025-04-06,6.6,12-34℃,57-80%,true
PL0168,P0168,黑龙江五常米业,黑龙江省五常市,2025-02-23,2025-05-19,6.6,20-31℃,56-80%,true
PL0169,P0169,辽宁丹东草莓园,辽宁省丹东市,2025-01-19,2025-06-24,5.8,16-30℃,59-77%,true
PL0170,P0170,湖北武汉农业园,湖北省武汉市,2025-03-24,2025-08-08,6.3,19-29℃,55-87%,true
PL0171,P0171,山东潍坊蔬菜园,山东省潍坊市,2025-06-21,2025-08-02,7.1,12-30℃,55-86%,true
PL0172,P0172,江西赣南脐橙园,江西省赣州市,2025-06-09,2025-09-15,6.0,20-29℃,50-87%,true
PL0173,P0173,湖北武汉农业园,湖北省武汉市,2025-01-05,2025-03-11,6.9,16-35℃,53-84%,true
PL0174,P0174,山东潍坊蔬菜园,山东省潍坊市,2025-05-10,2025-08-18,6.1,10-33℃,50-85%,true
PL0175,P0175,浙江杭州茶园,浙江省杭州市,2025-06-20,2025-10-14,6.4,12-25℃,65-79%,true
PL0176,P0176,河北廊坊蔬菜基地,河北省廊坊市,2025-06-02,2025-09-17,5.8,10-34℃,59-70%,true
PL0177,P0177,河南周口种植基地,河南省周口市,2025-03-08,2025-05-02,6.5,19-25℃,54-80%,true
PL0178,P0178,陕西洛川苹果基地,陕西省洛川县,2025-05-18,2025-09-24,7.4,10-33℃,56-87%,true
PL0179,P0179,四川成都蔬菜基地,四川省成都市,2025-05-15,2025-07-04,6.4,18-32℃,57-78%,true
PL0180,P0180,河北廊坊蔬菜基地,河北省廊坊市,2025-04-21,2025-07-21,6.0,20-26℃,59-75%,true
PL0181,P0181,河北廊坊蔬菜基地,河北省廊坊市,2025-03-03,2025-08-14,5.9,15-35℃,63-88%,true
PL0182,P0182,山东寿光绿色农场,山东省寿光市,2025-05-14,2025-10-03,6.9,19-32℃,61-78%,true
PL0183,P0183,浙江杭州茶园,浙江省杭州市,2025-03-21,2025-05-10,5.6,11-26℃,50-84%,true
PL0184,P0184,山东潍坊蔬菜园,山东省潍坊市,2025-02-16,2025-06-12,6.6,20-35℃,56-76%,true
PL0185,P0185,陕西洛川苹果基地,陕西省洛川县,2025-03-28,2025-05-11,7.2,18-33℃,54-83%,true
PL0186,P0186,浙江杭州茶园,浙江省杭州市,2025-04-08,2025-09-14,5.6,17-34℃,57-74%,true
PL0187,P0187,黑龙江五常米业,黑龙江省五常市,2025-06-11,2025-11-16,5.7,12-28℃,52-78%,true
PL0188,P0188,浙江杭州茶园,浙江省杭州市,2025-01-13,2025-04-09,6.2,20-26℃,53-72%,true
PL0189,P0189,广西百色芒果园,广西百色市,2025-03-24,2025-08-03,7.1,16-29℃,65-87%,true
PL0190,P0190,湖北武汉农业园,湖北省武汉市,2025-06-21,2025-10-21,6.1,15-35℃,56-76%,true
PL0191,P0191,广西百色芒果园,广西百色市,2025-05-06,2025-10-12,5.9,12-31℃,53-80%,true
PL0192,P0192,湖北武汉农业园,湖北省武汉市,2025-05-17,2025-09-14,7.2,14-27℃,61-89%,true
PL0193,P0193,黑龙江五常米业,黑龙江省五常市,2025-04-08,2025-09-21,6.0,13-30℃,63-81%,true
PL0194,P0194,浙江杭州茶园,浙江省杭州市,2025-06-23,2025-10-02,6.1,12-31℃,53-80%,true
PL0195,P0195,辽宁丹东草莓园,辽宁省丹东市,2025-06-08,2025-09-23,6.9,14-31℃,53-86%,true
PL0196,P0196,黑龙江五常米业,黑龙江省五常市,2025-04-08,2025-08-07,5.8,16-32℃,53-85%,true
PL0197,P0197,浙江杭州茶园,浙江省杭州市,2025-04-02,2025-07-14,6.4,11-32℃,64-85%,false
PL0198,P0198,湖北武汉农业园,湖北省武汉市,2025-02-01,2025-05-19,6.7,18-31℃,56-72%,true
PL0199,P0199,新疆吐鲁番葡萄园,新疆吐鲁番市,2025-03-15,2025-08-03,7.1,10-33℃,56-71%,true
PL0200,P0200,新疆吐鲁番葡萄园,新疆吐鲁番市,2025-03-11,2025-06-19,5.5,11-35℃,59-73%,true
PL0201,P0201,山东寿光绿色农场,山东省寿光市,2025-04-04,2025-08-19,7.1,20-33℃,56-79%,true
PL0202,P0202,陕西洛川苹果基地,陕西省洛川县,2025-04-17,2025-08-06,7.5,16-35℃,60-74%,true
PL0203,P0203,河北廊坊蔬菜基地,河北省廊坊市,2025-06-06,2025-09-06,5.8,14-26℃,52-82%,true
PL0204,P0204,内蒙古土豆农场,内蒙古乌兰察布,2025-05-22,2025-09-09,5.7,16-28℃,64-73%,true
PL0205,P0205,江西赣南脐橙园,江西省赣州市,2025-01-20,2025-06-12,6.6,19-35℃,61-75%,true
PL0206,P0206,陕西洛川苹果基地,陕西省洛川县,2025-06-27,2025-11-09,6.2,20-26℃,54-73%,true
PL0207,P0207,山东寿光绿色农场,山东省寿光市,2025-02-14,2025-05-10,5.8,19-28℃,52-83%,true
PL0208,P0208,河北廊坊蔬菜基地,河北省廊坊市,2025-02-02,2025-07-02,6.8,18-28℃,62-72%,true
PL0209,P0209,内蒙古土豆农场,内蒙古乌兰察布,2025-05-18,2025-09-20,7.5,11-35℃,51-74%,true
PL0210,P0210,内蒙古土豆农场,内蒙古乌兰察布,2025-03-28,2025-06-12,6.8,20-35℃,64-77%,true
PL0211,P0211,广西百色芒果园,广西百色市,2025-04-27,2025-07-01,6.9,14-33℃,50-72%,true
PL0212,P0212,河南周口种植基地,河南省周口市,2025-04-17,2025-08-05,5.7,17-33℃,63-77%,true
PL0213,P0213,山东潍坊蔬菜园,山东省潍坊市,2025-04-14,2025-09-01,6.7,12-32℃,62-71%,true
PL0214,P0214,辽宁丹东草莓园,辽宁省丹东市,2025-04-23,2025-06-17,6.0,14-28℃,54-80%,true
PL0215,P0215,湖北武汉农业园,湖北省武汉市,2025-02-03,2025-07-16,7.5,15-30℃,63-90%,true
PL0216,P0216,黑龙江五常米业,黑龙江省五常市,2025-01-13,2025-04-01,5.8,19-25℃,62-78%,true
PL0217,P0217,山东潍坊蔬菜园,山东省潍坊市,2025-04-13,2025-07-05,5.6,20-35℃,61-85%,true
PL0218,P0218,陕西洛川苹果基地,陕西省洛川县,2025-03-26,2025-08-08,6.1,10-25℃,59-72%,true
PL0219,P0219,四川成都蔬菜基地,四川省成都市,2025-03-11,2025-05-09,7.1,17-32℃,52-72%,true
PL0220,P0220,山东潍坊蔬菜园,山东省潍坊市,2025-05-19,2025-10-06,5.6,12-27℃,60-89%,true
PL0221,P0221,陕西洛川苹果基地,陕西省洛川县,2025-03-17,2025-08-28,5.8,11-26℃,56-83%,true
PL0222,P0222,内蒙古土豆农场,内蒙古乌兰察布,2025-03-22,2025-06-20,6.2,18-28℃,65-77%,true
PL0223,P0223,河南周口种植基地,河南省周口市,2025-03-09,2025-08-19,5.9,10-26℃,60-87%,true
PL0224,P0224,山东潍坊蔬菜园,山东省潍坊市,2025-05-26,2025-08-05,5.6,11-30℃,61-71%,true
PL0225,P0225,内蒙古土豆农场,内蒙古乌兰察布,2025-03-02,2025-06-17,6.3,17-35℃,65-90%,true
PL0226,P0226,辽宁丹东草莓园,辽宁省丹东市,2025-04-17,2025-06-09,5.5,13-28℃,65-89%,false
PL0227,P0227,山东潍坊蔬菜园,山东省潍坊市,2025-06-16,2025-11-06,6.6,20-34℃,54-81%,true
PL0228,P0228,江西赣南脐橙园,江西省赣州市,2025-01-27,2025-04-19,6.4,12-27℃,62-72%,true
PL0229,P0229,内蒙古土豆农场,内蒙古乌兰察布,2025-06-23,2025-09-07,7.4,16-29℃,53-86%,true
PL0230,P0230,浙江杭州茶园,浙江省杭州市,2025-03-04,2025-06-16,7.0,17-28℃,50-81%,true
PL0231,P0231,新疆吐鲁番葡萄园,新疆吐鲁番市,2025-03-23,2025-07-18,7.5,15-32℃,58-75%,true
PL0232,P0232,山东潍坊蔬菜园,山东省潍坊市,2025-02-02,2025-06-08,6.5,12-35℃,59-76%,true
PL0233,P0233,内蒙古土豆农场,内蒙古乌兰察布,2025-03-01,2025-06-02,5.6,13-27℃,53-89%,true
PL0234,P0234,江西赣南脐橙园,江西省赣州市,2025-03-26,2025-06-04,6.2,15-34℃,53-83%,true
PL0235,P0235,浙江杭州茶园,浙江省杭州市,2025-06-19,2025-08-23,5.5,16-32℃,56-85%,true
PL0236,P0236,陕西洛川苹果基地,陕西省洛川县,2025-01-06,2025-06-13,6.0,12-32℃,56-73%,true
PL0237,P0237,河北廊坊蔬菜基地,河北省廊坊市,2025-03-01,2025-07-01,6.1,18-31℃,56-80%,true
PL0238,P0238,浙江杭州茶园,浙江省杭州市,2025-04-06,2025-09-15,6.4,13-31℃,60-73%,false
PL0239,P0239,广西百色芒果园,广西百色市,2025-02-06,2025-04-19,6.0,14-31℃,58-80%,true
PL0240,P0240,河北廊坊蔬菜基地,河北省廊坊市,2025-04-25,2025-08-22,6.7,12-29℃,55-71%,true
PL0241,P0241,云南昆明花卉基地,云南省昆明市,2025-04-18,2025-06-21,7.1,14-31℃,61-78%,true
PL0242,P0242,广西百色芒果园,广西百色市,2025-03-03,2025-06-26,6.8,20-28℃,61-78%,true
PL0243,P0243,河南周口种植基地,河南省周口市,2025-06-03,2025-11-03,6.9,18-25℃,53-85%,true
PL0244,P0244,新疆吐鲁番葡萄园,新疆吐鲁番市,2025-02-06,2025-07-11,6.0,17-30℃,54-75%,true
PL0245,P0245,浙江杭州茶园,浙江省杭州市,2025-06-18,2025-08-09,6.1,10-28℃,53-79%,true
PL0246,P0246,浙江杭州茶园,浙江省杭州市,2025-03-11,2025-05-22,5.8,15-26℃,58-80%,true
PL0247,P0247,浙江杭州茶园,浙江省杭州市,2025-05-09,2025-09-12,7.2,13-26℃,51-75%,true
PL0248,P0248,河北廊坊蔬菜基地,河北省廊坊市,2025-06-23,2025-11-08,5.6,11-26℃,59-77%,true
PL0249,P0249,四川成都蔬菜基地,四川省成都市,2025-06-17,2025-08-06,6.5,13-27℃,62-80%,true
PL0250,P0250,浙江杭州茶园,浙江省杭州市,2025-06-16,2025-10-04,6.2,18-32℃,50-82%,true
PL0251,P0251,江西赣南脐橙园,江西省赣州市,2025-04-14,2025-08-12,6.5,10-28℃,51-85%,true
PL0252,P0252,内蒙古土豆农场,内蒙古乌兰察布,2025-06-15,2025-08-12,5.6,20-31℃,57-79%,true
PL0253,P0253,河北廊坊蔬菜基地,河北省廊坊市,2025-02-15,2025-06-02,6.3,16-31℃,54-82%,true
PL0254,P0254,河北廊坊蔬菜基地,河北省廊坊市,2025-05-06,2025-07-10,6.9,16-29℃,52-71%,true
PL0255,P0255,陕西洛川苹果基地,陕西省洛川县,2025-01-12,2025-03-18,5.5,17-25℃,61-86%,true
PL0256,P0256,山东潍坊蔬菜园,山东省潍坊市,2025-04-04,2025-07-28,5.7,14-35℃,55-78%,true
PL0257,P0257,河北廊坊蔬菜基地,河北省廊坊市,2025-05-06,2025-08-21,6.1,20-29℃,55-74%,true
PL0258,P0258,黑龙江五常米业,黑龙江省五常市,2025-01-12,2025-03-09,5.5,20-27℃,58-70%,true
PL0259,P0259,广西百色芒果园,广西百色市,2025-03-03,2025-07-08,6.8,19-34℃,61-90%,true
PL0260,P0260,湖北武汉农业园,湖北省武汉市,2025-04-13,2025-08-09,6.0,19-32℃,64-79%,true
PL0261,P0261,山东寿光绿色农场,山东省寿光市,2025-01-20,2025-04-17,5.7,16-34℃,59-74%,true
PL0262,P0262,四川成都蔬菜基地,四川省成都市,2025-01-28,2025-04-08,7.1,20-26℃,52-76%,true
PL0263,P0263,辽宁丹东草莓园,辽宁省丹东市,2025-06-14,2025-11-03,6.3,10-32℃,63-83%,true
PL0264,P0264,河北廊坊蔬菜基地,河北省廊坊市,2025-04-22,2025-07-09,6.9,19-33℃,55-78%,true
PL0265,P0265,河南周口种植基地,河南省周口市,2025-04-02,2025-09-15,7.5,10-34℃,54-89%,true
PL0266,P0266,四川成都蔬菜基地,四川省成都市,2025-03-28,2025-05-26,6.7,15-28℃,55-75%,true
PL0267,P0267,山东寿光绿色农场,山东省寿光市,2025-04-28,2025-06-08,7.2,15-30℃,60-78%,true
PL0268,P0268,广西百色芒果园,广西百色市,2025-04-08,2025-09-27,6.6,20-35℃,51-80%,true
PL0269,P0269,黑龙江五常米业,黑龙江省五常市,2025-04-05,2025-07-07,7.1,16-29℃,59-87%,true
PL0270,P0270,山东潍坊蔬菜园,山东省潍坊市,2025-03-26,2025-06-17,7.4,10-27℃,50-78%,true
PL0271,P0271,新疆吐鲁番葡萄园,新疆吐鲁番市,2025-05-10,2025-07-27,7.0,20-27℃,61-70%,true
PL0272,P0272,浙江杭州茶园,浙江省杭州市,2025-02-22,2025-05-12,6.3,13-30℃,56-79%,true
PL0273,P0273,河南周口种植基地,河南省周口市,2025-04-27,2025-08-07,7.4,12-31℃,62-86%,true
PL0274,P0274,江西赣南脐橙园,江西省赣州市,2025-03-19,2025-07-15,6.7,13-34℃,53-77%,true
PL0275,P0275,黑龙江五常米业,黑龙江省五常市,2025-05-09,2025-07-27,6.8,17-30℃,53-72%,true
PL0276,P0276,湖北武汉农业园,湖北省武汉市,2025-04-10,2025-09-10,5.9,12-30℃,53-87%,true
PL0277,P0277,山东寿光绿色农场,山东省寿光市,2025-06-09,2025-11-08,6.1,16-27℃,63-72%,true
PL0278,P0278,广西百色芒果园,广西百色市,2025-01-19,2025-06-02,6.7,20-35℃,64-78%,true
PL0279,P0279,河北廊坊蔬菜基地,河北省廊坊市,2025-06-21,2025-09-11,7.0,16-29℃,65-72%,true
PL0280,P0280,河北廊坊蔬菜基地,河北省廊坊市,2025-02-20,2025-04-27,7.3,20-33℃,59-74%,true
PL0281,P0281,河南周口种植基地,河南省周口市,2025-01-17,2025-04-12,6.5,15-33℃,53-74%,true
PL0282,P0282,陕西洛川苹果基地,陕西省洛川县,2025-04-25,2025-06-08,7.0,19-27℃,56-86%,true
PL0283,P0283,广西百色芒果园,广西百色市,2025-04-14,2025-08-17,6.9,12-31℃,64-73%,true
PL0284,P0284,云南昆明花卉基地,云南省昆明市,2025-06-25,2025-09-27,6.0,16-26℃,63-76%,true
PL0285,P0285,河北廊坊蔬菜基地,河北省廊坊市,2025-03-14,2025-07-15,6.6,15-34℃,58-87%,true
PL0286,P0286,云南昆明花卉基地,云南省昆明市,2025-06-24,2025-08-12,6.7,11-25℃,63-85%,true
PL0287,P0287,河南周口种植基地,河南省周口市,2025-03-28,2025-05-28,6.1,17-30℃,62-85%,true
PL0288,P0288,湖北武汉农业园,湖北省武汉市,2025-03-19,2025-06-17,7.0,15-32℃,63-78%,true
PL0289,P0289,河北廊坊蔬菜基地,河北省廊坊市,2025-03-24,2025-05-22,6.5,20-30℃,63-72%,true
PL0290,P0290,新疆吐鲁番葡萄园,新疆吐鲁番市,2025-04-28,2025-07-02,6.8,18-34℃,64-84%,true
PL0291,P0291,河南周口种植基地,河南省周口市,2025-04-04,2025-09-25,6.7,11-27℃,56-78%,true
PL0292,P0292,内蒙古土豆农场,内蒙古乌兰察布,2025-02-06,2025-05-09,5.6,13-26℃,59-80%,true
PL0293,P0293,云南昆明花卉基地,云南省昆明市,2025-06-11,2025-10-18,5.5,20-33℃,50-76%,true
PL0294,P0294,山东寿光绿色农场,山东省寿光市,2025-05-11,2025-09-25,6.2,18-32℃,57-71%,true
PL0295,P0295,河南周口种植基地,河南省周口市,2025-01-22,2025-05-09,5.6,13-26℃,59-79%,true
PL0296,P0296,浙江杭州茶园,浙江省杭州市,2025-05-15,2025-09-06,6.1,17-29℃,53-85%,true
PL0297,P0297,山东寿光绿色农场,山东省寿光市,2025-01-09,2025-06-04,7.0,16-29℃,50-74%,true
PL0298,P0298,陕西洛川苹果基地,陕西省洛川县,2025-05-13,2025-07-05,6.0,19-35℃,64-87%,true
PL0299,P0299,山东潍坊蔬菜园,山东省潍坊市,2025-03-14,2025-05-14,5.9,10-31℃,63-88%,true
PL0300,P0300,内蒙古土豆农场,内蒙古乌兰察布,2025-01-27,2025-06-06,5.6,14-35℃,54-83%,true
PL0301,P0301,浙江杭州茶园,浙江省杭州市,2025-03-02,2025-07-14,7.0,14-33℃,50-72%,true
PL0302,P0302,河南周口种植基地,河南省周口市,2025-01-27,2025-04-22,6.8,16-26℃,63-83%,true
PL0303,P0303,湖北武汉农业园,湖北省武汉市,2025-06-25,2025-08-11,5.8,10-28℃,56-86%,true
PL0304,P0304,云南昆明花卉基地,云南省昆明市,2025-03-05,2025-06-02,6.6,11-25℃,64-72%,true
PL0305,P0305,江西赣南脐橙园,江西省赣州市,2025-01-15,2025-03-05,6.2,18-25℃,53-88%,true
PL0306,P0306,云南昆明花卉基地,云南省昆明市,2025-05-13,2025-09-16,6.5,13-26℃,57-75%,true
PL0307,P0307,山东寿光绿色农场,山东省寿光市,2025-02-14,2025-04-06,6.6,15-25℃,50-86%,true
PL0308,P0308,广西百色芒果园,广西百色市,2025-04-21,2025-07-04,6.0,13-35℃,64-85%,true
PL0309,P0309,河南周口种植基地,河南省周口市,2025-02-26,2025-04-17,7.0,20-28℃,52-75%,true
PL0310,P0310,山东潍坊蔬菜园,山东省潍坊市,2025-02-27,2025-06-07,6.9,20-26℃,57-78%,true
PL0311,P0311,辽宁丹东草莓园,辽宁省丹东市,2025-05-23,2025-10-27,6.3,20-25℃,63-71%,true
PL0312,P0312,内蒙古土豆农场,内蒙古乌兰察布,2025-06-04,2025-11-10,5.5,10-35℃,52-89%,true
PL0313,P0313,河南周口种植基地,河南省周口市,2025-04-28,2025-06-27,7.2,17-25℃,59-76%,false
PL0314,P0314,广西百色芒果园,广西百色市,2025-01-09,2025-05-10,6.8,12-28℃,62-83%,true
PL0315,P0315,内蒙古土豆农场,内蒙古乌兰察布,2025-04-05,2025-06-17,6.9,12-27℃,61-83%,true
PL0316,P0316,江西赣南脐橙园,江西省赣州市,2025-03-02,2025-08-12,7.1,17-30℃,55-80%,true
PL0317,P0317,辽宁丹东草莓园,辽宁省丹东市,2025-05-06,2025-10-02,6.7,18-33℃,65-76%,true
PL0318,P0318,山东寿光绿色农场,山东省寿光市,2025-01-12,2025-06-24,6.7,17-32℃,63-76%,true
PL0319,P0319,广西百色芒果园,广西百色市,2025-04-13,2025-07-23,6.3,19-26℃,63-74%,true
PL0320,P0320,云南昆明花卉基地,云南省昆明市,2025-01-06,2025-05-10,6.7,10-31℃,50-87%,true
PL0321,P0321,河南周口种植基地,河南省周口市,2025-06-06,2025-09-13,6.4,12-26℃,51-87%,true
PL0322,P0322,黑龙江五常米业,黑龙江省五常市,2025-01-24,2025-03-25,6.8,18-29℃,56-90%,true
PL0323,P0323,山东寿光绿色农场,山东省寿光市,2025-01-03,2025-04-22,6.8,17-31℃,58-77%,true
PL0324,P0324,内蒙古土豆农场,内蒙古乌兰察布,2025-05-17,2025-07-18,7.3,13-25℃,52-78%,true
PL0325,P0325,浙江杭州茶园,浙江省杭州市,2025-05-01,2025-09-27,7.2,20-25℃,58-84%,true
PL0326,P0326,陕西洛川苹果基地,陕西省洛川县,2025-06-28,2025-09-26,5.6,11-27℃,54-71%,true
PL0327,P0327,山东寿光绿色农场,山东省寿光市,2025-04-24,2025-08-14,6.9,18-25℃,51-82%,true
PL0328,P0328,山东潍坊蔬菜园,山东省潍坊市,2025-06-02,2025-10-04,5.5,15-29℃,62-76%,true
PL0329,P0329,江西赣南脐橙园,江西省赣州市,2025-05-05,2025-08-17,7.3,20-30℃,63-81%,true
PL0330,P0330,河北廊坊蔬菜基地,河北省廊坊市,2025-03-18,2025-05-28,7.3,16-25℃,63-89%,true
PL0331,P0331,河南周口种植基地,河南省周口市,2025-02-12,2025-06-14,6.9,15-35℃,57-76%,true
PL0332,P0332,黑龙江五常米业,黑龙江省五常市,2025-02-19,2025-05-02,7.0,15-25℃,59-88%,true
PL0333,P0333,山东潍坊蔬菜园,山东省潍坊市,2025-05-03,2025-08-22,6.4,20-34℃,63-82%,true
PL0334,P0334,黑龙江五常米业,黑龙江省五常市,2025-03-24,2025-08-19,7.3,13-27℃,52-72%,true
PL0335,P0335,内蒙古土豆农场,内蒙古乌兰察布,2025-01-14,2025-04-19,6.7,18-26℃,60-72%,true
PL0336,P0336,河南周口种植基地,河南省周口市,2025-04-06,2025-08-12,6.9,12-27℃,65-87%,true
PL0337,P0337,山东寿光绿色农场,山东省寿光市,2025-02-01,2025-05-19,7.1,13-32℃,55-82%,true
PL0338,P0338,广西百色芒果园,广西百色市,2025-01-23,2025-06-23,5.6,13-30℃,53-87%,true
PL0339,P0339,广西百色芒果园,广西百色市,2025-01-19,2025-04-06,5.9,12-26℃,56-70%,true
PL0340,P0340,广西百色芒果园,广西百色市,2025-01-10,2025-04-20,5.9,13-35℃,56-72%,true
PL0341,P0341,黑龙江五常米业,黑龙江省五常市,2025-03-27,2025-06-03,5.7,16-27℃,63-77%,true
PL0342,P0342,内蒙古土豆农场,内蒙古乌兰察布,2025-03-12,2025-05-23,6.2,13-29℃,62-85%,true
PL0343,P0343,湖北武汉农业园,湖北省武汉市,2025-04-06,2025-08-22,5.9,16-33℃,55-77%,true
PL0344,P0344,四川成都蔬菜基地,四川省成都市,2025-03-15,2025-06-18,6.4,10-29℃,51-73%,true
PL0345,P0345,黑龙江五常米业,黑龙江省五常市,2025-04-09,2025-06-24,7.3,12-25℃,56-80%,true
PL0346,P0346,黑龙江五常米业,黑龙江省五常市,2025-01-11,2025-05-02,6.0,11-32℃,60-72%,true
PL0347,P0347,云南昆明花卉基地,云南省昆明市,2025-01-11,2025-06-23,7.0,14-30℃,63-81%,true
PL0348,P0348,山东潍坊蔬菜园,山东省潍坊市,2025-06-12,2025-09-20,6.7,11-28℃,52-74%,true
PL0349,P0349,云南昆明花卉基地,云南省昆明市,2025-06-13,2025-11-22,6.0,13-25℃,54-86%,true
PL0350,P0350,辽宁丹东草莓园,辽宁省丹东市,2025-04-15,2025-09-03,6.5,13-33℃,59-77%,true
PL0351,P0351,广西百色芒果园,广西百色市,2025-06-15,2025-09-05,5.7,13-25℃,64-85%,true
PL0352,P0352,山东潍坊蔬菜园,山东省潍坊市,2025-01-18,2025-03-03,6.1,13-29℃,51-75%,true
PL0353,P0353,山东寿光绿色农场,山东省寿光市,2025-01-04,2025-05-07,6.1,14-28℃,51-70%,true
PL0354,P0354,广西百色芒果园,广西百色市,2025-05-14,2025-08-05,5.7,16-26℃,55-88%,true
PL0355,P0355,内蒙古土豆农场,内蒙古乌兰察布,2025-03-10,2025-07-12,6.4,17-35℃,59-79%,true
PL0356,P0356,湖北武汉农业园,湖北省武汉市,2025-04-16,2025-07-03,7.4,20-28℃,57-89%,true
PL0357,P0357,广西百色芒果园,广西百色市,2025-03-06,2025-07-06,6.7,16-25℃,57-79%,true
PL0358,P0358,云南昆明花卉基地,云南省昆明市,2025-04-04,2025-08-24,6.9,15-32℃,64-81%,true
PL0359,P0359,辽宁丹东草莓园,辽宁省丹东市,2025-03-21,2025-05-19,5.7,20-30℃,63-79%,true
PL0360,P0360,四川成都蔬菜基地,四川省成都市,2025-04-24,2025-08-04,5.8,16-25℃,62-74%,true
PL0361,P0361,四川成都蔬菜基地,四川省成都市,2025-05-14,2025-08-16,6.8,17-27℃,51-71%,true
PL0362,P0362,广西百色芒果园,广西百色市,2025-06-27,2025-10-13,6.4,11-27℃,59-77%,true
PL0363,P0363,内蒙古土豆农场,内蒙古乌兰察布,2025-05-16,2025-07-04,6.5,13-29℃,56-81%,true
PL0364,P0364,四川成都蔬菜基地,四川省成都市,2025-03-01,2025-05-23,6.8,12-25℃,62-83%,true
PL0365,P0365,新疆吐鲁番葡萄园,新疆吐鲁番市,2025-03-24,2025-08-02,6.0,18-25℃,55-84%,true
PL0366,P0366,云南昆明花卉基地,云南省昆明市,2025-02-01,2025-04-01,6.0,14-33℃,56-88%,true
PL0367,P0367,山东寿光绿色农场,山东省寿光市,2025-03-25,2025-05-25,6.1,19-26℃,65-79%,true
PL0368,P0368,辽宁丹东草莓园,辽宁省丹东市,2025-01-13,2025-06-27,7.0,14-35℃,61-77%,true
PL0369,P0369,陕西洛川苹果基地,陕西省洛川县,2025-03-02,2025-06-21,6.5,11-26℃,50-78%,true
PL0370,P0370,广西百色芒果园,广西百色市,2025-04-02,2025-08-07,6.4,19-28℃,60-79%,true
PL0371,P0371,广西百色芒果园,广西百色市,2025-06-15,2025-09-13,6.8,10-26℃,65-83%,true
PL0372,P0372,江西赣南脐橙园,江西省赣州市,2025-02-19,2025-04-07,5.5,13-30℃,51-89%,true
PL0373,P0373,湖北武汉农业园,湖北省武汉市,2025-06-06,2025-10-10,7.2,16-33℃,62-88%,true
PL0374,P0374,江西赣南脐橙园,江西省赣州市,2025-01-14,2025-06-13,6.3,18-30℃,57-70%,true
PL0375,P0375,云南昆明花卉基地,云南省昆明市,2025-04-18,2025-07-17,7.0,20-26℃,55-81%,true
PL0376,P0376,四川成都蔬菜基地,四川省成都市,2025-04-14,2025-09-24,6.8,12-28℃,57-78%,true
PL0377,P0377,山东潍坊蔬菜园,山东省潍坊市,2025-01-22,2025-04-04,6.4,20-27℃,63-89%,true
PL0378,P0378,云南昆明花卉基地,云南省昆明市,2025-05-14,2025-10-14,6.6,14-25℃,63-86%,true
PL0379,P0379,浙江杭州茶园,浙江省杭州市,2025-03-06,2025-06-16,6.5,20-32℃,51-71%,true
PL0380,P0380,辽宁丹东草莓园,辽宁省丹东市,2025-04-02,2025-08-08,6.6,11-33℃,53-75%,true
PL0381,P0381,广西百色芒果园,广西百色市,2025-03-09,2025-08-11,6.9,15-25℃,55-73%,true
PL0382,P0382,陕西洛川苹果基地,陕西省洛川县,2025-02-03,2025-07-28,6.5,19-35℃,58-80%,true
PL0383,P0383,陕西洛川苹果基地,陕西省洛川县,2025-06-10,2025-09-21,7.3,20-33℃,64-88%,true
PL0384,P0384,云南昆明花卉基地,云南省昆明市,2025-01-13,2025-04-14,5.6,18-31℃,61-88%,true
PL0385,P0385,湖北武汉农业园,湖北省武汉市,2025-06-04,2025-08-19,5.9,17-34℃,59-81%,true
PL0386,P0386,河北廊坊蔬菜基地,河北省廊坊市,2025-02-07,2025-05-27,6.0,19-26℃,59-84%,true
PL0387,P0387,湖北武汉农业园,湖北省武汉市,2025-04-09,2025-09-01,6.4,15-33℃,57-79%,true
PL0388,P0388,山东潍坊蔬菜园,山东省潍坊市,2025-06-13,2025-09-04,7.3,13-29℃,62-70%,true
PL0389,P0389,云南昆明花卉基地,云南省昆明市,2025-03-27,2025-07-26,7.3,14-35℃,50-85%,true
PL0390,P0390,河北廊坊蔬菜基地,河北省廊坊市,2025-05-05,2025-08-22,5.8,11-30℃,56-83%,true
PL0391,P0391,内蒙古土豆农场,内蒙古乌兰察布,2025-01-12,2025-06-28,7.1,14-25℃,64-74%,true
PL0392,P0392,陕西洛川苹果基地,陕西省洛川县,2025-01-17,2025-03-08,5.7,17-25℃,65-84%,true
PL0393,P0393,河南周口种植基地,河南省周口市,2025-06-22,2025-08-18,7.1,15-27℃,51-82%,true
PL0394,P0394,黑龙江五常米业,黑龙江省五常市,2025-05-09,2025-10-14,5.9,20-31℃,59-88%,true
PL0395,P0395,江西赣南脐橙园,江西省赣州市,2025-03-22,2025-07-27,6.4,13-33℃,54-81%,true
PL0396,P0396,河北廊坊蔬菜基地,河北省廊坊市,2025-02-25,2025-06-28,6.8,19-28℃,51-74%,true
PL0397,P0397,黑龙江五常米业,黑龙江省五常市,2025-02-27,2025-06-14,7.3,20-35℃,63-72%,true
PL0398,P0398,云南昆明花卉基地,云南省昆明市,2025-05-19,2025-08-26,5.6,11-34℃,53-85%,true
PL0399,P0399,湖北武汉农业园,湖北省武汉市,2025-06-11,2025-08-09,7.0,20-26℃,63-83%,true
PL0400,P0400,内蒙古土豆农场,内蒙古乌兰察布,2025-06-18,2025-11-11,7.5,20-35℃,50-89%,true
PL0401,P0401,辽宁丹东草莓园,辽宁省丹东市,2025-04-22,2025-08-26,6.0,13-29℃,55-70%,true
PL0402,P0402,山东潍坊蔬菜园,山东省潍坊市,2025-05-06,2025-10-21,7.0,10-32℃,60-70%,true
PL0403,P0403,辽宁丹东草莓园,辽宁省丹东市,2025-02-20,2025-05-07,5.6,14-30℃,56-90%,true
PL0404,P0404,广西百色芒果园,广西百色市,2025-03-10,2025-05-18,7.3,17-27℃,63-72%,true
PL0405,P0405,山东寿光绿色农场,山东省寿光市,2025-04-14,2025-08-13,7.4,12-30℃,55-88%,true
PL0406,P0406,新疆吐鲁番葡萄园,新疆吐鲁番市,2025-05-10,2025-08-26,6.2,12-32℃,52-73%,true
PL0407,P0407,山东潍坊蔬菜园,山东省潍坊市,2025-03-28,2025-05-03,7.1,15-25℃,54-72%,true
PL0408,P0408,新疆吐鲁番葡萄园,新疆吐鲁番市,2025-02-15,2025-06-12,6.3,20-28℃,59-83%,true
PL0409,P0409,广西百色芒果园,广西百色市,2025-03-17,2025-08-25,6.8,10-29℃,57-70%,true
PL0410,P0410,云南昆明花卉基地,云南省昆明市,2025-04-10,2025-06-28,6.6,10-35℃,60-75%,true
PL0411,P0411,广西百色芒果园,广西百色市,2025-02-10,2025-06-14,5.6,11-28℃,65-76%,true
PL0412,P0412,内蒙古土豆农场,内蒙古乌兰察布,2025-01-16,2025-03-17,5.9,11-30℃,64-82%,true
PL0413,P0413,河南周口种植基地,河南省周口市,2025-04-05,2025-06-03,6.1,13-27℃,64-72%,true
PL0414,P0414,云南昆明花卉基地,云南省昆明市,2025-06-11,2025-10-06,7.0,17-33℃,52-87%,true
PL0415,P0415,山东寿光绿色农场,山东省寿光市,2025-06-07,2025-09-02,5.7,10-35℃,55-72%,true
PL0416,P0416,黑龙江五常米业,黑龙江省五常市,2025-04-24,2025-06-22,7.0,16-28℃,58-74%,true
PL0417,P0417,辽宁丹东草莓园,辽宁省丹东市,2025-02-11,2025-05-10,6.9,13-34℃,63-83%,true
PL0418,P0418,广西百色芒果园,广西百色市,2025-06-14,2025-09-25,5.7,19-35℃,55-70%,true
PL0419,P0419,四川成都蔬菜基地,四川省成都市,2025-03-22,2025-08-07,6.7,10-35℃,55-80%,true
PL0420,P0420,黑龙江五常米业,黑龙江省五常市,2025-05-03,2025-07-24,6.7,15-26℃,63-85%,true
PL0421,P0421,新疆吐鲁番葡萄园,新疆吐鲁番市,2025-06-19,2025-09-13,6.6,19-30℃,65-84%,true
PL0422,P0422,山东寿光绿色农场,山东省寿光市,2025-01-08,2025-03-10,6.2,10-30℃,51-89%,true
PL0423,P0423,江西赣南脐橙园,江西省赣州市,2025-05-15,2025-10-17,7.5,10-34℃,64-88%,true
PL0424,P0424,山东潍坊蔬菜园,山东省潍坊市,2025-05-18,2025-10-22,5.7,12-31℃,63-71%,true
PL0425,P0425,湖北武汉农业园,湖北省武汉市,2025-03-12,2025-06-06,6.0,14-25℃,62-74%,false
PL0426,P0426,浙江杭州茶园,浙江省杭州市,2025-03-08,2025-05-25,6.2,15-27℃,53-73%,true
PL0427,P0427,四川成都蔬菜基地,四川省成都市,2025-03-05,2025-06-11,5.7,17-29℃,50-87%,true
PL0428,P0428,湖北武汉农业园,湖北省武汉市,2025-04-12,2025-07-25,7.3,13-32℃,65-80%,true
PL0429,P0429,新疆吐鲁番葡萄园,新疆吐鲁番市,2025-06-15,2025-11-12,7.3,20-31℃,64-85%,true
PL0430,P0430,河南周口种植基地,河南省周口市,2025-01-12,2025-05-23,5.9,11-27℃,50-77%,true
PL0431,P0431,山东寿光绿色农场,山东省寿光市,2025-06-23,2025-08-03,6.3,19-27℃,58-88%,true
PL0432,P0432,内蒙古土豆农场,内蒙古乌兰察布,2025-06-23,2025-11-25,7.4,19-26℃,53-77%,true
PL0433,P0433,辽宁丹东草莓园,辽宁省丹东市,2025-06-20,2025-11-01,7.2,19-33℃,62-86%,true
PL0434,P0434,江西赣南脐橙园,江西省赣州市,2025-05-27,2025-08-20,6.8,15-34℃,60-74%,true
PL0435,P0435,新疆吐鲁番葡萄园,新疆吐鲁番市,2025-06-23,2025-11-21,5.8,16-28℃,61-72%,true
PL0436,P0436,广西百色芒果园,广西百色市,2025-02-03,2025-07-28,5.6,11-31℃,63-85%,true
PL0437,P0437,云南昆明花卉基地,云南省昆明市,2025-04-19,2025-09-01,7.4,13-26℃,64-81%,true
PL0438,P0438,陕西洛川苹果基地,陕西省洛川县,2025-05-07,2025-07-07,6.5,14-31℃,58-90%,true
PL0439,P0439,江西赣南脐橙园,江西省赣州市,2025-03-23,2025-08-21,7.4,10-28℃,56-85%,true
PL0440,P0440,河北廊坊蔬菜基地,河北省廊坊市,2025-01-17,2025-06-28,6.6,12-26℃,60-79%,true
PL0441,P0441,河北廊坊蔬菜基地,河北省廊坊市,2025-03-16,2025-08-22,6.3,18-29℃,50-88%,true
PL0442,P0442,陕西洛川苹果基地,陕西省洛川县,2025-02-05,2025-04-20,6.4,18-27℃,55-74%,true
PL0443,P0443,河南周口种植基地,河南省周口市,2025-04-07,2025-08-01,6.5,10-28℃,57-75%,true
PL0444,P0444,广西百色芒果园,广西百色市,2025-01-18,2025-04-14,6.1,20-33℃,60-72%,true
PL0445,P0445,山东寿光绿色农场,山东省寿光市,2025-05-20,2025-08-14,6.8,10-34℃,63-87%,false
PL0446,P0446,云南昆明花卉基地,云南省昆明市,2025-05-03,2025-08-01,6.6,13-27℃,60-76%,true
PL0447,P0447,山东潍坊蔬菜园,山东省潍坊市,2025-02-15,2025-04-05,7.0,19-25℃,51-90%,true
PL0448,P0448,广西百色芒果园,广西百色市,2025-04-22,2025-09-24,6.6,11-34℃,52-79%,true
PL0449,P0449,云南昆明花卉基地,云南省昆明市,2025-05-18,2025-09-13,5.6,15-27℃,60-84%,true
PL0450,P0450,山东潍坊蔬菜园,山东省潍坊市,2025-01-11,2025-04-04,7.1,10-33℃,65-89%,true
PL0451,P0451,湖北武汉农业园,湖北省武汉市,2025-05-02,2025-09-11,6.3,16-31℃,60-77%,true
PL0452,P0452,河南周口种植基地,河南省周口市,2025-05-22,2025-10-24,6.1,10-25℃,51-74%,true
PL0453,P0453,云南昆明花卉基地,云南省昆明市,2025-01-09,2025-04-05,6.7,12-27℃,63-89%,true
PL0454,P0454,河北廊坊蔬菜基地,河北省廊坊市,2025-02-15,2025-05-16,6.0,11-28℃,65-79%,true
PL0455,P0455,内蒙古土豆农场,内蒙古乌兰察布,2025-06-16,2025-08-03,5.7,16-28℃,57-78%,true
PL0456,P0456,山东寿光绿色农场,山东省寿光市,2025-02-18,2025-04-16,6.2,11-32℃,56-81%,true
PL0457,P0457,山东潍坊蔬菜园,山东省潍坊市,2025-03-18,2025-05-05,5.9,16-26℃,52-81%,true
PL0458,P0458,江西赣南脐橙园,江西省赣州市,2025-05-02,2025-10-24,6.7,10-32℃,58-79%,true
PL0459,P0459,山东寿光绿色农场,山东省寿光市,2025-02-17,2025-04-12,7.3,18-25℃,65-87%,true
PL0460,P0460,江西赣南脐橙园,江西省赣州市,2025-05-13,2025-09-10,7.0,11-28℃,62-90%,true
PL0461,P0461,云南昆明花卉基地,云南省昆明市,2025-01-22,2025-03-22,6.2,14-30℃,54-84%,true
PL0462,P0462,陕西洛川苹果基地,陕西省洛川县,2025-02-26,2025-05-04,6.6,15-25℃,65-70%,true
PL0463,P0463,新疆吐鲁番葡萄园,新疆吐鲁番市,2025-01-23,2025-03-27,6.6,20-33℃,62-77%,true
PL0464,P0464,湖北武汉农业园,湖北省武汉市,2025-03-13,2025-05-19,6.9,18-31℃,63-78%,true
PL0465,P0465,陕西洛川苹果基地,陕西省洛川县,2025-03-02,2025-07-01,6.5,11-30℃,56-80%,true
PL0466,P0466,广西百色芒果园,广西百色市,2025-05-07,2025-09-20,7.0,17-31℃,63-76%,true
PL0467,P0467,山东潍坊蔬菜园,山东省潍坊市,2025-01-22,2025-06-13,6.1,17-32℃,62-81%,true
PL0468,P0468,辽宁丹东草莓园,辽宁省丹东市,2025-04-22,2025-06-11,7.5,17-33℃,53-78%,true
PL0469,P0469,广西百色芒果园,广西百色市,2025-03-07,2025-05-13,6.7,15-25℃,65-88%,true
PL0470,P0470,陕西洛川苹果基地,陕西省洛川县,2025-01-06,2025-06-16,6.3,12-32℃,59-74%,true
PL0471,P0471,浙江杭州茶园,浙江省杭州市,2025-06-07,2025-11-24,6.7,16-27℃,52-76%,true
PL0472,P0472,浙江杭州茶园,浙江省杭州市,2025-03-25,2025-06-06,6.8,14-30℃,56-74%,true
PL0473,P0473,河北廊坊蔬菜基地,河北省廊坊市,2025-01-09,2025-04-13,7.1,11-26℃,64-73%,true
PL0474,P0474,湖北武汉农业园,湖北省武汉市,2025-05-10,2025-08-23,5.6,16-27℃,55-77%,true
PL0475,P0475,湖北武汉农业园,湖北省武汉市,2025-02-04,2025-07-01,7.2,20-33℃,57-72%,true
PL0476,P0476,浙江杭州茶园,浙江省杭州市,2025-04-07,2025-09-02,5.7,13-28℃,51-74%,true
PL0477,P0477,江西赣南脐橙园,江西省赣州市,2025-06-27,2025-11-03,6.9,11-34℃,57-87%,true
PL0478,P0478,四川成都蔬菜基地,四川省成都市,2025-03-12,2025-06-26,5.6,12-31℃,63-76%,true
PL0479,P0479,河南周口种植基地,河南省周口市,2025-01-09,2025-05-04,5.5,18-34℃,57-80%,true
PL0480,P0480,内蒙古土豆农场,内蒙古乌兰察布,2025-02-12,2025-05-24,6.5,10-28℃,63-85%,true
PL0481,P0481,湖北武汉农业园,湖北省武汉市,2025-06-19,2025-09-20,7.5,14-25℃,50-76%,true
PL0482,P0482,山东寿光绿色农场,山东省寿光市,2025-02-04,2025-04-05,6.8,19-33℃,57-74%,true
PL0483,P0483,云南昆明花卉基地,云南省昆明市,2025-02-27,2025-06-19,5.7,13-35℃,50-88%,true
PL0484,P0484,江西赣南脐橙园,江西省赣州市,2025-06-21,2025-08-28,7.0,12-33℃,56-72%,true
PL0485,P0485,湖北武汉农业园,湖北省武汉市,2025-04-05,2025-07-19,6.9,16-35℃,65-80%,true
PL0486,P0486,湖北武汉农业园,湖北省武汉市,2025-04-11,2025-09-11,7.0,11-32℃,62-82%,true
PL0487,P0487,辽宁丹东草莓园,辽宁省丹东市,2025-02-24,2025-04-05,6.5,13-30℃,50-82%,true
PL0488,P0488,四川成都蔬菜基地,四川省成都市,2025-02-03,2025-07-19,5.9,14-33℃,53-90%,true
PL0489,P0489,河南周口种植基地,河南省周口市,2025-05-26,2025-09-24,7.3,19-30℃,56-74%,true
PL0490,P0490,广西百色芒果园,广西百色市,2025-01-05,2025-03-24,7.4,13-29℃,53-87%,true
PL0491,P0491,河南周口种植基地,河南省周口市,2025-02-05,2025-06-04,6.5,20-29℃,50-82%,true
PL0492,P0492,陕西洛川苹果基地,陕西省洛川县,2025-02-22,2025-04-13,7.4,13-32℃,61-86%,true
PL0493,P0493,四川成都蔬菜基地,四川省成都市,2025-03-28,2025-05-11,6.2,10-30℃,56-71%,true
PL0494,P0494,黑龙江五常米业,黑龙江省五常市,2025-05-05,2025-09-23,5.7,15-27℃,61-85%,true
PL0495,P0495,新疆吐鲁番葡萄园,新疆吐鲁番市,2025-05-14,2025-07-08,6.4,15-26℃,55-90%,true
PL0496,P0496,黑龙江五常米业,黑龙江省五常市,2025-03-23,2025-08-28,6.0,14-31℃,60-80%,true
PL0497,P0497,四川成都蔬菜基地,四川省成都市,2025-05-28,2025-09-21,6.1,15-33℃,63-88%,true
PL0498,P0498,湖北武汉农业园,湖北省武汉市,2025-04-20,2025-06-28,5.8,15-33℃,62-89%,true
PL0499,P0499,湖北武汉农业园,湖北省武汉市,2025-01-19,2025-04-03,7.3,10-33℃,53-82%,true
PL0500,P0500,黑龙江五常米业,黑龙江省五常市,2025-06-13,2025-11-20,6.9,10-30℃,61-90%,true
PL0501,P0501,内蒙古土豆农场,内蒙古乌兰察布,2025-05-11,2025-09-25,6.4,16-25℃,65-75%,true
PL0502,P0502,云南昆明花卉基地,云南省昆明市,2025-01-15,2025-04-14,6.5,15-30℃,60-83%,true
PL0503,P0503,河北廊坊蔬菜基地,河北省廊坊市,2025-05-28,2025-08-01,6.3,15-25℃,56-80%,true
PL0504,P0504,陕西洛川苹果基地,陕西省洛川县,2025-03-17,2025-06-12,6.9,13-27℃,58-79%,true
PL0505,P0505,云南昆明花卉基地,云南省昆明市,2025-01-09,2025-05-01,6.0,14-27℃,60-89%,true
PL0506,P0506,湖北武汉农业园,湖北省武汉市,2025-01-03,2025-06-15,7.2,10-31℃,51-87%,false
PL0507,P0507,黑龙江五常米业,黑龙江省五常市,2025-06-23,2025-11-26,5.6,17-31℃,51-74%,true
PL0508,P0508,四川成都蔬菜基地,四川省成都市,2025-04-16,2025-09-11,6.6,18-26℃,60-88%,true
PL0509,P0509,山东潍坊蔬菜园,山东省潍坊市,2025-03-07,2025-08-13,5.9,14-29℃,62-77%,true
PL0510,P0510,四川成都蔬菜基地,四川省成都市,2025-03-12,2025-06-10,6.7,18-34℃,55-74%,true
PL0511,P0511,陕西洛川苹果基地,陕西省洛川县,2025-06-22,2025-08-27,7.5,18-29℃,59-75%,true
PL0512,P0512,云南昆明花卉基地,云南省昆明市,2025-02-10,2025-06-04,7.3,12-31℃,50-76%,true
PL0513,P0513,新疆吐鲁番葡萄园,新疆吐鲁番市,2025-05-07,2025-10-18,5.8,18-28℃,60-86%,true
PL0514,P0514,四川成都蔬菜基地,四川省成都市,2025-05-13,2025-08-02,7.0,10-30℃,63-73%,true
PL0515,P0515,河南周口种植基地,河南省周口市,2025-06-03,2025-11-27,5.7,20-35℃,60-71%,true
PL0516,P0516,浙江杭州茶园,浙江省杭州市,2025-03-25,2025-06-08,5.6,18-31℃,63-70%,true
PL0517,P0517,河南周口种植基地,河南省周口市,2025-05-05,2025-09-14,6.2,18-33℃,50-78%,true
PL0518,P0518,山东寿光绿色农场,山东省寿光市,2025-05-22,2025-10-13,6.3,10-28℃,51-90%,true
PL0519,P0519,云南昆明花卉基地,云南省昆明市,2025-02-04,2025-05-23,6.2,20-34℃,56-90%,true
PL0520,P0520,黑龙江五常米业,黑龙江省五常市,2025-06-26,2025-10-04,6.1,19-35℃,56-90%,true
PL0521,P0521,山东潍坊蔬菜园,山东省潍坊市,2025-03-06,2025-08-03,6.2,16-30℃,52-88%,true
PL0522,P0522,江西赣南脐橙园,江西省赣州市,2025-01-16,2025-06-16,6.3,15-33℃,53-79%,true
PL0523,P0523,河北廊坊蔬菜基地,河北省廊坊市,2025-05-24,2025-07-15,7.0,10-27℃,57-84%,true
PL0524,P0524,新疆吐鲁番葡萄园,新疆吐鲁番市,2025-03-19,2025-08-05,5.8,19-25℃,50-72%,true
PL0525,P0525,湖北武汉农业园,湖北省武汉市,2025-05-02,2025-09-15,6.1,20-25℃,52-90%,true
PL0526,P0526,云南昆明花卉基地,云南省昆明市,2025-05-28,2025-07-24,5.8,18-33℃,56-86%,true
PL0527,P0527,湖北武汉农业园,湖北省武汉市,2025-03-17,2025-08-20,7.5,14-30℃,62-90%,true
PL0528,P0528,河北廊坊蔬菜基地,河北省廊坊市,2025-05-25,2025-07-10,7.1,10-29℃,56-81%,true
PL0529,P0529,内蒙古土豆农场,内蒙古乌兰察布,2025-06-08,2025-10-15,6.1,14-35℃,63-71%,true
PL0530,P0530,河北廊坊蔬菜基地,河北省廊坊市,2025-06-09,2025-09-27,7.3,15-28℃,55-70%,true
PL0531,P0531,浙江杭州茶园,浙江省杭州市,2025-02-07,2025-06-17,5.8,17-30℃,59-90%,true
PL0532,P0532,山东潍坊蔬菜园,山东省潍坊市,2025-05-10,2025-10-26,7.1,19-30℃,56-78%,true
PL0533,P0533,云南昆明花卉基地,云南省昆明市,2025-04-12,2025-07-10,6.3,18-27℃,55-82%,true
PL0534,P0534,黑龙江五常米业,黑龙江省五常市,2025-03-06,2025-06-26,6.0,13-30℃,53-79%,true
PL0535,P0535,山东寿光绿色农场,山东省寿光市,2025-01-26,2025-03-13,5.6,14-33℃,64-78%,true
PL0536,P0536,辽宁丹东草莓园,辽宁省丹东市,2025-03-20,2025-07-12,7.3,10-30℃,61-81%,true
PL0537,P0537,四川成都蔬菜基地,四川省成都市,2025-06-23,2025-09-03,5.8,13-26℃,55-73%,true
PL0538,P0538,四川成都蔬菜基地,四川省成都市,2025-02-28,2025-05-01,5.9,18-27℃,54-82%,true
PL0539,P0539,江西赣南脐橙园,江西省赣州市,2025-06-03,2025-08-10,7.0,11-28℃,63-76%,true
PL0540,P0540,河南周口种植基地,河南省周口市,2025-05-08,2025-07-09,7.2,13-25℃,55-87%,true
PL0541,P0541,辽宁丹东草莓园,辽宁省丹东市,2025-03-08,2025-08-15,6.2,10-27℃,59-70%,true
PL0542,P0542,黑龙江五常米业,黑龙江省五常市,2025-06-10,2025-11-20,7.3,17-29℃,52-76%,true
PL0543,P0543,河南周口种植基地,河南省周口市,2025-04-13,2025-08-07,6.5,14-35℃,65-88%,true
PL0544,P0544,山东寿光绿色农场,山东省寿光市,2025-02-28,2025-05-13,5.7,10-31℃,58-82%,true
PL0545,P0545,山东潍坊蔬菜园,山东省潍坊市,2025-06-13,2025-10-25,5.6,11-27℃,57-89%,true
PL0546,P0546,山东潍坊蔬菜园,山东省潍坊市,2025-04-25,2025-09-01,6.3,11-27℃,58-87%,true
PL0547,P0547,辽宁丹东草莓园,辽宁省丹东市,2025-05-17,2025-10-19,6.3,12-28℃,58-70%,true
PL0548,P0548,河北廊坊蔬菜基地,河北省廊坊市,2025-05-26,2025-10-28,7.2,16-35℃,50-77%,true
PL0549,P0549,山东潍坊蔬菜园,山东省潍坊市,2025-01-07,2025-05-13,6.9,10-33℃,58-72%,true
PL0550,P0550,湖北武汉农业园,湖北省武汉市,2025-06-27,2025-08-23,6.8,19-33℃,60-70%,true
PL0551,P0551,山东潍坊蔬菜园,山东省潍坊市,2025-02-21,2025-07-23,7.1,16-32℃,55-77%,true
PL0552,P0552,湖北武汉农业园,湖北省武汉市,2025-05-28,2025-10-14,5.9,17-35℃,61-75%,true
PL0553,P0553,山东寿光绿色农场,山东省寿光市,2025-05-17,2025-08-18,5.8,17-27℃,64-87%,true
PL0554,P0554,河南周口种植基地,河南省周口市,2025-05-16,2025-08-07,6.8,13-29℃,60-86%,true
PL0555,P0555,辽宁丹东草莓园,辽宁省丹东市,2025-02-13,2025-04-13,7.3,13-35℃,60-85%,true
PL0556,P0556,黑龙江五常米业,黑龙江省五常市,2025-03-20,2025-08-20,7.4,18-25℃,62-86%,true
PL0557,P0557,河北廊坊蔬菜基地,河北省廊坊市,2025-01-11,2025-06-25,5.6,16-26℃,59-83%,true
PL0558,P0558,江西赣南脐橙园,江西省赣州市,2025-04-23,2025-09-04,7.4,13-35℃,51-86%,true
PL0559,P0559,浙江杭州茶园,浙江省杭州市,2025-03-02,2025-07-17,5.5,14-26℃,55-75%,true
PL0560,P0560,四川成都蔬菜基地,四川省成都市,2025-04-06,2025-07-06,5.8,14-34℃,61-77%,true
PL0561,P0561,四川成都蔬菜基地,四川省成都市,2025-01-03,2025-03-04,6.1,15-25℃,60-70%,true
PL0562,P0562,山东潍坊蔬菜园,山东省潍坊市,2025-02-18,2025-07-09,7.5,15-31℃,51-90%,true
PL0563,P0563,江西赣南脐橙园,江西省赣州市,2025-06-03,2025-11-14,6.6,15-27℃,57-84%,true
PL0564,P0564,新疆吐鲁番葡萄园,新疆吐鲁番市,2025-02-04,2025-05-24,6.9,13-29℃,51-86%,true
PL0565,P0565,山东潍坊蔬菜园,山东省潍坊市,2025-01-22,2025-04-15,5.7,15-31℃,54-80%,true
PL0566,P0566,浙江杭州茶园,浙江省杭州市,2025-01-02,2025-06-21,6.3,17-32℃,60-81%,true
PL0567,P0567,浙江杭州茶园,浙江省杭州市,2025-04-14,2025-09-21,7.0,13-26℃,59-70%,true
PL0568,P0568,浙江杭州茶园,浙江省杭州市,2025-06-13,2025-10-24,6.6,18-27℃,50-89%,true
PL0569,P0569,湖北武汉农业园,湖北省武汉市,2025-03-24,2025-07-07,6.1,20-25℃,59-85%,true
PL0570,P0570,广西百色芒果园,广西百色市,2025-05-09,2025-09-06,5.7,12-28℃,58-82%,true
PL0571,P0571,内蒙古土豆农场,内蒙古乌兰察布,2025-04-08,2025-09-01,5.8,18-34℃,59-83%,true
PL0572,P0572,山东潍坊蔬菜园,山东省潍坊市,2025-03-27,2025-07-14,7.0,16-34℃,52-72%,true
PL0573,P0573,陕西洛川苹果基地,陕西省洛川县,2025-03-10,2025-05-27,6.7,19-26℃,62-79%,true
PL0574,P0574,河北廊坊蔬菜基地,河北省廊坊市,2025-02-18,2025-05-04,6.3,12-33℃,56-84%,true
PL0575,P0575,山东潍坊蔬菜园,山东省潍坊市,2025-05-05,2025-09-09,6.8,10-34℃,55-88%,true
PL0576,P0576,陕西洛川苹果基地,陕西省洛川县,2025-05-26,2025-10-08,5.6,18-33℃,59-75%,true
PL0577,P0577,内蒙古土豆农场,内蒙古乌兰察布,2025-01-11,2025-06-09,5.9,10-25℃,53-83%,true
PL0578,P0578,四川成都蔬菜基地,四川省成都市,2025-05-26,2025-10-28,6.3,14-33℃,65-88%,true
PL0579,P0579,内蒙古土豆农场,内蒙古乌兰察布,2025-06-14,2025-09-27,6.4,15-34℃,62-90%,true
PL0580,P0580,黑龙江五常米业,黑龙江省五常市,2025-05-25,2025-10-28,5.8,19-31℃,63-81%,true
PL0581,P0581,广西百色芒果园,广西百色市,2025-06-28,2025-09-04,6.7,12-27℃,65-71%,true
PL0582,P0582,新疆吐鲁番葡萄园,新疆吐鲁番市,2025-01-02,2025-05-06,6.9,10-33℃,55-77%,true
PL0583,P0583,辽宁丹东草莓园,辽宁省丹东市,2025-03-24,2025-06-06,7.4,12-32℃,61-89%,true
PL0584,P0584,湖北武汉农业园,湖北省武汉市,2025-01-03,2025-06-06,6.6,14-35℃,52-88%,true
PL0585,P0585,河南周口种植基地,河南省周口市,2025-04-24,2025-07-19,6.5,14-28℃,53-77%,true
PL0586,P0586,四川成都蔬菜基地,四川省成都市,2025-05-03,2025-08-21,7.4,14-34℃,53-78%,true
PL0587,P0587,云南昆明花卉基地,云南省昆明市,2025-03-09,2025-08-05,6.0,12-29℃,56-77%,true
PL0588,P0588,山东潍坊蔬菜园,山东省潍坊市,2025-05-09,2025-09-10,6.0,10-30℃,54-86%,true
PL0589,P0589,山东寿光绿色农场,山东省寿光市,2025-05-19,2025-07-02,5.7,20-25℃,60-89%,true
PL0590,P0590,广西百色芒果园,广西百色市,2025-05-07,2025-07-11,7.4,10-26℃,59-78%,true
PL0591,P0591,山东寿光绿色农场,山东省寿光市,2025-02-13,2025-07-04,6.1,17-26℃,51-86%,false
PL0592,P0592,陕西洛川苹果基地,陕西省洛川县,2025-04-21,2025-09-04,5.7,11-27℃,58-73%,true
PL0593,P0593,新疆吐鲁番葡萄园,新疆吐鲁番市,2025-04-19,2025-09-06,6.1,17-30℃,56-74%,true
PL0594,P0594,江西赣南脐橙园,江西省赣州市,2025-03-27,2025-06-14,6.6,14-30℃,56-76%,true
PL0595,P0595,湖北武汉农业园,湖北省武汉市,2025-05-05,2025-09-22,6.1,19-28℃,58-70%,true
PL0596,P0596,陕西洛川苹果基地,陕西省洛川县,2025-06-08,2025-08-23,6.1,20-26℃,64-81%,true
PL0597,P0597,陕西洛川苹果基地,陕西省洛川县,2025-04-19,2025-06-17,5.6,16-32℃,53-84%,true
PL0598,P0598,山东潍坊蔬菜园,山东省潍坊市,2025-04-08,2025-08-23,7.4,16-32℃,57-89%,true
PL0599,P0599,陕西洛川苹果基地,陕西省洛川县,2025-04-15,2025-09-19,6.6,10-30℃,55-81%,true
PL0600,P0600,河南周口种植基地,河南省周口市,2025-04-07,2025-09-07,7.5,15-30℃,53-72%,true
PL0601,P0601,山东寿光绿色农场,山东省寿光市,2025-05-05,2025-09-19,5.9,18-27℃,60-70%,true
PL0602,P0602,山东潍坊蔬菜园,山东省潍坊市,2025-06-25,2025-08-07,6.6,18-27℃,51-74%,true
PL0603,P0603,黑龙江五常米业,黑龙江省五常市,2025-05-19,2025-09-25,7.4,19-30℃,56-77%,true
PL0604,P0604,黑龙江五常米业,黑龙江省五常市,2025-06-02,2025-11-01,6.8,14-30℃,56-90%,true
PL0605,P0605,四川成都蔬菜基地,四川省成都市,2025-03-03,2025-08-05,6.9,13-27℃,58-70%,true
PL0606,P0606,河南周口种植基地,河南省周口市,2025-03-13,2025-07-27,6.8,14-27℃,52-85%,true
PL0607,P0607,浙江杭州茶园,浙江省杭州市,2025-06-26,2025-11-14,7.1,19-27℃,63-80%,true
PL0608,P0608,四川成都蔬菜基地,四川省成都市,2025-06-12,2025-10-01,6.9,15-27℃,54-77%,true
PL0609,P0609,山东寿光绿色农场,山东省寿光市,2025-02-16,2025-05-09,6.7,13-26℃,59-90%,true
PL0610,P0610,山东寿光绿色农场,山东省寿光市,2025-03-12,2025-07-07,5.5,19-29℃,64-76%,true
PL0611,P0611,浙江杭州茶园,浙江省杭州市,2025-02-28,2025-06-10,6.7,10-31℃,62-81%,true
PL0612,P0612,陕西洛川苹果基地,陕西省洛川县,2025-02-27,2025-05-26,6.0,13-27℃,51-86%,true
PL0613,P0613,广西百色芒果园,广西百色市,2025-02-19,2025-07-12,6.4,19-27℃,52-85%,true
PL0614,P0614,湖北武汉农业园,湖北省武汉市,2025-05-05,2025-10-01,6.8,18-26℃,61-72%,true
PL0615,P0615,黑龙江五常米业,黑龙江省五常市,2025-03-14,2025-07-16,5.8,14-32℃,59-88%,true
PL0616,P0616,山东潍坊蔬菜园,山东省潍坊市,2025-01-18,2025-04-25,7.4,11-34℃,56-83%,true
PL0617,P0617,黑龙江五常米业,黑龙江省五常市,2025-03-17,2025-07-07,6.2,17-27℃,54-88%,true
PL0618,P0618,内蒙古土豆农场,内蒙古乌兰察布,2025-03-21,2025-08-17,5.5,13-33℃,64-88%,true
PL0619,P0619,新疆吐鲁番葡萄园,新疆吐鲁番市,2025-02-24,2025-06-21,6.8,16-30℃,61-84%,true
PL0620,P0620,河北廊坊蔬菜基地,河北省廊坊市,2025-03-17,2025-05-16,7.1,20-35℃,55-76%,true
PL0621,P0621,辽宁丹东草莓园,辽宁省丹东市,2025-03-21,2025-06-26,6.9,17-27℃,50-79%,true
PL0622,P0622,新疆吐鲁番葡萄园,新疆吐鲁番市,2025-02-11,2025-06-02,6.1,19-33℃,54-70%,true
PL0623,P0623,内蒙古土豆农场,内蒙古乌兰察布,2025-06-10,2025-11-22,5.6,16-34℃,53-83%,true
PL0624,P0624,黑龙江五常米业,黑龙江省五常市,2025-03-04,2025-06-03,5.9,11-31℃,55-88%,true
PL0625,P0625,新疆吐鲁番葡萄园,新疆吐鲁番市,2025-05-15,2025-08-06,7.3,17-34℃,61-72%,true
PL0626,P0626,江西赣南脐橙园,江西省赣州市,2025-01-10,2025-04-28,7.5,18-30℃,61-84%,true
PL0627,P0627,辽宁丹东草莓园,辽宁省丹东市,2025-01-17,2025-03-25,5.6,14-31℃,52-82%,true
PL0628,P0628,江西赣南脐橙园,江西省赣州市,2025-02-05,2025-04-25,6.2,13-27℃,60-90%,true
PL0629,P0629,山东潍坊蔬菜园,山东省潍坊市,2025-02-24,2025-04-25,6.0,12-31℃,56-74%,true
PL0630,P0630,陕西洛川苹果基地,陕西省洛川县,2025-01-13,2025-06-24,5.9,15-30℃,60-86%,true
PL0631,P0631,河北廊坊蔬菜基地,河北省廊坊市,2025-03-14,2025-06-25,7.3,13-25℃,56-89%,true
PL0632,P0632,四川成都蔬菜基地,四川省成都市,2025-02-15,2025-05-01,6.8,13-35℃,59-70%,true
PL0633,P0633,四川成都蔬菜基地,四川省成都市,2025-01-02,2025-03-03,5.9,13-27℃,65-72%,true
PL0634,P0634,辽宁丹东草莓园,辽宁省丹东市,2025-05-23,2025-10-25,6.2,12-33℃,50-82%,true
PL0635,P0635,云南昆明花卉基地,云南省昆明市,2025-06-20,2025-08-22,6.1,11-29℃,64-70%,false
PL0636,P0636,黑龙江五常米业,黑龙江省五常市,2025-05-12,2025-08-27,7.4,20-27℃,51-79%,true
PL0637,P0637,四川成都蔬菜基地,四川省成都市,2025-01-19,2025-03-17,5.6,18-33℃,53-77%,true
PL0638,P0638,河南周口种植基地,河南省周口市,2025-02-08,2025-05-13,6.1,13-35℃,59-79%,true
PL0639,P0639,湖北武汉农业园,湖北省武汉市,2025-02-03,2025-07-27,6.6,15-27℃,63-77%,true
PL0640,P0640,河北廊坊蔬菜基地,河北省廊坊市,2025-04-04,2025-06-23,7.4,13-31℃,51-80%,true
PL0641,P0641,陕西洛川苹果基地,陕西省洛川县,2025-05-14,2025-10-16,5.6,18-33℃,54-85%,true
PL0642,P0642,陕西洛川苹果基地,陕西省洛川县,2025-05-09,2025-08-15,6.0,16-34℃,63-75%,true
PL0643,P0643,河北廊坊蔬菜基地,河北省廊坊市,2025-05-13,2025-10-05,6.3,18-31℃,64-88%,true
PL0644,P0644,陕西洛川苹果基地,陕西省洛川县,2025-05-11,2025-10-12,7.4,19-26℃,63-90%,true
PL0645,P0645,新疆吐鲁番葡萄园,新疆吐鲁番市,2025-03-13,2025-08-03,7.3,10-31℃,55-87%,true
PL0646,P0646,浙江杭州茶园,浙江省杭州市,2025-01-19,2025-03-10,6.5,11-30℃,60-73%,true
PL0647,P0647,四川成都蔬菜基地,四川省成都市,2025-06-08,2025-09-19,6.7,15-28℃,57-82%,true
PL0648,P0648,辽宁丹东草莓园,辽宁省丹东市,2025-01-09,2025-05-04,6.3,11-31℃,52-74%,true
PL0649,P0649,内蒙古土豆农场,内蒙古乌兰察布,2025-05-22,2025-10-06,5.7,14-34℃,61-74%,true
PL0650,P0650,山东潍坊蔬菜园,山东省潍坊市,2025-03-09,2025-05-06,6.8,10-29℃,59-87%,true
PL0651,P0651,内蒙古土豆农场,内蒙古乌兰察布,2025-04-14,2025-06-10,6.9,11-27℃,60-72%,true
PL0652,P0652,河南周口种植基地,河南省周口市,2025-01-18,2025-05-17,7.2,10-28℃,60-90%,true
PL0653,P0653,陕西洛川苹果基地,陕西省洛川县,2025-01-10,2025-06-10,7.1,11-30℃,58-89%,true
PL0654,P0654,内蒙古土豆农场,内蒙古乌兰察布,2025-02-12,2025-07-05,6.5,16-27℃,58-83%,true
PL0655,P0655,云南昆明花卉基地,云南省昆明市,2025-03-02,2025-05-26,5.6,19-35℃,63-75%,true
PL0656,P0656,河南周口种植基地,河南省周口市,2025-06-27,2025-11-02,5.6,14-29℃,53-72%,false
PL0657,P0657,辽宁丹东草莓园,辽宁省丹东市,2025-05-28,2025-09-08,7.5,20-34℃,58-76%,true
PL0658,P0658,山东寿光绿色农场,山东省寿光市,2025-04-10,2025-09-17,7.0,15-30℃,64-88%,true
PL0659,P0659,广西百色芒果园,广西百色市,2025-02-13,2025-06-25,6.3,14-28℃,63-75%,true
PL0660,P0660,云南昆明花卉基地,云南省昆明市,2025-06-25,2025-10-22,7.3,16-27℃,62-80%,true
PL0661,P0661,浙江杭州茶园,浙江省杭州市,2025-03-18,2025-06-27,6.0,17-31℃,58-88%,true
PL0662,P0662,内蒙古土豆农场,内蒙古乌兰察布,2025-05-18,2025-10-18,7.5,12-33℃,63-73%,true
PL0663,P0663,湖北武汉农业园,湖北省武汉市,2025-01-06,2025-05-09,6.8,20-35℃,56-78%,true
PL0664,P0664,黑龙江五常米业,黑龙江省五常市,2025-04-03,2025-09-27,6.4,16-29℃,52-77%,false
PL0665,P0665,河南周口种植基地,河南省周口市,2025-02-22,2025-06-01,5.9,18-26℃,50-74%,true
PL0666,P0666,黑龙江五常米业,黑龙江省五常市,2025-05-25,2025-09-25,5.5,15-30℃,52-89%,true
PL0667,P0667,辽宁丹东草莓园,辽宁省丹东市,2025-04-01,2025-06-06,5.8,20-27℃,60-80%,true
PL0668,P0668,山东潍坊蔬菜园,山东省潍坊市,2025-05-14,2025-07-09,6.9,18-33℃,58-79%,true
PL0669,P0669,辽宁丹东草莓园,辽宁省丹东市,2025-05-23,2025-08-04,5.8,19-30℃,61-72%,true
PL0670,P0670,陕西洛川苹果基地,陕西省洛川县,2025-04-18,2025-07-06,5.9,16-33℃,52-77%,true
PL0671,P0671,山东潍坊蔬菜园,山东省潍坊市,2025-05-21,2025-10-01,6.3,15-33℃,61-90%,true
PL0672,P0672,四川成都蔬菜基地,四川省成都市,2025-03-02,2025-08-28,6.7,14-26℃,61-87%,true
PL0673,P0673,山东潍坊蔬菜园,山东省潍坊市,2025-02-17,2025-05-13,6.0,10-25℃,64-85%,true
PL0674,P0674,山东寿光绿色农场,山东省寿光市,2025-05-16,2025-08-03,6.0,14-28℃,65-77%,true
PL0675,P0675,云南昆明花卉基地,云南省昆明市,2025-01-03,2025-04-03,6.9,11-26℃,61-87%,true
PL0676,P0676,新疆吐鲁番葡萄园,新疆吐鲁番市,2025-06-21,2025-11-02,6.3,14-27℃,55-71%,true
PL0677,P0677,河南周口种植基地,河南省周口市,2025-06-13,2025-09-27,6.4,17-33℃,60-77%,true
PL0678,P0678,广西百色芒果园,广西百色市,2025-05-22,2025-07-16,5.8,18-32℃,53-79%,true
PL0679,P0679,河南周口种植基地,河南省周口市,2025-02-16,2025-07-12,6.0,15-30℃,51-79%,true
PL0680,P0680,新疆吐鲁番葡萄园,新疆吐鲁番市,2025-01-23,2025-06-11,6.4,12-26℃,56-81%,true
PL0681,P0681,辽宁丹东草莓园,辽宁省丹东市,2025-02-24,2025-07-19,6.5,17-30℃,57-84%,true
PL0682,P0682,云南昆明花卉基地,云南省昆明市,2025-02-02,2025-06-07,6.3,10-35℃,63-74%,true
PL0683,P0683,湖北武汉农业园,湖北省武汉市,2025-03-07,2025-08-02,7.4,14-31℃,61-86%,true
PL0684,P0684,云南昆明花卉基地,云南省昆明市,2025-06-16,2025-11-19,6.8,10-31℃,59-90%,true
PL0685,P0685,陕西洛川苹果基地,陕西省洛川县,2025-02-27,2025-04-09,6.6,12-35℃,65-77%,true
PL0686,P0686,新疆吐鲁番葡萄园,新疆吐鲁番市,2025-02-24,2025-05-17,5.9,15-34℃,63-82%,true
PL0687,P0687,辽宁丹东草莓园,辽宁省丹东市,2025-03-13,2025-05-14,7.2,15-31℃,60-80%,true
PL0688,P0688,河北廊坊蔬菜基地,河北省廊坊市,2025-01-28,2025-03-05,7.1,14-25℃,51-82%,true
PL0689,P0689,云南昆明花卉基地,云南省昆明市,2025-04-06,2025-07-17,6.1,13-25℃,62-90%,true
PL0690,P0690,辽宁丹东草莓园,辽宁省丹东市,2025-02-05,2025-04-18,7.0,11-31℃,58-74%,true
PL0691,P0691,云南昆明花卉基地,云南省昆明市,2025-01-14,2025-05-24,6.9,17-28℃,64-81%,true
PL0692,P0692,山东潍坊蔬菜园,山东省潍坊市,2025-03-10,2025-05-05,6.1,13-31℃,52-86%,true
PL0693,P0693,辽宁丹东草莓园,辽宁省丹东市,2025-03-27,2025-08-01,6.5,20-27℃,57-90%,true
PL0694,P0694,河北廊坊蔬菜基地,河北省廊坊市,2025-01-18,2025-06-14,6.4,13-27℃,61-88%,true
PL0695,P0695,内蒙古土豆农场,内蒙古乌兰察布,2025-01-25,2025-03-20,7.4,12-28℃,51-90%,true
PL0696,P0696,黑龙江五常米业,黑龙江省五常市,2025-01-04,2025-05-06,5.7,20-34℃,60-76%,false
PL0697,P0697,内蒙古土豆农场,内蒙古乌兰察布,2025-06-01,2025-09-20,6.2,12-25℃,61-78%,true
PL0698,P0698,湖北武汉农业园,湖北省武汉市,2025-01-25,2025-05-06,5.7,13-34℃,53-74%,true
PL0699,P0699,黑龙江五常米业,黑龙江省五常市,2025-03-22,2025-08-09,6.4,18-30℃,65-74%,true
PL0700,P0700,湖北武汉农业园,湖北省武汉市,2025-01-13,2025-05-01,6.7,20-27℃,63-85%,true
PL0701,P0701,新疆吐鲁番葡萄园,新疆吐鲁番市,2025-05-12,2025-10-04,6.6,10-29℃,61-70%,true
PL0702,P0702,四川成都蔬菜基地,四川省成都市,2025-05-21,2025-09-15,7.1,12-26℃,57-81%,true
PL0703,P0703,广西百色芒果园,广西百色市,2025-02-24,2025-07-02,5.5,18-31℃,63-77%,true
PL0704,P0704,山东寿光绿色农场,山东省寿光市,2025-06-10,2025-11-05,5.9,18-27℃,58-77%,true
PL0705,P0705,浙江杭州茶园,浙江省杭州市,2025-04-01,2025-09-25,6.1,18-32℃,53-89%,false
PL0706,P0706,山东潍坊蔬菜园,山东省潍坊市,2025-06-21,2025-08-09,5.9,17-26℃,53-89%,true
PL0707,P0707,新疆吐鲁番葡萄园,新疆吐鲁番市,2025-06-05,2025-08-05,7.0,11-30℃,61-85%,true
PL0708,P0708,河南周口种植基地,河南省周口市,2025-04-24,2025-07-23,6.8,13-27℃,51-78%,true
PL0709,P0709,河南周口种植基地,河南省周口市,2025-04-06,2025-08-27,6.6,13-29℃,56-84%,true
PL0710,P0710,辽宁丹东草莓园,辽宁省丹东市,2025-02-28,2025-05-10,6.1,13-33℃,58-79%,true
PL0711,P0711,四川成都蔬菜基地,四川省成都市,2025-06-26,2025-08-16,6.8,20-27℃,60-73%,true
PL0712,P0712,河南周口种植基地,河南省周口市,2025-04-14,2025-09-16,5.9,19-34℃,58-89%,true
PL0713,P0713,云南昆明花卉基地,云南省昆明市,2025-06-12,2025-11-12,6.6,19-30℃,51-79%,true
PL0714,P0714,四川成都蔬菜基地,四川省成都市,2025-04-17,2025-08-17,6.4,16-35℃,55-76%,true
PL0715,P0715,山东寿光绿色农场,山东省寿光市,2025-05-27,2025-07-04,7.2,16-29℃,59-86%,true
PL0716,P0716,内蒙古土豆农场,内蒙古乌兰察布,2025-05-13,2025-07-22,6.8,10-33℃,51-83%,true
PL0717,P0717,黑龙江五常米业,黑龙江省五常市,2025-04-28,2025-09-25,6.1,19-30℃,54-82%,true
PL0718,P0718,云南昆明花卉基地,云南省昆明市,2025-04-02,2025-07-02,6.4,18-33℃,55-90%,true
PL0719,P0719,浙江杭州茶园,浙江省杭州市,2025-02-04,2025-05-09,5.7,19-31℃,63-72%,true
PL0720,P0720,浙江杭州茶园,浙江省杭州市,2025-04-04,2025-08-17,6.7,17-34℃,54-82%,true
PL0721,P0721,云南昆明花卉基地,云南省昆明市,2025-03-03,2025-08-10,6.9,20-28℃,51-80%,true
PL0722,P0722,陕西洛川苹果基地,陕西省洛川县,2025-01-05,2025-03-28,5.5,12-30℃,64-70%,true
PL0723,P0723,黑龙江五常米业,黑龙江省五常市,2025-03-01,2025-08-14,6.7,16-33℃,61-73%,true
PL0724,P0724,四川成都蔬菜基地,四川省成都市,2025-02-07,2025-06-24,7.2,20-31℃,65-88%,true
PL0725,P0725,江西赣南脐橙园,江西省赣州市,2025-02-03,2025-05-21,5.6,11-27℃,56-70%,true
PL0726,P0726,云南昆明花卉基地,云南省昆明市,2025-01-12,2025-03-12,7.5,15-29℃,61-79%,true
PL0727,P0727,辽宁丹东草莓园,辽宁省丹东市,2025-04-15,2025-06-27,5.6,16-30℃,61-80%,true
PL0728,P0728,广西百色芒果园,广西百色市,2025-02-06,2025-04-04,6.8,13-30℃,50-79%,true
PL0729,P0729,河北廊坊蔬菜基地,河北省廊坊市,2025-06-18,2025-10-05,7.2,14-27℃,58-82%,true
PL0730,P0730,山东潍坊蔬菜园,山东省潍坊市,2025-05-10,2025-07-19,5.7,20-31℃,58-70%,true
PL0731,P0731,河南周口种植基地,河南省周口市,2025-02-20,2025-05-01,6.0,10-33℃,50-76%,true
PL0732,P0732,新疆吐鲁番葡萄园,新疆吐鲁番市,2025-01-22,2025-05-08,6.2,19-33℃,64-88%,true
PL0733,P0733,黑龙江五常米业,黑龙江省五常市,2025-05-07,2025-08-07,6.3,12-33℃,63-73%,true
PL0734,P0734,辽宁丹东草莓园,辽宁省丹东市,2025-01-19,2025-03-24,7.0,11-34℃,62-77%,true
PL0735,P0735,浙江杭州茶园,浙江省杭州市,2025-03-12,2025-07-18,6.5,15-32℃,53-84%,true
PL0736,P0736,云南昆明花卉基地,云南省昆明市,2025-05-11,2025-09-21,6.3,17-28℃,50-85%,true
PL0737,P0737,湖北武汉农业园,湖北省武汉市,2025-03-06,2025-08-22,6.2,16-32℃,52-84%,true
PL0738,P0738,四川成都蔬菜基地,四川省成都市,2025-04-21,2025-09-01,6.9,18-32℃,60-87%,true
PL0739,P0739,山东寿光绿色农场,山东省寿光市,2025-03-22,2025-07-20,6.0,17-35℃,62-74%,true
PL0740,P0740,河北廊坊蔬菜基地,河北省廊坊市,2025-06-17,2025-10-01,5.8,16-33℃,63-87%,true
PL0741,P0741,内蒙古土豆农场,内蒙古乌兰察布,2025-01-25,2025-06-21,5.7,18-28℃,60-70%,true
PL0742,P0742,山东寿光绿色农场,山东省寿光市,2025-04-09,2025-09-23,7.2,16-29℃,61-75%,true
PL0743,P0743,湖北武汉农业园,湖北省武汉市,2025-01-28,2025-03-05,6.0,20-31℃,50-80%,true
PL0744,P0744,内蒙古土豆农场,内蒙古乌兰察布,2025-02-10,2025-06-19,7.3,14-34℃,58-76%,true
PL0745,P0745,山东寿光绿色农场,山东省寿光市,2025-02-17,2025-04-02,7.5,20-34℃,55-77%,true
PL0746,P0746,浙江杭州茶园,浙江省杭州市,2025-06-26,2025-08-20,5.7,13-30℃,64-74%,true
PL0747,P0747,河南周口种植基地,河南省周口市,2025-03-14,2025-06-19,7.3,16-34℃,60-80%,true
PL0748,P0748,广西百色芒果园,广西百色市,2025-04-01,2025-07-11,7.3,14-32℃,60-89%,true
PL0749,P0749,云南昆明花卉基地,云南省昆明市,2025-03-13,2025-08-07,7.1,19-29℃,58-89%,true
PL0750,P0750,广西百色芒果园,广西百色市,2025-06-25,2025-08-07,5.7,11-29℃,57-85%,true
PL0751,P0751,河北廊坊蔬菜基地,河北省廊坊市,2025-01-06,2025-06-05,6.1,10-28℃,56-86%,true
PL0752,P0752,河南周口种植基地,河南省周口市,2025-06-10,2025-10-23,5.8,14-35℃,61-89%,true
PL0753,P0753,黑龙江五常米业,黑龙江省五常市,2025-02-11,2025-07-28,6.4,10-28℃,54-90%,true
PL0754,P0754,浙江杭州茶园,浙江省杭州市,2025-02-04,2025-06-16,5.9,11-27℃,55-77%,true
PL0755,P0755,河南周口种植基地,河南省周口市,2025-04-11,2025-08-13,5.7,19-27℃,53-81%,true
PL0756,P0756,新疆吐鲁番葡萄园,新疆吐鲁番市,2025-05-20,2025-08-23,6.7,15-32℃,64-73%,true
PL0757,P0757,山东寿光绿色农场,山东省寿光市,2025-01-21,2025-04-16,5.6,20-31℃,55-85%,true
PL0758,P0758,新疆吐鲁番葡萄园,新疆吐鲁番市,2025-04-16,2025-09-17,6.7,12-30℃,63-76%,true
PL0759,P0759,云南昆明花卉基地,云南省昆明市,2025-05-05,2025-09-07,6.4,15-25℃,64-81%,true
PL0760,P0760,云南昆明花卉基地,云南省昆明市,2025-03-06,2025-06-14,6.0,16-29℃,59-86%,true
PL0761,P0761,浙江杭州茶园,浙江省杭州市,2025-01-04,2025-03-20,7.2,14-34℃,56-85%,true
PL0762,P0762,山东潍坊蔬菜园,山东省潍坊市,2025-02-03,2025-06-10,6.0,11-27℃,55-73%,true
PL0763,P0763,辽宁丹东草莓园,辽宁省丹东市,2025-04-12,2025-08-07,5.6,19-27℃,64-78%,true
PL0764,P0764,浙江杭州茶园,浙江省杭州市,2025-06-27,2025-09-05,6.7,11-26℃,53-71%,true
PL0765,P0765,陕西洛川苹果基地,陕西省洛川县,2025-06-13,2025-11-08,6.1,11-25℃,63-80%,true
PL0766,P0766,山东寿光绿色农场,山东省寿光市,2025-02-25,2025-05-19,6.3,12-28℃,61-85%,true
PL0767,P0767,河南周口种植基地,河南省周口市,2025-06-07,2025-10-22,6.1,14-29℃,62-72%,true
PL0768,P0768,四川成都蔬菜基地,四川省成都市,2025-02-02,2025-07-16,7.4,11-27℃,62-76%,true
PL0769,P0769,湖北武汉农业园,湖北省武汉市,2025-06-05,2025-10-10,6.2,14-28℃,61-79%,true
PL0770,P0770,新疆吐鲁番葡萄园,新疆吐鲁番市,2025-06-10,2025-11-24,6.1,17-28℃,57-85%,true
PL0771,P0771,浙江杭州茶园,浙江省杭州市,2025-04-18,2025-09-26,5.5,19-26℃,55-80%,true
PL0772,P0772,新疆吐鲁番葡萄园,新疆吐鲁番市,2025-01-14,2025-06-01,5.5,16-30℃,60-76%,true
PL0773,P0773,辽宁丹东草莓园,辽宁省丹东市,2025-06-06,2025-11-21,7.3,17-33℃,59-73%,true
PL0774,P0774,湖北武汉农业园,湖北省武汉市,2025-05-02,2025-07-20,6.6,15-30℃,54-74%,true
PL0775,P0775,陕西洛川苹果基地,陕西省洛川县,2025-03-19,2025-07-18,5.6,13-34℃,55-72%,true
PL0776,P0776,四川成都蔬菜基地,四川省成都市,2025-02-13,2025-05-10,5.7,11-28℃,61-74%,true
PL0777,P0777,四川成都蔬菜基地,四川省成都市,2025-05-17,2025-10-13,7.0,13-29℃,58-87%,true
PL0778,P0778,湖北武汉农业园,湖北省武汉市,2025-04-26,2025-07-26,7.1,18-33℃,60-89%,true
PL0779,P0779,陕西洛川苹果基地,陕西省洛川县,2025-02-23,2025-06-09,6.0,10-29℃,64-90%,true
PL0780,P0780,河南周口种植基地,河南省周口市,2025-05-03,2025-07-02,6.6,17-32℃,55-73%,true
PL0781,P0781,山东寿光绿色农场,山东省寿光市,2025-06-25,2025-09-25,7.4,19-28℃,53-81%,true
PL0782,P0782,辽宁丹东草莓园,辽宁省丹东市,2025-04-16,2025-08-18,6.3,14-29℃,58-83%,true
PL0783,P0783,江西赣南脐橙园,江西省赣州市,2025-06-16,2025-11-23,5.8,19-34℃,51-77%,true
PL0784,P0784,山东寿光绿色农场,山东省寿光市,2025-01-08,2025-06-02,7.1,11-27℃,60-90%,true
PL0785,P0785,内蒙古土豆农场,内蒙古乌兰察布,2025-03-25,2025-07-01,5.9,16-26℃,55-71%,true
PL0786,P0786,黑龙江五常米业,黑龙江省五常市,2025-03-16,2025-05-09,7.0,16-35℃,61-76%,true
PL0787,P0787,黑龙江五常米业,黑龙江省五常市,2025-02-23,2025-07-09,6.0,20-33℃,50-90%,true
PL0788,P0788,云南昆明花卉基地,云南省昆明市,2025-05-18,2025-10-15,5.7,20-30℃,51-84%,true
PL0789,P0789,陕西洛川苹果基地,陕西省洛川县,2025-06-25,2025-11-15,7.3,13-30℃,64-73%,true
PL0790,P0790,山东潍坊蔬菜园,山东省潍坊市,2025-01-05,2025-03-01,7.0,14-33℃,58-81%,true
PL0791,P0791,江西赣南脐橙园,江西省赣州市,2025-05-11,2025-07-25,5.8,12-31℃,65-74%,true
PL0792,P0792,江西赣南脐橙园,江西省赣州市,2025-03-01,2025-07-05,5.8,10-33℃,59-79%,true
PL0793,P0793,内蒙古土豆农场,内蒙古乌兰察布,2025-01-24,2025-03-02,7.4,14-33℃,65-81%,true
PL0794,P0794,山东潍坊蔬菜园,山东省潍坊市,2025-05-04,2025-08-10,6.0,16-25℃,58-70%,true
PL0795,P0795,河北廊坊蔬菜基地,河北省廊坊市,2025-06-18,2025-09-19,6.5,11-33℃,62-79%,true
PL0796,P0796,新疆吐鲁番葡萄园,新疆吐鲁番市,2025-05-12,2025-09-06,7.2,14-29℃,65-81%,true
PL0797,P0797,河北廊坊蔬菜基地,河北省廊坊市,2025-03-16,2025-08-09,5.7,10-26℃,52-73%,true
PL0798,P0798,山东潍坊蔬菜园,山东省潍坊市,2025-04-20,2025-08-03,7.5,20-33℃,61-86%,true
PL0799,P0799,河南周口种植基地,河南省周口市,2025-05-10,2025-10-15,6.6,16-31℃,59-89%,true
PL0800,P0800,陕西洛川苹果基地,陕西省洛川县,2025-06-16,2025-10-11,5.6,15-35℃,55-73%,true
PL0801,P0801,陕西洛川苹果基地,陕西省洛川县,2025-04-19,2025-07-27,6.7,19-28℃,57-80%,true
PL0802,P0802,广西百色芒果园,广西百色市,2025-02-04,2025-06-25,6.9,16-26℃,65-82%,true
PL0803,P0803,河南周口种植基地,河南省周口市,2025-01-13,2025-04-06,6.2,19-35℃,58-87%,true
PL0804,P0804,黑龙江五常米业,黑龙江省五常市,2025-03-16,2025-08-24,6.0,16-25℃,55-76%,true
PL0805,P0805,四川成都蔬菜基地,四川省成都市,2025-03-28,2025-06-07,6.2,19-29℃,51-76%,true
PL0806,P0806,新疆吐鲁番葡萄园,新疆吐鲁番市,2025-04-23,2025-07-16,6.4,14-31℃,59-78%,true
PL0807,P0807,山东寿光绿色农场,山东省寿光市,2025-04-04,2025-06-17,5.9,20-26℃,50-90%,true
PL0808,P0808,浙江杭州茶园,浙江省杭州市,2025-04-20,2025-09-23,7.1,13-32℃,60-72%,true
PL0809,P0809,云南昆明花卉基地,云南省昆明市,2025-02-27,2025-07-05,6.5,13-34℃,52-85%,true
PL0810,P0810,河南周口种植基地,河南省周口市,2025-06-15,2025-08-12,6.4,20-31℃,53-71%,true
PL0811,P0811,新疆吐鲁番葡萄园,新疆吐鲁番市,2025-06-13,2025-10-03,7.0,10-32℃,64-74%,true
PL0812,P0812,新疆吐鲁番葡萄园,新疆吐鲁番市,2025-02-08,2025-07-17,7.1,11-28℃,59-88%,true
PL0813,P0813,陕西洛川苹果基地,陕西省洛川县,2025-05-19,2025-08-12,5.7,11-25℃,50-76%,true
PL0814,P0814,内蒙古土豆农场,内蒙古乌兰察布,2025-04-10,2025-06-05,6.5,11-26℃,51-73%,true
PL0815,P0815,湖北武汉农业园,湖北省武汉市,2025-01-22,2025-03-12,5.7,16-27℃,54-77%,true
PL0816,P0816,山东寿光绿色农场,山东省寿光市,2025-03-07,2025-08-27,7.4,12-31℃,55-86%,true
PL0817,P0817,广西百色芒果园,广西百色市,2025-03-11,2025-05-12,6.2,15-35℃,60-73%,true
PL0818,P0818,云南昆明花卉基地,云南省昆明市,2025-06-02,2025-11-02,7.2,14-25℃,62-73%,true
PL0819,P0819,辽宁丹东草莓园,辽宁省丹东市,2025-04-03,2025-07-28,6.0,20-32℃,61-73%,true
PL0820,P0820,山东潍坊蔬菜园,山东省潍坊市,2025-01-05,2025-04-17,7.2,15-35℃,59-74%,true
PL0821,P0821,四川成都蔬菜基地,四川省成都市,2025-02-08,2025-04-20,7.2,13-35℃,57-90%,true
PL0822,P0822,江西赣南脐橙园,江西省赣州市,2025-05-07,2025-09-13,6.2,17-33℃,62-87%,true
PL0823,P0823,广西百色芒果园,广西百色市,2025-02-27,2025-06-10,5.8,14-35℃,60-82%,false
PL0824,P0824,山东寿光绿色农场,山东省寿光市,2025-04-11,2025-09-13,6.8,11-26℃,62-76%,true
PL0825,P0825,内蒙古土豆农场,内蒙古乌兰察布,2025-03-15,2025-07-02,6.0,12-26℃,58-82%,true
PL0826,P0826,四川成都蔬菜基地,四川省成都市,2025-01-08,2025-05-13,5.9,11-33℃,55-77%,true
PL0827,P0827,河北廊坊蔬菜基地,河北省廊坊市,2025-03-03,2025-06-22,5.6,19-35℃,52-81%,true
PL0828,P0828,四川成都蔬菜基地,四川省成都市,2025-01-04,2025-05-12,7.0,18-35℃,51-81%,true
PL0829,P0829,山东潍坊蔬菜园,山东省潍坊市,2025-06-28,2025-08-26,6.8,12-25℃,55-86%,true
PL0830,P0830,黑龙江五常米业,黑龙江省五常市,2025-06-27,2025-08-12,7.0,20-32℃,65-75%,true
PL0831,P0831,云南昆明花卉基地,云南省昆明市,2025-02-14,2025-07-28,5.9,15-35℃,63-85%,true
PL0832,P0832,江西赣南脐橙园,江西省赣州市,2025-06-25,2025-09-05,7.3,17-26℃,64-89%,true
PL0833,P0833,新疆吐鲁番葡萄园,新疆吐鲁番市,2025-03-02,2025-07-05,6.3,19-35℃,50-72%,true
PL0834,P0834,四川成都蔬菜基地,四川省成都市,2025-02-10,2025-06-09,6.3,12-35℃,65-87%,true
PL0835,P0835,广西百色芒果园,广西百色市,2025-04-05,2025-06-07,6.5,18-34℃,58-89%,true
PL0836,P0836,四川成都蔬菜基地,四川省成都市,2025-04-14,2025-06-20,6.0,15-30℃,56-78%,true
PL0837,P0837,黑龙江五常米业,黑龙江省五常市,2025-02-05,2025-07-21,5.5,14-31℃,63-72%,true
PL0838,P0838,黑龙江五常米业,黑龙江省五常市,2025-06-25,2025-10-03,5.6,14-32℃,58-75%,true
PL0839,P0839,河北廊坊蔬菜基地,河北省廊坊市,2025-05-26,2025-07-28,6.4,15-34℃,56-78%,true
PL0840,P0840,湖北武汉农业园,湖北省武汉市,2025-04-21,2025-06-22,7.4,20-32℃,62-74%,true
PL0841,P0841,河北廊坊蔬菜基地,河北省廊坊市,2025-04-12,2025-07-24,5.5,20-35℃,63-83%,true
PL0842,P0842,黑龙江五常米业,黑龙江省五常市,2025-03-04,2025-08-04,6.4,16-26℃,54-77%,true
PL0843,P0843,内蒙古土豆农场,内蒙古乌兰察布,2025-02-26,2025-04-18,7.2,14-27℃,51-87%,true
PL0844,P0844,江西赣南脐橙园,江西省赣州市,2025-02-16,2025-05-26,6.6,10-29℃,55-86%,true
PL0845,P0845,四川成都蔬菜基地,四川省成都市,2025-02-12,2025-05-05,5.7,16-27℃,56-85%,true
PL0846,P0846,山东潍坊蔬菜园,山东省潍坊市,2025-04-10,2025-06-14,6.6,16-30℃,59-89%,true
PL0847,P0847,陕西洛川苹果基地,陕西省洛川县,2025-04-10,2025-07-21,7.0,10-26℃,55-73%,true
PL0848,P0848,湖北武汉农业园,湖北省武汉市,2025-05-02,2025-08-25,6.4,14-31℃,55-73%,true
PL0849,P0849,辽宁丹东草莓园,辽宁省丹东市,2025-05-08,2025-10-03,5.6,11-29℃,63-78%,true
PL0850,P0850,河北廊坊蔬菜基地,河北省廊坊市,2025-05-06,2025-08-01,7.5,11-28℃,64-89%,true
PL0851,P0851,陕西洛川苹果基地,陕西省洛川县,2025-02-09,2025-05-02,7.3,17-35℃,56-90%,true
PL0852,P0852,江西赣南脐橙园,江西省赣州市,2025-06-18,2025-10-14,7.1,18-29℃,50-84%,false
PL0853,P0853,河北廊坊蔬菜基地,河北省廊坊市,2025-04-24,2025-09-13,6.5,16-31℃,54-76%,true
PL0854,P0854,河南周口种植基地,河南省周口市,2025-05-16,2025-07-07,6.7,20-34℃,62-79%,true
PL0855,P0855,湖北武汉农业园,湖北省武汉市,2025-01-09,2025-03-09,6.8,20-32℃,62-77%,true
PL0856,P0856,山东潍坊蔬菜园,山东省潍坊市,2025-05-27,2025-10-16,6.7,11-28℃,58-87%,true
PL0857,P0857,河南周口种植基地,河南省周口市,2025-03-11,2025-08-01,6.9,20-34℃,53-90%,true
PL0858,P0858,山东潍坊蔬菜园,山东省潍坊市,2025-01-15,2025-03-13,7.3,11-35℃,61-79%,true
PL0859,P0859,山东潍坊蔬菜园,山东省潍坊市,2025-03-25,2025-07-07,6.8,12-34℃,58-88%,true
PL0860,P0860,浙江杭州茶园,浙江省杭州市,2025-04-15,2025-09-16,7.2,19-28℃,62-72%,true
PL0861,P0861,广西百色芒果园,广西百色市,2025-01-09,2025-04-25,7.2,18-25℃,63-82%,true
PL0862,P0862,江西赣南脐橙园,江西省赣州市,2025-06-10,2025-10-01,6.0,12-35℃,64-85%,true
PL0863,P0863,黑龙江五常米业,黑龙江省五常市,2025-05-06,2025-09-19,6.2,14-29℃,64-76%,true
PL0864,P0864,河南周口种植基地,河南省周口市,2025-04-13,2025-07-22,5.7,14-32℃,55-85%,true
PL0865,P0865,广西百色芒果园,广西百色市,2025-06-18,2025-09-03,5.7,15-30℃,63-83%,false
PL0866,P0866,新疆吐鲁番葡萄园,新疆吐鲁番市,2025-02-13,2025-05-01,6.2,15-32℃,51-75%,true
PL0867,P0867,湖北武汉农业园,湖北省武汉市,2025-02-15,2025-07-05,7.4,19-25℃,55-72%,false
PL0868,P0868,湖北武汉农业园,湖北省武汉市,2025-01-07,2025-03-15,7.2,12-32℃,57-86%,true
PL0869,P0869,河北廊坊蔬菜基地,河北省廊坊市,2025-04-01,2025-08-16,5.6,10-28℃,65-85%,true
PL0870,P0870,河北廊坊蔬菜基地,河北省廊坊市,2025-01-15,2025-03-01,6.1,15-28℃,53-80%,true
PL0871,P0871,山东潍坊蔬菜园,山东省潍坊市,2025-02-17,2025-06-11,6.5,10-35℃,53-70%,true
PL0872,P0872,辽宁丹东草莓园,辽宁省丹东市,2025-02-06,2025-06-04,7.2,11-33℃,50-79%,true
PL0873,P0873,新疆吐鲁番葡萄园,新疆吐鲁番市,2025-06-20,2025-08-17,7.2,12-27℃,65-70%,true
PL0874,P0874,广西百色芒果园,广西百色市,2025-06-17,2025-09-19,5.8,17-33℃,56-87%,true
PL0875,P0875,河南周口种植基地,河南省周口市,2025-05-06,2025-07-12,7.3,12-31℃,57-89%,true
PL0876,P0876,河北廊坊蔬菜基地,河北省廊坊市,2025-04-02,2025-06-08,7.3,17-34℃,59-86%,true
PL0877,P0877,山东潍坊蔬菜园,山东省潍坊市,2025-04-03,2025-09-15,7.3,18-29℃,53-70%,true
PL0878,P0878,新疆吐鲁番葡萄园,新疆吐鲁番市,2025-03-19,2025-08-10,6.9,18-30℃,62-75%,true
PL0879,P0879,新疆吐鲁番葡萄园,新疆吐鲁番市,2025-01-07,2025-05-06,6.5,13-30℃,51-80%,true
PL0880,P0880,江西赣南脐橙园,江西省赣州市,2025-01-09,2025-05-01,7.0,18-25℃,64-84%,true
PL0881,P0881,辽宁丹东草莓园,辽宁省丹东市,2025-04-05,2025-07-21,6.0,16-33℃,54-76%,true
PL0882,P0882,云南昆明花卉基地,云南省昆明市,2025-04-06,2025-09-07,7.2,17-32℃,56-81%,true
PL0883,P0883,内蒙古土豆农场,内蒙古乌兰察布,2025-03-24,2025-05-27,7.5,15-32℃,55-70%,true
PL0884,P0884,江西赣南脐橙园,江西省赣州市,2025-02-18,2025-04-19,6.2,10-27℃,60-81%,true
PL0885,P0885,辽宁丹东草莓园,辽宁省丹东市,2025-05-19,2025-07-28,5.7,14-33℃,51-78%,true
PL0886,P0886,浙江杭州茶园,浙江省杭州市,2025-02-18,2025-07-10,7.0,18-27℃,57-77%,true
PL0887,P0887,辽宁丹东草莓园,辽宁省丹东市,2025-02-08,2025-06-15,6.8,15-30℃,61-71%,true
PL0888,P0888,广西百色芒果园,广西百色市,2025-05-13,2025-07-09,6.4,13-29℃,55-81%,true
PL0889,P0889,浙江杭州茶园,浙江省杭州市,2025-04-02,2025-09-18,7.0,19-32℃,55-71%,true
PL0890,P0890,陕西洛川苹果基地,陕西省洛川县,2025-06-01,2025-11-10,7.4,12-30℃,50-79%,true
PL0891,P0891,陕西洛川苹果基地,陕西省洛川县,2025-01-23,2025-03-27,6.8,17-34℃,58-75%,true
PL0892,P0892,江西赣南脐橙园,江西省赣州市,2025-05-14,2025-07-11,5.9,10-25℃,64-80%,true
PL0893,P0893,湖北武汉农业园,湖北省武汉市,2025-03-09,2025-08-08,7.2,11-32℃,54-80%,true
PL0894,P0894,河南周口种植基地,河南省周口市,2025-01-19,2025-05-08,6.1,10-26℃,58-88%,true
PL0895,P0895,山东潍坊蔬菜园,山东省潍坊市,2025-05-24,2025-07-07,6.4,20-26℃,61-80%,true
PL0896,P0896,山东寿光绿色农场,山东省寿光市,2025-04-12,2025-06-10,7.0,16-33℃,58-75%,false
PL0897,P0897,江西赣南脐橙园,江西省赣州市,2025-05-18,2025-07-17,6.0,16-27℃,56-80%,true
PL0898,P0898,辽宁丹东草莓园,辽宁省丹东市,2025-02-13,2025-07-06,5.6,19-34℃,64-71%,true
PL0899,P0899,辽宁丹东草莓园,辽宁省丹东市,2025-04-27,2025-06-03,5.9,13-29℃,58-73%,true
PL0900,P0900,辽宁丹东草莓园,辽宁省丹东市,2025-03-18,2025-07-05,7.3,14-27℃,64-73%,true
PL0901,P0901,浙江杭州茶园,浙江省杭州市,2025-06-02,2025-11-03,6.8,12-32℃,62-71%,true
PL0902,P0902,河南周口种植基地,河南省周口市,2025-04-22,2025-06-08,5.9,13-27℃,56-73%,true
PL0903,P0903,江西赣南脐橙园,江西省赣州市,2025-04-19,2025-06-01,5.8,14-26℃,60-74%,true
PL0904,P0904,河北廊坊蔬菜基地,河北省廊坊市,2025-02-18,2025-07-19,5.6,15-27℃,64-85%,true
PL0905,P0905,广西百色芒果园,广西百色市,2025-06-10,2025-10-28,7.3,18-33℃,58-80%,true
PL0906,P0906,江西赣南脐橙园,江西省赣州市,2025-06-11,2025-10-02,6.0,11-26℃,63-71%,true
PL0907,P0907,内蒙古土豆农场,内蒙古乌兰察布,2025-04-23,2025-08-18,6.9,10-28℃,51-85%,true
PL0908,P0908,浙江杭州茶园,浙江省杭州市,2025-05-13,2025-09-28,6.2,12-29℃,61-77%,true
PL0909,P0909,广西百色芒果园,广西百色市,2025-01-11,2025-03-26,6.3,18-30℃,65-77%,true
PL0910,P0910,内蒙古土豆农场,内蒙古乌兰察布,2025-05-20,2025-07-04,6.5,11-26℃,64-70%,true
PL0911,P0911,山东寿光绿色农场,山东省寿光市,2025-01-24,2025-03-01,6.8,12-25℃,52-87%,true
PL0912,P0912,山东潍坊蔬菜园,山东省潍坊市,2025-04-14,2025-09-16,7.1,13-25℃,53-87%,true
PL0913,P0913,四川成都蔬菜基地,四川省成都市,2025-01-24,2025-04-07,7.3,14-32℃,61-82%,true
PL0914,P0914,陕西洛川苹果基地,陕西省洛川县,2025-06-03,2025-08-15,6.6,12-32℃,60-71%,true
PL0915,P0915,云南昆明花卉基地,云南省昆明市,2025-02-24,2025-04-17,6.9,17-35℃,65-74%,true
PL0916,P0916,内蒙古土豆农场,内蒙古乌兰察布,2025-06-02,2025-11-13,6.2,13-31℃,51-72%,true
PL0917,P0917,云南昆明花卉基地,云南省昆明市,2025-05-01,2025-09-01,6.1,14-31℃,56-75%,true
PL0918,P0918,四川成都蔬菜基地,四川省成都市,2025-02-06,2025-06-01,7.0,15-28℃,53-90%,true
PL0919,P0919,山东潍坊蔬菜园,山东省潍坊市,2025-01-08,2025-05-25,6.5,11-28℃,57-78%,true
PL0920,P0920,四川成都蔬菜基地,四川省成都市,2025-05-16,2025-07-23,5.7,14-32℃,50-71%,true
PL0921,P0921,黑龙江五常米业,黑龙江省五常市,2025-04-03,2025-06-09,6.0,20-28℃,51-73%,true
PL0922,P0922,陕西洛川苹果基地,陕西省洛川县,2025-03-05,2025-07-11,5.5,13-30℃,64-79%,true
PL0923,P0923,内蒙古土豆农场,内蒙古乌兰察布,2025-04-07,2025-07-14,7.0,17-34℃,62-76%,true
PL0924,P0924,河南周口种植基地,河南省周口市,2025-01-09,2025-03-25,6.6,20-26℃,60-74%,true
PL0925,P0925,湖北武汉农业园,湖北省武汉市,2025-05-22,2025-08-08,6.8,12-32℃,64-72%,true
PL0926,P0926,湖北武汉农业园,湖北省武汉市,2025-03-22,2025-05-18,6.6,13-31℃,55-75%,true
PL0927,P0927,河南周口种植基地,河南省周口市,2025-03-09,2025-05-06,7.0,20-32℃,56-74%,true
PL0928,P0928,河北廊坊蔬菜基地,河北省廊坊市,2025-03-12,2025-06-26,6.4,15-34℃,53-71%,true
PL0929,P0929,河北廊坊蔬菜基地,河北省廊坊市,2025-06-04,2025-09-16,6.5,17-30℃,56-86%,true
PL0930,P0930,浙江杭州茶园,浙江省杭州市,2025-01-01,2025-06-28,5.9,10-31℃,60-74%,true
PL0931,P0931,四川成都蔬菜基地,四川省成都市,2025-04-22,2025-06-08,6.0,10-31℃,59-79%,true
PL0932,P0932,云南昆明花卉基地,云南省昆明市,2025-06-06,2025-08-08,6.4,14-28℃,60-79%,true
PL0933,P0933,云南昆明花卉基地,云南省昆明市,2025-02-24,2025-04-26,7.0,14-27℃,65-90%,true
PL0934,P0934,湖北武汉农业园,湖北省武汉市,2025-06-09,2025-09-22,5.6,15-30℃,59-87%,true
PL0935,P0935,江西赣南脐橙园,江西省赣州市,2025-03-03,2025-08-14,6.3,10-29℃,59-84%,true
PL0936,P0936,江西赣南脐橙园,江西省赣州市,2025-02-08,2025-07-10,6.7,13-25℃,61-85%,true
PL0937,P0937,广西百色芒果园,广西百色市,2025-01-23,2025-05-21,6.6,14-32℃,57-85%,true
PL0938,P0938,浙江杭州茶园,浙江省杭州市,2025-04-21,2025-08-13,5.7,18-28℃,61-71%,true
PL0939,P0939,辽宁丹东草莓园,辽宁省丹东市,2025-03-19,2025-08-13,5.8,20-35℃,65-70%,false
PL0940,P0940,河北廊坊蔬菜基地,河北省廊坊市,2025-01-09,2025-06-18,6.5,10-31℃,61-73%,true
PL0941,P0941,山东寿光绿色农场,山东省寿光市,2025-01-16,2025-04-19,7.0,17-25℃,65-84%,true
PL0942,P0942,云南昆明花卉基地,云南省昆明市,2025-02-07,2025-04-22,7.4,20-33℃,53-90%,true
PL0943,P0943,江西赣南脐橙园,江西省赣州市,2025-03-27,2025-05-16,5.7,15-26℃,51-76%,true
PL0944,P0944,河南周口种植基地,河南省周口市,2025-04-06,2025-08-22,5.6,16-34℃,51-77%,true
PL0945,P0945,河南周口种植基地,河南省周口市,2025-06-09,2025-08-04,7.0,13-31℃,55-74%,true
PL0946,P0946,山东潍坊蔬菜园,山东省潍坊市,2025-01-22,2025-03-10,6.1,16-26℃,51-86%,true
PL0947,P0947,黑龙江五常米业,黑龙江省五常市,2025-04-25,2025-09-11,6.7,10-27℃,64-78%,true
PL0948,P0948,四川成都蔬菜基地,四川省成都市,2025-04-26,2025-07-10,7.2,11-29℃,51-82%,true
PL0949,P0949,云南昆明花卉基地,云南省昆明市,2025-06-15,2025-11-25,6.1,12-25℃,59-79%,true
PL0950,P0950,江西赣南脐橙园,江西省赣州市,2025-01-10,2025-06-20,7.2,16-25℃,55-77%,true
PL0951,P0951,湖北武汉农业园,湖北省武汉市,2025-01-03,2025-05-01,5.8,14-29℃,61-73%,true
PL0952,P0952,新疆吐鲁番葡萄园,新疆吐鲁番市,2025-05-07,2025-10-23,6.8,16-33℃,60-86%,true
PL0953,P0953,云南昆明花卉基地,云南省昆明市,2025-06-17,2025-08-19,7.3,10-28℃,50-90%,true
PL0954,P0954,山东潍坊蔬菜园,山东省潍坊市,2025-02-18,2025-05-02,5.8,14-32℃,60-79%,true
PL0955,P0955,广西百色芒果园,广西百色市,2025-02-01,2025-05-26,5.5,18-34℃,57-71%,true
PL0956,P0956,内蒙古土豆农场,内蒙古乌兰察布,2025-05-27,2025-09-05,5.7,14-35℃,57-73%,true
PL0957,P0957,辽宁丹东草莓园,辽宁省丹东市,2025-01-22,2025-06-20,5.8,12-29℃,59-70%,false
PL0958,P0958,山东潍坊蔬菜园,山东省潍坊市,2025-01-09,2025-04-11,6.7,18-32℃,62-74%,true
PL0959,P0959,山东潍坊蔬菜园,山东省潍坊市,2025-02-05,2025-06-21,6.9,20-30℃,53-85%,true
PL0960,P0960,黑龙江五常米业,黑龙江省五常市,2025-05-23,2025-09-19,5.5,14-32℃,62-81%,true
PL0961,P0961,辽宁丹东草莓园,辽宁省丹东市,2025-05-15,2025-10-13,6.7,16-32℃,60-80%,true
PL0962,P0962,内蒙古土豆农场,内蒙古乌兰察布,2025-01-19,2025-03-12,7.1,10-31℃,63-79%,true
PL0963,P0963,河南周口种植基地,河南省周口市,2025-06-01,2025-11-25,6.6,14-30℃,60-71%,true
PL0964,P0964,云南昆明花卉基地,云南省昆明市,2025-04-26,2025-06-28,6.7,20-27℃,65-81%,true
PL0965,P0965,辽宁丹东草莓园,辽宁省丹东市,2025-03-04,2025-08-07,5.6,18-35℃,61-72%,true
PL0966,P0966,山东潍坊蔬菜园,山东省潍坊市,2025-01-18,2025-06-01,5.5,17-29℃,59-82%,true
PL0967,P0967,新疆吐鲁番葡萄园,新疆吐鲁番市,2025-03-25,2025-06-21,6.0,17-34℃,62-85%,true
PL0968,P0968,山东潍坊蔬菜园,山东省潍坊市,2025-03-24,2025-05-27,7.1,12-28℃,61-87%,true
PL0969,P0969,湖北武汉农业园,湖北省武汉市,2025-06-16,2025-11-11,6.6,19-31℃,53-72%,true
PL0970,P0970,山东潍坊蔬菜园,山东省潍坊市,2025-03-07,2025-08-10,6.5,17-31℃,63-70%,true
PL0971,P0971,江西赣南脐橙园,江西省赣州市,2025-04-27,2025-08-03,5.7,19-28℃,56-86%,true
PL0972,P0972,河北廊坊蔬菜基地,河北省廊坊市,2025-02-21,2025-07-17,6.7,15-32℃,62-85%,true
PL0973,P0973,黑龙江五常米业,黑龙江省五常市,2025-05-23,2025-09-07,7.2,11-29℃,64-89%,true
PL0974,P0974,广西百色芒果园,广西百色市,2025-01-15,2025-03-10,6.0,13-29℃,51-83%,true
PL0975,P0975,湖北武汉农业园,湖北省武汉市,2025-03-15,2025-06-13,5.8,17-30℃,58-85%,true
PL0976,P0976,新疆吐鲁番葡萄园,新疆吐鲁番市,2025-05-09,2025-08-23,6.7,16-28℃,55-84%,true
PL0977,P0977,新疆吐鲁番葡萄园,新疆吐鲁番市,2025-01-19,2025-04-22,6.9,11-30℃,65-86%,true
PL0978,P0978,云南昆明花卉基地,云南省昆明市,2025-04-03,2025-06-27,7.2,16-31℃,62-85%,true
PL0979,P0979,新疆吐鲁番葡萄园,新疆吐鲁番市,2025-05-15,2025-07-26,6.0,17-35℃,55-88%,true
PL0980,P0980,陕西洛川苹果基地,陕西省洛川县,2025-06-21,2025-11-25,5.9,17-26℃,54-89%,true
PL0981,P0981,云南昆明花卉基地,云南省昆明市,2025-04-05,2025-07-12,6.6,10-30℃,56-89%,true
PL0982,P0982,湖北武汉农业园,湖北省武汉市,2025-04-17,2025-09-25,5.8,20-33℃,64-72%,true
PL0983,P0983,湖北武汉农业园,湖北省武汉市,2025-01-01,2025-05-01,6.6,13-27℃,60-87%,true
PL0984,P0984,河北廊坊蔬菜基地,河北省廊坊市,2025-06-20,2025-08-28,6.4,17-26℃,63-74%,true
PL0985,P0985,云南昆明花卉基地,云南省昆明市,2025-03-28,2025-05-05,7.4,19-30℃,54-89%,true
PL0986,P0986,山东潍坊蔬菜园,山东省潍坊市,2025-02-27,2025-07-11,5.8,12-26℃,56-87%,true
PL0987,P0987,河南周口种植基地,河南省周口市,2025-01-04,2025-05-27,6.5,16-34℃,50-74%,true
PL0988,P0988,河南周口种植基地,河南省周口市,2025-01-15,2025-05-03,5.9,12-31℃,51-89%,true
PL0989,P0989,湖北武汉农业园,湖北省武汉市,2025-04-28,2025-09-06,6.4,10-27℃,65-77%,true
PL0990,P0990,辽宁丹东草莓园,辽宁省丹东市,2025-02-14,2025-04-04,5.9,15-33℃,62-87%,false
PL0991,P0991,河北廊坊蔬菜基地,河北省廊坊市,2025-05-28,2025-09-06,6.0,20-28℃,54-73%,true
PL0992,P0992,山东寿光绿色农场,山东省寿光市,2025-02-14,2025-04-14,7.1,20-31℃,55-90%,true
PL0993,P0993,新疆吐鲁番葡萄园,新疆吐鲁番市,2025-06-20,2025-11-20,6.7,18-29℃,60-72%,true
PL0994,P0994,四川成都蔬菜基地,四川省成都市,2025-04-04,2025-08-15,7.2,12-27℃,61-85%,true
PL0995,P0995,湖北武汉农业园,湖北省武汉市,2025-06-06,2025-11-12,5.8,18-28℃,60-83%,true
PL0996,P0996,黑龙江五常米业,黑龙江省五常市,2025-05-12,2025-10-23,5.9,17-32℃,55-82%,true
PL0997,P0997,浙江杭州茶园,浙江省杭州市,2025-04-24,2025-06-10,6.9,16-25℃,56-90%,true
PL0998,P0998,云南昆明花卉基地,云南省昆明市,2025-02-06,2025-05-09,5.5,11-28℃,54-71%,true
PL0999,P0999,新疆吐鲁番葡萄园,新疆吐鲁番市,2025-04-08,2025-07-04,6.7,10-30℃,55-76%,true
PL1000,P1000,湖北武汉农业园,湖北省武汉市,2025-04-10,2025-07-19,7.2,20-35℃,61-86%,true
PL1001,P1001,内蒙古土豆农场,内蒙古乌兰察布,2025-06-24,2025-11-05,5.6,17-29℃,62-76%,true
PL1002,P1002,辽宁丹东草莓园,辽宁省丹东市,2025-06-02,2025-11-09,6.7,16-26℃,52-72%,true
PL1003,P1003,辽宁丹东草莓园,辽宁省丹东市,2025-03-08,2025-07-16,6.4,11-26℃,64-87%,true
PL1004,P1004,山东寿光绿色农场,山东省寿光市,2025-02-08,2025-04-04,7.4,20-29℃,65-88%,true
PL1005,P1005,四川成都蔬菜基地,四川省成都市,2025-02-26,2025-05-04,6.5,13-33℃,51-86%,true
PL1006,P1006,浙江杭州茶园,浙江省杭州市,2025-04-19,2025-09-20,6.2,20-35℃,63-70%,true
PL1007,P1007,广西百色芒果园,广西百色市,2025-03-13,2025-07-05,6.2,20-30℃,52-81%,true
PL1008,P1008,新疆吐鲁番葡萄园,新疆吐鲁番市,2025-02-09,2025-05-04,6.8,20-26℃,60-86%,true
PL1009,P1009,浙江杭州茶园,浙江省杭州市,2025-03-13,2025-05-17,6.2,17-34℃,63-81%,true
PL1010,P1010,湖北武汉农业园,湖北省武汉市,2025-01-12,2025-04-05,5.7,11-32℃,54-83%,true
PL1011,P1011,浙江杭州茶园,浙江省杭州市,2025-01-12,2025-05-25,7.3,13-25℃,59-79%,true
PL1012,P1012,广西百色芒果园,广西百色市,2025-05-08,2025-10-01,5.9,19-31℃,57-74%,true
PL1013,P1013,新疆吐鲁番葡萄园,新疆吐鲁番市,2025-04-03,2025-08-24,6.7,18-26℃,54-74%,true
PL1014,P1014,广西百色芒果园,广西百色市,2025-01-24,2025-05-24,6.7,12-34℃,63-88%,true
PL1015,P1015,河北廊坊蔬菜基地,河北省廊坊市,2025-01-26,2025-04-11,5.6,13-29℃,60-81%,true
PL1016,P1016,陕西洛川苹果基地,陕西省洛川县,2025-01-05,2025-04-02,6.0,16-30℃,60-85%,true
PL1017,P1017,云南昆明花卉基地,云南省昆明市,2025-02-13,2025-04-08,6.1,14-26℃,62-73%,true
PL1018,P1018,江西赣南脐橙园,江西省赣州市,2025-06-23,2025-09-12,6.8,15-31℃,51-80%,true
PL1019,P1019,河北廊坊蔬菜基地,河北省廊坊市,2025-05-28,2025-09-13,6.1,12-32℃,53-89%,true
PL1020,P1020,云南昆明花卉基地,云南省昆明市,2025-05-06,2025-07-28,6.2,11-27℃,52-77%,true
PL1021,P1021,四川成都蔬菜基地,四川省成都市,2025-02-06,2025-07-03,6.8,17-26℃,52-82%,true
PL1022,P1022,黑龙江五常米业,黑龙江省五常市,2025-04-26,2025-06-19,6.6,16-30℃,51-72%,true
PL1023,P1023,山东寿光绿色农场,山东省寿光市,2025-05-18,2025-08-12,5.7,11-33℃,56-74%,true
PL1024,P1024,内蒙古土豆农场,内蒙古乌兰察布,2025-04-11,2025-07-17,6.1,20-31℃,54-82%,true
PL1025,P1025,山东潍坊蔬菜园,山东省潍坊市,2025-04-20,2025-07-09,5.7,14-25℃,58-77%,true
PL1026,P1026,陕西洛川苹果基地,陕西省洛川县,2025-04-10,2025-08-09,7.5,14-26℃,53-74%,true
PL1027,P1027,内蒙古土豆农场,内蒙古乌兰察布,2025-01-10,2025-06-04,7.0,11-26℃,51-73%,true
PL1028,P1028,河南周口种植基地,河南省周口市,2025-03-15,2025-05-06,7.2,15-31℃,62-79%,true
PL1029,P1029,山东寿光绿色农场,山东省寿光市,2025-01-06,2025-05-15,7.1,17-28℃,63-78%,true
PL1030,P1030,黑龙江五常米业,黑龙江省五常市,2025-04-10,2025-06-15,7.0,16-33℃,63-85%,true
PL1031,P1031,山东潍坊蔬菜园,山东省潍坊市,2025-04-03,2025-09-28,6.5,20-33℃,55-74%,true
PL1032,P1032,内蒙古土豆农场,内蒙古乌兰察布,2025-03-21,2025-06-15,5.7,13-26℃,64-80%,true
PL1033,P1033,河北廊坊蔬菜基地,河北省廊坊市,2025-05-24,2025-10-21,7.0,15-28℃,63-86%,true
PL1034,P1034,山东潍坊蔬菜园,山东省潍坊市,2025-06-09,2025-09-04,6.8,20-29℃,58-79%,true
PL1035,P1035,内蒙古土豆农场,内蒙古乌兰察布,2025-04-28,2025-06-14,6.8,12-27℃,59-76%,true
PL1036,P1036,广西百色芒果园,广西百色市,2025-04-08,2025-09-15,6.7,14-31℃,56-86%,true
PL1037,P1037,黑龙江五常米业,黑龙江省五常市,2025-02-18,2025-06-12,7.5,14-30℃,53-70%,true
PL1038,P1038,江西赣南脐橙园,江西省赣州市,2025-06-10,2025-08-13,6.8,19-33℃,63-83%,true
PL1039,P1039,内蒙古土豆农场,内蒙古乌兰察布,2025-05-27,2025-10-22,5.7,15-26℃,65-73%,true
PL1040,P1040,河南周口种植基地,河南省周口市,2025-03-07,2025-06-20,7.0,13-29℃,50-70%,true
PL1041,P1041,新疆吐鲁番葡萄园,新疆吐鲁番市,2025-06-09,2025-10-12,6.7,12-30℃,54-78%,true
PL1042,P1042,陕西洛川苹果基地,陕西省洛川县,2025-03-15,2025-05-16,7.5,11-31℃,53-70%,true
PL1043,P1043,湖北武汉农业园,湖北省武汉市,2025-01-23,2025-06-08,6.6,20-33℃,52-72%,true
PL1044,P1044,河北廊坊蔬菜基地,河北省廊坊市,2025-03-07,2025-07-13,7.3,11-32℃,50-81%,true
PL1045,P1045,河南周口种植基地,河南省周口市,2025-03-25,2025-06-22,7.0,16-35℃,58-86%,true
PL1046,P1046,陕西洛川苹果基地,陕西省洛川县,2025-04-16,2025-06-16,5.8,12-25℃,59-89%,true
PL1047,P1047,新疆吐鲁番葡萄园,新疆吐鲁番市,2025-03-25,2025-06-14,7.1,14-29℃,54-74%,true
PL1048,P1048,浙江杭州茶园,浙江省杭州市,2025-04-21,2025-08-03,7.1,14-26℃,60-86%,true
PL1049,P1049,云南昆明花卉基地,云南省昆明市,2025-02-08,2025-04-28,6.5,17-26℃,63-82%,true
PL1050,P1050,江西赣南脐橙园,江西省赣州市,2025-06-09,2025-11-23,6.7,17-35℃,56-79%,true
PL1051,P1051,山东潍坊蔬菜园,山东省潍坊市,2025-02-07,2025-05-23,6.6,15-27℃,52-75%,true
PL1052,P1052,四川成都蔬菜基地,四川省成都市,2025-01-27,2025-05-26,5.6,11-29℃,58-79%,true
PL1053,P1053,陕西洛川苹果基地,陕西省洛川县,2025-03-19,2025-05-07,6.6,17-30℃,60-79%,true
PL1054,P1054,云南昆明花卉基地,云南省昆明市,2025-01-07,2025-03-13,7.0,12-28℃,55-73%,true
PL1055,P1055,河南周口种植基地,河南省周口市,2025-03-17,2025-07-01,7.1,20-26℃,65-79%,true
PL1056,P1056,河南周口种植基地,河南省周口市,2025-05-10,2025-10-06,7.3,17-28℃,65-71%,true
PL1057,P1057,河南周口种植基地,河南省周口市,2025-02-20,2025-05-23,6.7,10-32℃,61-78%,true
PL1058,P1058,江西赣南脐橙园,江西省赣州市,2025-03-07,2025-07-16,5.9,18-27℃,59-90%,true
PL1059,P1059,河北廊坊蔬菜基地,河北省廊坊市,2025-03-26,2025-06-12,5.8,18-34℃,54-76%,true
PL1060,P1060,新疆吐鲁番葡萄园,新疆吐鲁番市,2025-03-06,2025-07-27,7.1,11-35℃,51-75%,true
PL1061,P1061,山东潍坊蔬菜园,山东省潍坊市,2025-02-04,2025-06-02,6.6,16-35℃,65-77%,true
PL1062,P1062,山东潍坊蔬菜园,山东省潍坊市,2025-06-15,2025-10-20,6.5,12-27℃,51-77%,true
PL1063,P1063,河北廊坊蔬菜基地,河北省廊坊市,2025-04-19,2025-09-21,5.6,10-29℃,51-72%,true
PL1064,P1064,河南周口种植基地,河南省周口市,2025-06-03,2025-11-14,6.8,10-31℃,51-81%,true
PL1065,P1065,黑龙江五常米业,黑龙江省五常市,2025-02-04,2025-04-19,5.6,20-29℃,50-75%,true
PL1066,P1066,河北廊坊蔬菜基地,河北省廊坊市,2025-06-22,2025-08-12,7.3,14-29℃,55-81%,true
PL1067,P1067,山东寿光绿色农场,山东省寿光市,2025-04-01,2025-06-28,6.7,19-27℃,57-78%,true
PL1068,P1068,云南昆明花卉基地,云南省昆明市,2025-05-16,2025-08-09,6.3,18-28℃,50-74%,true
PL1069,P1069,广西百色芒果园,广西百色市,2025-03-24,2025-05-26,5.9,18-32℃,53-73%,true
PL1070,P1070,浙江杭州茶园,浙江省杭州市,2025-04-02,2025-06-23,6.6,20-33℃,65-73%,true
PL1071,P1071,广西百色芒果园,广西百色市,2025-04-04,2025-06-01,6.8,15-34℃,54-77%,true
PL1072,P1072,四川成都蔬菜基地,四川省成都市,2025-04-10,2025-06-02,6.3,18-27℃,65-79%,true
PL1073,P1073,山东潍坊蔬菜园,山东省潍坊市,2025-05-27,2025-08-11,5.8,13-32℃,54-70%,true
PL1074,P1074,四川成都蔬菜基地,四川省成都市,2025-06-26,2025-09-25,5.5,14-26℃,53-70%,true
PL1075,P1075,云南昆明花卉基地,云南省昆明市,2025-02-25,2025-04-04,6.2,18-26℃,61-76%,true
PL1076,P1076,新疆吐鲁番葡萄园,新疆吐鲁番市,2025-05-04,2025-07-23,5.7,13-31℃,54-74%,true
PL1077,P1077,山东潍坊蔬菜园,山东省潍坊市,2025-04-05,2025-08-16,7.0,20-26℃,53-83%,true
PL1078,P1078,山东潍坊蔬菜园,山东省潍坊市,2025-05-22,2025-10-25,6.2,12-27℃,55-80%,true
PL1079,P1079,山东寿光绿色农场,山东省寿光市,2025-05-11,2025-10-02,6.7,13-29℃,62-80%,true
PL1080,P1080,湖北武汉农业园,湖北省武汉市,2025-04-20,2025-07-09,7.0,19-35℃,57-81%,true
PL1081,P1081,河南周口种植基地,河南省周口市,2025-06-20,2025-10-17,7.2,20-31℃,59-78%,true
PL1082,P1082,新疆吐鲁番葡萄园,新疆吐鲁番市,2025-03-24,2025-06-06,6.8,12-25℃,60-84%,true
PL1083,P1083,浙江杭州茶园,浙江省杭州市,2025-01-19,2025-04-02,6.7,10-30℃,53-83%,true
PL1084,P1084,山东潍坊蔬菜园,山东省潍坊市,2025-01-27,2025-06-08,6.1,19-25℃,59-80%,true
PL1085,P1085,河南周口种植基地,河南省周口市,2025-04-07,2025-08-15,6.6,20-29℃,53-80%,true
PL1086,P1086,陕西洛川苹果基地,陕西省洛川县,2025-03-10,2025-07-09,7.4,17-34℃,50-86%,true
PL1087,P1087,黑龙江五常米业,黑龙江省五常市,2025-01-05,2025-06-20,6.2,13-31℃,62-84%,true
PL1088,P1088,内蒙古土豆农场,内蒙古乌兰察布,2025-01-21,2025-06-25,6.2,20-29℃,56-74%,true
PL1089,P1089,新疆吐鲁番葡萄园,新疆吐鲁番市,2025-06-17,2025-08-24,6.6,10-32℃,60-87%,true
PL1090,P1090,新疆吐鲁番葡萄园,新疆吐鲁番市,2025-01-27,2025-06-18,6.1,14-32℃,60-79%,true
PL1091,P1091,辽宁丹东草莓园,辽宁省丹东市,2025-04-05,2025-06-23,5.5,10-25℃,58-74%,true
PL1092,P1092,浙江杭州茶园,浙江省杭州市,2025-02-24,2025-05-22,6.5,13-25℃,61-73%,true
PL1093,P1093,四川成都蔬菜基地,四川省成都市,2025-01-01,2025-05-15,6.7,14-27℃,64-78%,true
PL1094,P1094,浙江杭州茶园,浙江省杭州市,2025-01-24,2025-05-25,6.5,12-35℃,60-79%,true
PL1095,P1095,江西赣南脐橙园,江西省赣州市,2025-05-09,2025-10-12,5.7,16-26℃,56-83%,true
PL1096,P1096,广西百色芒果园,广西百色市,2025-04-06,2025-06-07,7.1,20-30℃,57-80%,true
PL1097,P1097,湖北武汉农业园,湖北省武汉市,2025-04-12,2025-08-19,5.7,13-31℃,51-83%,true
PL1098,P1098,江西赣南脐橙园,江西省赣州市,2025-06-08,2025-11-27,6.2,15-26℃,63-82%,true
PL1099,P1099,山东寿光绿色农场,山东省寿光市,2025-05-27,2025-10-17,6.0,19-28℃,58-86%,true
PL1100,P1100,浙江杭州茶园,浙江省杭州市,2025-06-19,2025-09-14,5.6,10-30℃,55-71%,true
PL1101,P1101,辽宁丹东草莓园,辽宁省丹东市,2025-05-06,2025-09-11,5.6,14-34℃,57-85%,true
PL1102,P1102,内蒙古土豆农场,内蒙古乌兰察布,2025-02-09,2025-07-18,7.4,18-27℃,59-70%,true
PL1103,P1103,陕西洛川苹果基地,陕西省洛川县,2025-03-10,2025-08-12,6.0,13-27℃,62-81%,true
PL1104,P1104,云南昆明花卉基地,云南省昆明市,2025-01-08,2025-06-05,6.9,19-35℃,65-81%,true
PL1105,P1105,云南昆明花卉基地,云南省昆明市,2025-05-25,2025-10-14,7.1,12-29℃,63-87%,true
PL1106,P1106,江西赣南脐橙园,江西省赣州市,2025-01-27,2025-03-18,6.4,17-32℃,58-84%,true
PL1107,P1107,浙江杭州茶园,浙江省杭州市,2025-06-19,2025-08-28,7.3,10-31℃,61-90%,true
PL1108,P1108,陕西洛川苹果基地,陕西省洛川县,2025-05-14,2025-10-04,6.6,12-27℃,51-86%,true
PL1109,P1109,广西百色芒果园,广西百色市,2025-06-15,2025-08-12,7.0,10-25℃,58-88%,true
PL1110,P1110,黑龙江五常米业,黑龙江省五常市,2025-01-03,2025-06-11,7.3,20-31℃,55-89%,true
PL1111,P1111,浙江杭州茶园,浙江省杭州市,2025-02-12,2025-04-17,6.8,16-34℃,54-83%,true
PL1112,P1112,河北廊坊蔬菜基地,河北省廊坊市,2025-04-15,2025-07-07,5.5,18-30℃,51-79%,true
PL1113,P1113,浙江杭州茶园,浙江省杭州市,2025-04-25,2025-08-06,6.0,10-30℃,52-74%,true
PL1114,P1114,山东潍坊蔬菜园,山东省潍坊市,2025-06-26,2025-10-19,5.6,14-25℃,56-84%,true
PL1115,P1115,山东潍坊蔬菜园,山东省潍坊市,2025-03-26,2025-07-09,6.9,14-28℃,65-83%,true
PL1116,P1116,云南昆明花卉基地,云南省昆明市,2025-05-21,2025-09-11,6.1,14-33℃,62-78%,true
PL1117,P1117,陕西洛川苹果基地,陕西省洛川县,2025-01-13,2025-03-25,7.2,18-34℃,51-80%,true
PL1118,P1118,云南昆明花卉基地,云南省昆明市,2025-04-14,2025-09-28,6.7,20-32℃,55-85%,true
PL1119,P1119,陕西洛川苹果基地,陕西省洛川县,2025-04-03,2025-09-08,6.8,13-28℃,62-80%,true
PL1120,P1120,浙江杭州茶园,浙江省杭州市,2025-06-16,2025-08-21,7.0,17-28℃,56-82%,true
PL1121,P1121,湖北武汉农业园,湖北省武汉市,2025-02-01,2025-05-02,5.8,13-31℃,63-75%,true
PL1122,P1122,湖北武汉农业园,湖北省武汉市,2025-05-02,2025-08-12,5.9,14-26℃,55-84%,true
PL1123,P1123,江西赣南脐橙园,江西省赣州市,2025-01-11,2025-03-09,7.3,16-25℃,54-73%,true
PL1124,P1124,广西百色芒果园,广西百色市,2025-02-25,2025-05-19,6.9,20-32℃,64-72%,true
PL1125,P1125,陕西洛川苹果基地,陕西省洛川县,2025-04-25,2025-06-22,7.4,11-31℃,61-85%,true
PL1126,P1126,内蒙古土豆农场,内蒙古乌兰察布,2025-04-08,2025-08-28,7.1,15-29℃,52-74%,true
PL1127,P1127,新疆吐鲁番葡萄园,新疆吐鲁番市,2025-03-05,2025-07-23,6.8,13-32℃,64-80%,true
PL1128,P1128,江西赣南脐橙园,江西省赣州市,2025-05-13,2025-08-25,5.8,13-33℃,60-71%,true
PL1129,P1129,河南周口种植基地,河南省周口市,2025-04-12,2025-08-24,5.6,20-30℃,65-86%,true
PL1130,P1130,黑龙江五常米业,黑龙江省五常市,2025-02-19,2025-06-22,6.0,10-25℃,52-88%,true
PL1131,P1131,广西百色芒果园,广西百色市,2025-03-15,2025-05-25,6.0,16-31℃,53-88%,true
PL1132,P1132,浙江杭州茶园,浙江省杭州市,2025-04-17,2025-07-15,6.3,16-27℃,56-86%,true
PL1133,P1133,四川成都蔬菜基地,四川省成都市,2025-04-15,2025-08-14,5.6,12-33℃,52-88%,true
PL1134,P1134,河北廊坊蔬菜基地,河北省廊坊市,2025-02-21,2025-04-06,5.6,10-34℃,60-78%,true
PL1135,P1135,云南昆明花卉基地,云南省昆明市,2025-05-07,2025-10-24,6.3,16-25℃,54-70%,true
PL1136,P1136,浙江杭州茶园,浙江省杭州市,2025-03-26,2025-07-03,7.3,18-35℃,50-87%,true
PL1137,P1137,浙江杭州茶园,浙江省杭州市,2025-06-04,2025-09-05,6.4,15-27℃,57-85%,true
PL1138,P1138,陕西洛川苹果基地,陕西省洛川县,2025-06-19,2025-08-15,5.5,17-27℃,55-79%,true
PL1139,P1139,广西百色芒果园,广西百色市,2025-06-09,2025-11-12,6.7,11-35℃,61-75%,true
PL1140,P1140,新疆吐鲁番葡萄园,新疆吐鲁番市,2025-02-12,2025-04-26,6.1,19-26℃,54-84%,true
PL1141,P1141,山东潍坊蔬菜园,山东省潍坊市,2025-03-21,2025-08-18,6.3,16-25℃,58-79%,true
PL1142,P1142,内蒙古土豆农场,内蒙古乌兰察布,2025-03-19,2025-08-07,7.1,20-25℃,55-79%,true
PL1143,P1143,内蒙古土豆农场,内蒙古乌兰察布,2025-03-20,2025-08-13,6.0,20-33℃,64-70%,true
PL1144,P1144,新疆吐鲁番葡萄园,新疆吐鲁番市,2025-04-10,2025-06-16,6.5,18-25℃,55-75%,true
PL1145,P1145,云南昆明花卉基地,云南省昆明市,2025-06-12,2025-10-25,6.7,12-28℃,61-75%,true
PL1146,P1146,江西赣南脐橙园,江西省赣州市,2025-04-22,2025-07-08,7.2,17-35℃,50-81%,true
PL1147,P1147,四川成都蔬菜基地,四川省成都市,2025-05-27,2025-07-16,7.3,18-35℃,50-87%,true
PL1148,P1148,黑龙江五常米业,黑龙江省五常市,2025-02-27,2025-07-25,5.8,14-26℃,50-81%,true
PL1149,P1149,四川成都蔬菜基地,四川省成都市,2025-03-12,2025-06-03,5.8,10-28℃,61-81%,true
PL1150,P1150,四川成都蔬菜基地,四川省成都市,2025-01-14,2025-05-20,6.9,20-32℃,64-89%,true
PL1151,P1151,新疆吐鲁番葡萄园,新疆吐鲁番市,2025-04-14,2025-08-23,5.5,16-33℃,57-83%,true
PL1152,P1152,山东寿光绿色农场,山东省寿光市,2025-04-18,2025-06-01,7.3,12-27℃,53-86%,true
PL1153,P1153,河北廊坊蔬菜基地,河北省廊坊市,2025-02-18,2025-05-10,7.1,13-35℃,57-82%,true
PL1154,P1154,内蒙古土豆农场,内蒙古乌兰察布,2025-05-01,2025-08-08,6.9,19-34℃,52-74%,true
PL1155,P1155,辽宁丹东草莓园,辽宁省丹东市,2025-01-10,2025-04-20,6.5,14-28℃,64-75%,true
PL1156,P1156,河北廊坊蔬菜基地,河北省廊坊市,2025-02-01,2025-04-12,5.6,10-25℃,51-72%,true
PL1157,P1157,山东寿光绿色农场,山东省寿光市,2025-02-09,2025-05-23,7.0,15-30℃,64-80%,true
PL1158,P1158,黑龙江五常米业,黑龙江省五常市,2025-01-22,2025-06-12,7.0,17-33℃,60-89%,true
PL1159,P1159,浙江杭州茶园,浙江省杭州市,2025-06-11,2025-08-27,6.3,20-33℃,58-77%,true
PL1160,P1160,陕西洛川苹果基地,陕西省洛川县,2025-06-05,2025-08-07,6.0,16-28℃,58-74%,true
PL1161,P1161,浙江杭州茶园,浙江省杭州市,2025-02-25,2025-04-08,6.8,18-31℃,51-74%,true
PL1162,P1162,四川成都蔬菜基地,四川省成都市,2025-04-08,2025-09-08,6.7,18-29℃,58-77%,true
PL1163,P1163,云南昆明花卉基地,云南省昆明市,2025-05-24,2025-07-06,6.3,15-32℃,64-76%,true
PL1164,P1164,内蒙古土豆农场,内蒙古乌兰察布,2025-06-24,2025-08-25,7.4,20-33℃,54-77%,true
PL1165,P1165,山东潍坊蔬菜园,山东省潍坊市,2025-03-28,2025-06-19,5.8,16-32℃,59-71%,true
PL1166,P1166,河南周口种植基地,河南省周口市,2025-01-10,2025-06-12,6.6,17-30℃,51-82%,true
PL1167,P1167,湖北武汉农业园,湖北省武汉市,2025-04-04,2025-09-04,6.0,19-35℃,62-73%,true
PL1168,P1168,陕西洛川苹果基地,陕西省洛川县,2025-02-26,2025-07-01,7.2,19-25℃,50-85%,true
PL1169,P1169,黑龙江五常米业,黑龙江省五常市,2025-03-09,2025-07-18,6.6,17-27℃,55-90%,true
PL1170,P1170,山东寿光绿色农场,山东省寿光市,2025-04-22,2025-07-07,7.0,10-35℃,59-83%,true
PL1171,P1171,河南周口种植基地,河南省周口市,2025-01-18,2025-03-11,6.0,19-29℃,56-79%,true
PL1172,P1172,四川成都蔬菜基地,四川省成都市,2025-05-15,2025-10-13,6.2,17-35℃,56-88%,true
PL1173,P1173,河北廊坊蔬菜基地,河北省廊坊市,2025-02-06,2025-06-01,7.1,20-32℃,54-75%,true
PL1174,P1174,山东潍坊蔬菜园,山东省潍坊市,2025-02-20,2025-04-10,6.3,16-34℃,57-72%,true
PL1175,P1175,辽宁丹东草莓园,辽宁省丹东市,2025-03-05,2025-08-24,7.0,15-29℃,58-79%,true
PL1176,P1176,山东寿光绿色农场,山东省寿光市,2025-06-21,2025-11-27,6.6,20-33℃,56-79%,true
PL1177,P1177,浙江杭州茶园,浙江省杭州市,2025-02-04,2025-06-12,5.9,11-27℃,61-90%,true
PL1178,P1178,山东寿光绿色农场,山东省寿光市,2025-01-16,2025-05-23,7.4,13-27℃,52-80%,true
PL1179,P1179,河北廊坊蔬菜基地,河北省廊坊市,2025-04-12,2025-09-17,6.9,13-27℃,57-88%,true
PL1180,P1180,河南周口种植基地,河南省周口市,2025-03-13,2025-08-14,6.9,13-27℃,57-87%,true
PL1181,P1181,江西赣南脐橙园,江西省赣州市,2025-01-21,2025-03-11,6.8,15-32℃,53-87%,true
PL1182,P1182,云南昆明花卉基地,云南省昆明市,2025-01-28,2025-05-20,5.6,15-30℃,58-72%,true
PL1183,P1183,辽宁丹东草莓园,辽宁省丹东市,2025-02-15,2025-05-16,6.3,17-33℃,54-82%,true
PL1184,P1184,山东寿光绿色农场,山东省寿光市,2025-01-05,2025-06-28,6.8,11-35℃,65-86%,true
PL1185,P1185,浙江杭州茶园,浙江省杭州市,2025-05-18,2025-07-14,7.0,20-29℃,55-85%,true
PL1186,P1186,山东寿光绿色农场,山东省寿光市,2025-03-25,2025-06-08,6.2,14-33℃,65-78%,true
PL1187,P1187,内蒙古土豆农场,内蒙古乌兰察布,2025-01-27,2025-06-09,5.9,20-25℃,61-73%,true
PL1188,P1188,黑龙江五常米业,黑龙江省五常市,2025-05-21,2025-07-19,5.8,16-33℃,59-79%,true
PL1189,P1189,河南周口种植基地,河南省周口市,2025-01-23,2025-06-24,6.3,17-32℃,62-84%,true
PL1190,P1190,湖北武汉农业园,湖北省武汉市,2025-06-12,2025-10-10,6.2,12-35℃,64-72%,true
PL1191,P1191,云南昆明花卉基地,云南省昆明市,2025-02-15,2025-06-17,5.7,15-29℃,50-86%,true
PL1192,P1192,云南昆明花卉基地,云南省昆明市,2025-02-24,2025-07-03,5.5,15-34℃,51-86%,true
PL1193,P1193,山东潍坊蔬菜园,山东省潍坊市,2025-06-13,2025-08-20,7.0,15-31℃,64-74%,true
PL1194,P1194,陕西洛川苹果基地,陕西省洛川县,2025-06-19,2025-09-18,7.4,18-26℃,65-82%,true
PL1195,P1195,山东寿光绿色农场,山东省寿光市,2025-06-16,2025-08-27,7.3,19-28℃,50-86%,true
PL1196,P1196,河南周口种植基地,河南省周口市,2025-05-16,2025-09-05,6.4,14-31℃,54-71%,true
PL1197,P1197,新疆吐鲁番葡萄园,新疆吐鲁番市,2025-04-14,2025-08-17,7.1,14-25℃,53-89%,true
PL1198,P1198,辽宁丹东草莓园,辽宁省丹东市,2025-03-04,2025-05-24,6.9,19-25℃,62-90%,true
PL1199,P1199,四川成都蔬菜基地,四川省成都市,2025-06-15,2025-11-13,5.8,19-35℃,59-70%,true
PL1200,P1200,河南周口种植基地,河南省周口市,2025-01-17,2025-03-15,5.7,20-29℃,54-77%,true
