record_id,product_id,factory_name,factory_location,process_date,process_steps,hygiene_score,qualified
PR0001,P0001,周口面粉加工厂,河南省周口市,2025-06-20,清洗-包装-分拣-打蜡,95,true
PR0002,P0002,洛川果业加工中心,陕西省洛川县,2025-10-05,分拣-烘干-包装-打蜡,96,true
PR0003,P0003,寿光蔬菜加工厂,山东省寿光市,2025-10-08,分级-冷藏-清洗,99,true
PR0004,P0004,潍坊蔬菜加工厂,山东省潍坊市,2025-12-26,清洗-切割-分级,94,true
PR0005,P0005,吐鲁番葡萄加工厂,新疆吐鲁番市,2025-06-28,清洗-烘干,99,true
PR0006,P0006,寿光蔬菜加工厂,山东省寿光市,2025-08-18,烘干-清洗,94,true
PR0007,P0007,潍坊蔬菜加工厂,山东省潍坊市,2025-07-23,分拣-切割-冷藏-清洗,91,true
PR0008,P0008,潍坊蔬菜加工厂,山东省潍坊市,2025-08-17,分级-分拣-切割,98,true
PR0009,P0009,赣南脐橙加工中心,江西省赣州市,2025-07-17,烘干-冷藏-打蜡-包装,89,false
PR0010,P0010,乌兰察布土豆加工厂,内蒙古乌兰察布,2025-10-27,分级-包装-分拣,95,true
PR0011,P0011,周口面粉加工厂,河南省周口市,2025-10-13,清洗-包装,95,true
PR0012,P0012,丹东草莓加工厂,辽宁省丹东市,2025-12-18,冷藏-分级,95,true
PR0013,P0013,赣南脐橙加工中心,江西省赣州市,2025-06-17,包装-分级-分拣-冷藏,98,true
PR0014,P0014,赣南脐橙加工中心,江西省赣州市,2025-07-23,包装-打蜡,96,true
PR0015,P0015,周口面粉加工厂,河南省周口市,2025-07-11,分级-清洗-分拣,99,true
PR0016,P0016,吐鲁番葡萄加工厂,新疆吐鲁番市,2025-11-18,冷藏-包装-烘干,92,true
PR0017,P0017,赣南脐橙加工中心,江西省赣州市,2025-10-24,分拣-切割-分级,97,true
PR0018,P0018,周口面粉加工厂,河南省周口市,2025-12-24,烘干-打蜡-冷藏-清洗,92,true
PR0019,P0019,洛川果业加工中心,陕西省洛川县,2025-06-02,切割-分拣-冷藏,97,true
PR0020,P0020,洛川果业加工中心,陕西省洛川县,2025-08-07,分拣-冷藏,93,true
PR0021,P0021,寿光蔬菜加工厂,山东省寿光市,2025-10-25,分拣-清洗-切割-包装,92,true
PR0022,P0022,寿光蔬菜加工厂,山东省寿光市,2025-08-24,打蜡-分拣-烘干-切割,96,true
PR0023,P0023,寿光蔬菜加工厂,山东省寿光市,2025-07-19,包装-清洗-烘干-分级,95,true
PR0024,P0024,周口面粉加工厂,河南省周口市,2025-10-17,烘干-打蜡,91,true
PR0025,P0025,五常大米加工厂,黑龙江省五常市,2025-08-27,包装-切割-分级-打蜡,97,true
PR0026,P0026,丹东草莓加工厂,辽宁省丹东市,2025-08-03,冷藏-分级-烘干,90,true
PR0027,P0027,洛川果业加工中心,陕西省洛川县,2025-06-09,打蜡-冷藏,97,true
PR0028,P0028,赣南脐橙加工中心,江西省赣州市,2025-11-23,冷藏-打蜡-分级,80,false
PR0029,P0029,五常大米加工厂,黑龙江省五常市,2025-11-25,冷藏-分级,85,false
PR0030,P0030,廊坊蔬菜加工中心,河北省廊坊市,2025-07-26,烘干-清洗-打蜡-分级,91,true
PR0031,P0031,乌兰察布土豆加工厂,内蒙古乌兰察布,2025-09-27,切割-烘干,98,true
PR0032,P0032,乌兰察布土豆加工厂,内蒙古乌兰察布,2025-08-02,分级-清洗-烘干-包装,96,true
PR0033,P0033,廊坊蔬菜加工中心,河北省廊坊市,2025-09-13,分级-切割-包装-分拣,98,true
PR0034,P0034,廊坊蔬菜加工中心,河北省廊坊市,2025-08-22,冷藏-打蜡,94,true
PR0035,P0035,周口面粉加工厂,河南省周口市,2025-06-04,分拣-切割,97,true
PR0036,P0036,赣南脐橙加工中心,江西省赣州市,2025-08-06,冷藏-包装-分级,91,true
PR0037,P0037,廊坊蔬菜加工中心,河北省廊坊市,2025-06-04,烘干-包装-分拣,91,true
PR0038,P0038,周口面粉加工厂,河南省周口市,2025-08-20,冷藏-分级-包装,97,true
PR0039,P0039,洛川果业加工中心,陕西省洛川县,2025-07-22,切割-清洗,92,true
PR0040,P0040,洛川果业加工中心,陕西省洛川县,2025-09-01,分级-冷藏-烘干-清洗,85,false
PR0041,P0041,廊坊蔬菜加工中心,河北省廊坊市,2025-07-10,烘干-分拣-分级,90,true
PR0042,P0042,吐鲁番葡萄加工厂,新疆吐鲁番市,2025-06-06,切割-打蜡,92,true
PR0043,P0043,寿光蔬菜加工厂,山东省寿光市,2025-11-02,分拣-打蜡-切割,93,true
PR0044,P0044,丹东草莓加工厂,辽宁省丹东市,2025-10-25,切割-清洗-烘干,96,true
PR0045,P0045,廊坊蔬菜加工中心,河北省廊坊市,2025-08-27,包装-烘干-分级-切割,92,true
PR0046,P0046,五常大米加工厂,黑龙江省五常市,2025-09-24,分级-分拣-切割,100,true
PR0047,P0047,吐鲁番葡萄加工厂,新疆吐鲁番市,2025-10-23,切割-打蜡-冷藏,100,true
PR0048,P0048,丹东草莓加工厂,辽宁省丹东市,2025-11-12,切割-清洗-冷藏,95,true
PR0049,P0049,潍坊蔬菜加工厂,山东省潍坊市,2025-11-09,烘干-切割-冷藏-清洗,100,true
PR0050,P0050,丹东草莓加工厂,辽宁省丹东市,2025-10-08,冷藏-分级-分拣,91,true
PR0051,P0051,廊坊蔬菜加工中心,河北省廊坊市,2025-07-11,分级-打蜡-切割,93,true
PR0052,P0052,赣南脐橙加工中心,江西省赣州市,2025-06-19,分拣-清洗,97,true
PR0053,P0053,乌兰察布土豆加工厂,内蒙古乌兰察布,2025-10-18,分拣-清洗-切割-烘干,89,false
PR0054,P0054,赣南脐橙加工中心,江西省赣州市,2025-09-09,冷藏-分拣-打蜡-烘干,95,true
PR0055,P0055,周口面粉加工厂,河南省周口市,2025-07-22,冷藏-打蜡-分拣-清洗,94,true
PR0056,P0056,五常大米加工厂,黑龙江省五常市,2025-10-02,包装-打蜡,100,true
PR0057,P0057,丹东草莓加工厂,辽宁省丹东市,2025-08-04,分拣-打蜡-烘干,99,true
PR0058,P0058,潍坊蔬菜加工厂,山东省潍坊市,2025-07-17,清洗-包装,91,true
PR0059,P0059,丹东草莓加工厂,辽宁省丹东市,2025-07-03,烘干-分拣-打蜡,96,true
PR0060,P0060,周口面粉加工厂,河南省周口市,2025-07-24,冷藏-包装-打蜡,96,true
PR0061,P0061,五常大米加工厂,黑龙江省五常市,2025-10-12,切割-分级-清洗,100,true
PR0062,P0062,丹东草莓加工厂,辽宁省丹东市,2025-10-24,清洗-分级-切割,90,true
PR0063,P0063,周口面粉加工厂,河南省周口市,2025-07-02,分级-烘干-冷藏-包装,97,true
PR0064,P0064,寿光蔬菜加工厂,山东省寿光市,2025-11-28,清洗-分级-切割-包装,98,true
PR0065,P0065,洛川果业加工中心,陕西省洛川县,2025-10-26,清洗-分拣-打蜡-烘干,97,true
PR0066,P0066,廊坊蔬菜加工中心,河北省廊坊市,2025-12-18,分级-切割,92,true
PR0067,P0067,潍坊蔬菜加工厂,山东省潍坊市,2025-12-21,分拣-切割,90,true
PR0068,P0068,周口面粉加工厂,河南省周口市,2025-10-10,打蜡-切割-冷藏-分级,97,true
PR0069,P0069,乌兰察布土豆加工厂,内蒙古乌兰察布,2025-12-01,清洗-烘干-包装-分级,93,true
PR0070,P0070,乌兰察布土豆加工厂,内蒙古乌兰察布,2025-10-23,分级-冷藏,93,true
PR0071,P0071,五常大米加工厂,黑龙江省五常市,2025-10-11,冷藏-烘干-分级-包装,93,true
PR0072,P0072,赣南脐橙加工中心,江西省赣州市,2025-11-22,烘干-分拣-冷藏-分级,98,true
PR0073,P0073,洛川果业加工中心,陕西省洛川县,2025-12-10,包装-分拣-烘干,95,true
PR0074,P0074,吐鲁番葡萄加工厂,新疆吐鲁番市,2025-10-03,烘干-分拣,94,true
PR0075,P0075,乌兰察布土豆加工厂,内蒙古乌兰察布,2025-08-07,切割-分拣-包装,98,true
PR0076,P0076,赣南脐橙加工中心,江西省赣州市,2025-07-02,清洗-包装-烘干-打蜡,92,true
PR0077,P0077,寿光蔬菜加工厂,山东省寿光市,2025-12-23,打蜡-包装-清洗-分拣,95,true
PR0078,P0078,乌兰察布土豆加工厂,内蒙古乌兰察布,2025-11-21,切割-打蜡,90,true
PR0079,P0079,丹东草莓加工厂,辽宁省丹东市,2025-10-11,冷藏-分拣-打蜡-切割,95,true
PR0080,P0080,五常大米加工厂,黑龙江省五常市,2025-08-16,分级-分拣-烘干,94,true
PR0081,P0081,周口面粉加工厂,河南省周口市,2025-09-28,冷藏-切割-包装,97,true
PR0082,P0082,周口面粉加工厂,河南省周口市,2025-12-23,包装-打蜡-切割-冷藏,98,true
PR0083,P0083,乌兰察布土豆加工厂,内蒙古乌兰察布,2025-12-07,切割-清洗-包装,100,true
PR0084,P0084,廊坊蔬菜加工中心,河北省廊坊市,2025-10-01,分级-清洗,100,true
PR0085,P0085,寿光蔬菜加工厂,山东省寿光市,2025-07-08,分拣-清洗-包装,95,true
PR0086,P0086,赣南脐橙加工中心,江西省赣州市,2025-06-01,分拣-分级,95,true
PR0087,P0087,寿光蔬菜加工厂,山东省寿光市,2025-11-10,烘干-包装-打蜡-分级,99,true
PR0088,P0088,洛川果业加工中心,陕西省洛川县,2025-09-13,包装-清洗,97,true
PR0089,P0089,潍坊蔬菜加工厂,山东省潍坊市,2025-10-11,分级-清洗-切割,92,true
PR0090,P0090,丹东草莓加工厂,辽宁省丹东市,2025-12-13,分拣-冷藏-清洗,93,true
PR0091,P0091,丹东草莓加工厂,辽宁省丹东市,2025-08-18,清洗-打蜡-包装,96,true
PR0092,P0092,潍坊蔬菜加工厂,山东省潍坊市,2025-11-02,冷藏-包装,95,true
PR0093,P0093,潍坊蔬菜加工厂,山东省潍坊市,2025-09-05,清洗-烘干-包装-分级,95,true
PR0094,P0094,廊坊蔬菜加工中心,河北省廊坊市,2025-10-26,分拣-分级-打蜡-烘干,98,true
PR0095,P0095,乌兰察布土豆加工厂,内蒙古乌兰察布,2025-08-26,分拣-包装-烘干-打蜡,95,true
PR0096,P0096,乌兰察布土豆加工厂,内蒙古乌兰察布,2025-09-25,清洗-包装-分级,98,true
PR0097,P0097,周口面粉加工厂,河南省周口市,2025-10-01,分拣-打蜡,95,true
PR0098,P0098,乌兰察布土豆加工厂,内蒙古乌兰察布,2025-12-16,分级-包装,100,true
PR0099,P0099,寿光蔬菜加工厂,山东省寿光市,2025-06-20,分拣-切割-包装-烘干,100,true
PR0100,P0100,赣南脐橙加工中心,江西省赣州市,2025-10-27,打蜡-包装-冷藏-分级,100,true
PR0101,P0101,洛川果业加工中心,陕西省洛川县,2025-11-13,冷藏-清洗,97,true
PR0102,P0102,吐鲁番葡萄加工厂,新疆吐鲁番市,2025-08-21,打蜡-分级-分拣-切割,100,true
PR0103,P0103,丹东草莓加工厂,辽宁省丹东市,2025-11-17,冷藏-切割,93,true
PR0104,P0104,洛川果业加工中心,陕西省洛川县,2025-08-10,烘干-切割-冷藏-分拣,98,true
PR0105,P0105,赣南脐橙加工中心,江西省赣州市,2025-07-04,分级-冷藏-清洗-分拣,92,true
PR0106,P0106,乌兰察布土豆加工厂,内蒙古乌兰察布,2025-06-03,切割-清洗-包装,97,true
PR0107,P0107,潍坊蔬菜加工厂,山东省潍坊市,2025-10-26,包装-清洗-分级-烘干,95,true
PR0108,P0108,廊坊蔬菜加工中心,河北省廊坊市,2025-07-25,包装-打蜡-烘干-切割,91,true
PR0109,P0109,周口面粉加工厂,河南省周口市,2025-10-22,分拣-分级-冷藏,92,true
PR0110,P0110,吐鲁番葡萄加工厂,新疆吐鲁番市,2025-06-24,打蜡-切割-冷藏-烘干,95,true
PR0111,P0111,吐鲁番葡萄加工厂,新疆吐鲁番市,2025-06-04,打蜡-烘干,94,true
PR0112,P0112,五常大米加工厂,黑龙江省五常市,2025-08-16,分级-打蜡,90,true
PR0113,P0113,洛川果业加工中心,陕西省洛川县,2025-10-17,清洗-分级-包装-打蜡,92,true
PR0114,P0114,乌兰察布土豆加工厂,内蒙古乌兰察布,2025-06-15,分拣-打蜡,92,true
PR0115,P0115,寿光蔬菜加工厂,山东省寿光市,2025-06-04,烘干-切割-分拣,91,true
PR0116,P0116,寿光蔬菜加工厂,山东省寿光市,2025-12-04,切割-清洗-打蜡-分拣,92,true
PR0117,P0117,乌兰察布土豆加工厂,内蒙古乌兰察布,2025-06-18,切割-清洗-冷藏-打蜡,95,true
PR0118,P0118,廊坊蔬菜加工中心,河北省廊坊市,2025-12-09,切割-打蜡-冷藏-烘干,99,true
PR0119,P0119,吐鲁番葡萄加工厂,新疆吐鲁番市,2025-09-23,打蜡-分拣-包装-分级,96,true
PR0120,P0120,潍坊蔬菜加工厂,山东省潍坊市,2025-11-05,包装-分级-烘干,99,true
PR0121,P0121,潍坊蔬菜加工厂,山东省潍坊市,2025-11-10,分级-清洗-分拣,97,true
PR0122,P0122,寿光蔬菜加工厂,山东省寿光市,2025-09-02,切割-分拣-烘干,94,true
PR0123,P0123,廊坊蔬菜加工中心,河北省廊坊市,2025-07-08,烘干-冷藏-清洗-分级,96,true
PR0124,P0124,廊坊蔬菜加工中心,河北省廊坊市,2025-09-04,切割-烘干-分级,96,true
PR0125,P0125,廊坊蔬菜加工中心,河北省廊坊市,2025-07-08,分拣-切割-冷藏-包装,95,true
PR0126,P0126,潍坊蔬菜加工厂,山东省潍坊市,2025-11-03,包装-分拣-冷藏,94,true
PR0127,P0127,五常大米加工厂,黑龙江省五常市,2025-11-28,打蜡-包装-分拣,91,true
PR0128,P0128,周口面粉加工厂,河南省周口市,2025-10-15,分拣-清洗-包装,96,true
PR0129,P0129,潍坊蔬菜加工厂,山东省潍坊市,2025-12-28,打蜡-烘干-清洗-分拣,97,true
PR0130,P0130,乌兰察布土豆加工厂,内蒙古乌兰察布,2025-11-07,烘干-清洗,100,true
PR0131,P0131,丹东草莓加工厂,辽宁省丹东市,2025-08-09,打蜡-清洗,97,true
PR0132,P0132,洛川果业加工中心,陕西省洛川县,2025-10-13,烘干-包装-打蜡-分拣,93,true
PR0133,P0133,吐鲁番葡萄加工厂,新疆吐鲁番市,2025-12-26,分级-烘干-打蜡,82,false
PR0134,P0134,乌兰察布土豆加工厂,内蒙古乌兰察布,2025-09-13,分级-切割-分拣,91,true
PR0135,P0135,赣南脐橙加工中心,江西省赣州市,2025-08-09,烘干-分级,96,true
PR0136,P0136,洛川果业加工中心,陕西省洛川县,2025-07-22,切割-冷藏-清洗,98,true
PR0137,P0137,赣南脐橙加工中心,江西省赣州市,2025-09-09,冷藏-分拣-包装,97,true
PR0138,P0138,廊坊蔬菜加工中心,河北省廊坊市,2025-10-19,切割-包装-烘干,97,true
PR0139,P0139,五常大米加工厂,黑龙江省五常市,2025-09-01,分拣-切割,98,true
PR0140,P0140,周口面粉加工厂,河南省周口市,2025-12-15,烘干-切割,96,true
PR0141,P0141,乌兰察布土豆加工厂,内蒙古乌兰察布,2025-09-04,切割-分拣,91,true
PR0142,P0142,吐鲁番葡萄加工厂,新疆吐鲁番市,2025-07-22,清洗-切割,95,true
PR0143,P0143,潍坊蔬菜加工厂,山东省潍坊市,2025-11-21,清洗-包装-分拣,93,true
PR0144,P0144,乌兰察布土豆加工厂,内蒙古乌兰察布,2025-10-06,包装-冷藏-分拣,94,true
PR0145,P0145,丹东草莓加工厂,辽宁省丹东市,2025-11-11,分拣-清洗,97,true
PR0146,P0146,乌兰察布土豆加工厂,内蒙古乌兰察布,2025-11-02,冷藏-分级-打蜡,96,true
PR0147,P0147,赣南脐橙加工中心,江西省赣州市,2025-12-28,打蜡-清洗,92,true
PR0148,P0148,吐鲁番葡萄加工厂,新疆吐鲁番市,2025-12-20,烘干-打蜡,94,true
PR0149,P0149,寿光蔬菜加工厂,山东省寿光市,2025-08-13,包装-烘干-打蜡-切割,94,true
PR0150,P0150,廊坊蔬菜加工中心,河北省廊坊市,2025-09-17,清洗-打蜡-分级-包装,94,true
PR0151,P0151,五常大米加工厂,黑龙江省五常市,2025-11-13,冷藏-清洗,92,true
PR0152,P0152,五常大米加工厂,黑龙江省五常市,2025-09-07,打蜡-清洗,92,true
PR0153,P0153,廊坊蔬菜加工中心,河北省廊坊市,2025-12-11,分级-打蜡-烘干-冷藏,97,true
PR0154,P0154,廊坊蔬菜加工中心,河北省廊坊市,2025-07-21,切割-分拣-分级-烘干,98,true
PR0155,P0155,洛川果业加工中心,陕西省洛川县,2025-09-17,打蜡-切割,100,true
PR0156,P0156,赣南脐橙加工中心,江西省赣州市,2025-08-07,分级-包装-分拣-清洗,92,true
PR0157,P0157,寿光蔬菜加工厂,山东省寿光市,2025-09-11,清洗-分拣,90,true
PR0158,P0158,寿光蔬菜加工厂,山东省寿光市,2025-09-14,分级-冷藏,91,true
PR0159,P0159,吐鲁番葡萄加工厂,新疆吐鲁番市,2025-10-13,包装-冷藏-切割,96,true
PR0160,P0160,寿光蔬菜加工厂,山东省寿光市,2025-06-17,清洗-打蜡,91,true
PR0161,P0161,潍坊蔬菜加工厂,山东省潍坊市,2025-06-11,分拣-切割,100,true
PR0162,P0162,赣南脐橙加工中心,江西省赣州市,2025-12-28,分拣-冷藏,93,true
PR0163,P0163,周口面粉加工厂,河南省周口市,2025-09-11,分拣-包装,95,true
PR0164,P0164,洛川果业加工中心,陕西省洛川县,2025-07-03,打蜡-冷藏,97,true
PR0165,P0165,周口面粉加工厂,河南省周口市,2025-10-16,包装-烘干,84,false
PR0166,P0166,吐鲁番葡萄加工厂,新疆吐鲁番市,2025-10-26,包装-分级,94,true
PR0167,P0167,丹东草莓加工厂,辽宁省丹东市,2025-07-21,清洗-分级-切割,96,true
PR0168,P0168,周口面粉加工厂,河南省周口市,2025-07-02,分级-分拣-冷藏-清洗,99,true
PR0169,P0169,乌兰察布土豆加工厂,内蒙古乌兰察布,2025-09-15,切割-烘干-打蜡,91,true
PR0170,P0170,寿光蔬菜加工厂,山东省寿光市,2025-12-10,冷藏-打蜡-包装-分级,97,true
PR0171,P0171,廊坊蔬菜加工中心,河北省廊坊市,2025-11-14,打蜡-分拣,93,true
PR0172,P0172,洛川果业加工中心,陕西省洛川县,2025-07-28,清洗-冷藏-打蜡-切割,95,true
PR0173,P0173,洛川果业加工中心,陕西省洛川县,2025-07-21,分级-烘干,100,true
PR0174,P0174,丹东草莓加工厂,辽宁省丹东市,2025-06-10,烘干-切割,98,true
PR0175,P0175,丹东草莓加工厂,辽宁省丹东市,2025-11-16,包装-烘干-切割,91,true
PR0176,P0176,寿光蔬菜加工厂,山东省寿光市,2025-09-03,打蜡-分拣-烘干-清洗,91,true
PR0177,P0177,丹东草莓加工厂,辽宁省丹东市,2025-12-15,打蜡-包装-清洗-烘干,100,true
PR0178,P0178,乌兰察布土豆加工厂,内蒙古乌兰察布,2025-07-10,包装-清洗-分拣-打蜡,93,true
PR0179,P0179,丹东草莓加工厂,辽宁省丹东市,2025-06-09,烘干-分拣-清洗-打蜡,92,true
PR0180,P0180,周口面粉加工厂,河南省周口市,2025-11-22,分级-清洗-切割-烘干,92,true
PR0181,P0181,潍坊蔬菜加工厂,山东省潍坊市,2025-10-20,烘干-切割-包装,93,true
PR0182,P0182,乌兰察布土豆加工厂,内蒙古乌兰察布,2025-07-20,切割-包装-冷藏,93,true
PR0183,P0183,赣南脐橙加工中心,江西省赣州市,2025-06-02,打蜡-清洗,98,true
PR0184,P0184,廊坊蔬菜加工中心,河北省廊坊市,2025-07-05,冷藏-打蜡-包装,100,true
PR0185,P0185,吐鲁番葡萄加工厂,新疆吐鲁番市,2025-08-22,清洗-冷藏,98,true
PR0186,P0186,潍坊蔬菜加工厂,山东省潍坊市,2025-06-14,清洗-分拣-包装-分级,93,true
PR0187,P0187,乌兰察布土豆加工厂,内蒙古乌兰察布,2025-07-02,打蜡-切割-分拣,96,true
PR0188,P0188,周口面粉加工厂,河南省周口市,2025-07-18,烘干-冷藏-打蜡,98,true
PR0189,P0189,吐鲁番葡萄加工厂,新疆吐鲁番市,2025-07-08,清洗-烘干-分拣,97,true
PR0190,P0190,洛川果业加工中心,陕西省洛川县,2025-11-25,包装-清洗-切割,94,true
PR0191,P0191,廊坊蔬菜加工中心,河北省廊坊市,2025-08-24,清洗-切割-冷藏,95,true
PR0192,P0192,丹东草莓加工厂,辽宁省丹东市,2025-09-21,分拣-冷藏,91,true
PR0193,P0193,洛川果业加工中心,陕西省洛川县,2025-09-01,分级-清洗,94,true
PR0194,P0194,吐鲁番葡萄加工厂,新疆吐鲁番市,2025-08-05,打蜡-分拣,87,false
PR0195,P0195,赣南脐橙加工中心,江西省赣州市,2025-10-10,包装-分级-冷藏-切割,98,true
PR0196,P0196,洛川果业加工中心,陕西省洛川县,2025-06-24,清洗-切割,95,true
PR0197,P0197,吐鲁番葡萄加工厂,新疆吐鲁番市,2025-09-13,清洗-烘干-切割,91,true
PR0198,P0198,周口面粉加工厂,河南省周口市,2025-06-01,冷藏-分拣,99,true
PR0199,P0199,乌兰察布土豆加工厂,内蒙古乌兰察布,2025-08-10,打蜡-分拣-清洗-包装,99,true
PR0200,P0200,五常大米加工厂,黑龙江省五常市,2025-06-18,切割-冷藏,95,true
PR0201,P0201,赣南脐橙加工中心,江西省赣州市,2025-11-15,烘干-分级-包装-切割,94,true
PR0202,P0202,丹东草莓加工厂,辽宁省丹东市,2025-11-22,清洗-冷藏-分级,100,true
PR0203,P0203,吐鲁番葡萄加工厂,新疆吐鲁番市,2025-11-08,包装-分级-切割,98,true
PR0204,P0204,寿光蔬菜加工厂,山东省寿光市,2025-08-19,烘干-切割-分级-打蜡,96,true
PR0205,P0205,吐鲁番葡萄加工厂,新疆吐鲁番市,2025-07-18,分级-打蜡-切割,99,true
PR0206,P0206,廊坊蔬菜加工中心,河北省廊坊市,2025-11-26,烘干-打蜡-分级,98,true
PR0207,P0207,吐鲁番葡萄加工厂,新疆吐鲁番市,2025-07-07,包装-烘干-清洗-打蜡,95,true
PR0208,P0208,吐鲁番葡萄加工厂,新疆吐鲁番市,2025-09-24,切割-分级-清洗,95,true
PR0209,P0209,五常大米加工厂,黑龙江省五常市,2025-09-28,分拣-烘干-分级,99,true
PR0210,P0210,周口面粉加工厂,河南省周口市,2025-10-27,打蜡-烘干-分级,98,true
PR0211,P0211,赣南脐橙加工中心,江西省赣州市,2025-10-02,清洗-包装-冷藏-打蜡,89,false
PR0212,P0212,洛川果业加工中心,陕西省洛川县,2025-10-17,分级-冷藏,97,true
PR0213,P0213,周口面粉加工厂,河南省周口市,2025-08-12,打蜡-烘干-切割,96,true
PR0214,P0214,寿光蔬菜加工厂,山东省寿光市,2025-11-27,烘干-分拣,98,true
PR0215,P0215,五常大米加工厂,黑龙江省五常市,2025-12-09,分拣-切割-包装,93,true
PR0216,P0216,潍坊蔬菜加工厂,山东省潍坊市,2025-10-27,打蜡-烘干,94,true
PR0217,P0217,周口面粉加工厂,河南省周口市,2025-08-15,打蜡-清洗,80,false
PR0218,P0218,乌兰察布土豆加工厂,内蒙古乌兰察布,2025-10-11,冷藏-烘干-分级-清洗,98,true
PR0219,P0219,五常大米加工厂,黑龙江省五常市,2025-12-01,烘干-分拣-包装-清洗,93,true
PR0220,P0220,丹东草莓加工厂,辽宁省丹东市,2025-09-25,分拣-切割-分级,84,false
PR0221,P0221,赣南脐橙加工中心,江西省赣州市,2025-09-04,切割-冷藏,91,true
PR0222,P0222,洛川果业加工中心,陕西省洛川县,2025-06-20,打蜡-分级-切割,96,true
PR0223,P0223,丹东草莓加工厂,辽宁省丹东市,2025-12-17,清洗-包装,100,true
PR0224,P0224,潍坊蔬菜加工厂,山东省潍坊市,2025-12-07,分拣-分级-清洗-烘干,96,true
PR0225,P0225,周口面粉加工厂,河南省周口市,2025-06-07,切割-清洗,93,true
PR0226,P0226,吐鲁番葡萄加工厂,新疆吐鲁番市,2025-08-15,切割-冷藏-分级,100,true
PR0227,P0227,赣南脐橙加工中心,江西省赣州市,2025-12-13,切割-分级,97,true
PR0228,P0228,吐鲁番葡萄加工厂,新疆吐鲁番市,2025-12-03,切割-分拣-打蜡-冷藏,96,true
PR0229,P0229,吐鲁番葡萄加工厂,新疆吐鲁番市,2025-10-14,分拣-分级,93,true
PR0230,P0230,丹东草莓加工厂,辽宁省丹东市,2025-11-26,打蜡-冷藏-清洗,99,true
PR0231,P0231,洛川果业加工中心,陕西省洛川县,2025-08-14,清洗-冷藏,98,true
PR0232,P0232,丹东草莓加工厂,辽宁省丹东市,2025-09-17,分拣-冷藏-烘干-分级,90,true
PR0233,P0233,寿光蔬菜加工厂,山东省寿光市,2025-11-13,包装-打蜡,98,true
PR0234,P0234,潍坊蔬菜加工厂,山东省潍坊市,2025-09-17,冷藏-包装-分级-分拣,90,true
PR0235,P0235,五常大米加工厂,黑龙江省五常市,2025-06-07,包装-清洗-打蜡-冷藏,98,true
PR0236,P0236,潍坊蔬菜加工厂,山东省潍坊市,2025-07-18,清洗-烘干-分拣,90,true
PR0237,P0237,潍坊蔬菜加工厂,山东省潍坊市,2025-10-02,分拣-打蜡-包装-切割,97,true
PR0238,P0238,寿光蔬菜加工厂,山东省寿光市,2025-09-26,切割-包装,96,true
PR0239,P0239,吐鲁番葡萄加工厂,新疆吐鲁番市,2025-08-17,分拣-清洗-冷藏,98,true
PR0240,P0240,廊坊蔬菜加工中心,河北省廊坊市,2025-10-11,清洗-烘干-冷藏-分拣,92,true
PR0241,P0241,潍坊蔬菜加工厂,山东省潍坊市,2025-11-04,分拣-切割-包装-冷藏,95,true
PR0242,P0242,吐鲁番葡萄加工厂,新疆吐鲁番市,2025-07-26,烘干-清洗-冷藏-打蜡,93,true
PR0243,P0243,赣南脐橙加工中心,江西省赣州市,2025-11-16,打蜡-冷藏,95,true
PR0244,P0244,廊坊蔬菜加工中心,河北省廊坊市,2025-10-23,包装-清洗,94,true
PR0245,P0245,洛川果业加工中心,陕西省洛川县,2025-10-22,包装-切割,99,true
PR0246,P0246,周口面粉加工厂,河南省周口市,2025-09-16,冷藏-包装-切割-清洗,93,true
PR0247,P0247,乌兰察布土豆加工厂,内蒙古乌兰察布,2025-06-25,包装-打蜡-冷藏,99,true
PR0248,P0248,寿光蔬菜加工厂,山东省寿光市,2025-09-11,冷藏-分拣,95,true
PR0249,P0249,乌兰察布土豆加工厂,内蒙古乌兰察布,2025-09-07,冷藏-分拣-打蜡-包装,95,true
PR0250,P0250,廊坊蔬菜加工中心,河北省廊坊市,2025-07-27,分级-冷藏,93,true
PR0251,P0251,赣南脐橙加工中心,江西省赣州市,2025-11-01,分拣-打蜡-包装,95,true
PR0252,P0252,五常大米加工厂,黑龙江省五常市,2025-12-22,分级-清洗,93,true
PR0253,P0253,寿光蔬菜加工厂,山东省寿光市,2025-11-14,包装-切割-烘干,93,true
PR0254,P0254,潍坊蔬菜加工厂,山东省潍坊市,2025-07-14,清洗-烘干,92,true
PR0255,P0255,洛川果业加工中心,陕西省洛川县,2025-08-16,分拣-切割,98,true
PR0256,P0256,五常大米加工厂,黑龙江省五常市,2025-09-01,包装-烘干-打蜡,97,true
PR0257,P0257,乌兰察布土豆加工厂,内蒙古乌兰察布,2025-11-17,切割-包装-烘干-分拣,99,true
PR0258,P0258,周口面粉加工厂,河南省周口市,2025-09-19,打蜡-冷藏-包装-切割,99,true
PR0259,P0259,寿光蔬菜加工厂,山东省寿光市,2025-08-25,烘干-打蜡,100,true
PR0260,P0260,赣南脐橙加工中心,江西省赣州市,2025-11-15,烘干-分拣-分级,90,true
PR0261,P0261,丹东草莓加工厂,辽宁省丹东市,2025-10-25,切割-烘干-冷藏-打蜡,92,true
PR0262,P0262,洛川果业加工中心,陕西省洛川县,2025-09-28,切割-分级,97,true
PR0263,P0263,洛川果业加工中心,陕西省洛川县,2025-09-17,冷藏-清洗-烘干,90,true
PR0264,P0264,寿光蔬菜加工厂,山东省寿光市,2025-12-13,分拣-分级,98,true
PR0265,P0265,廊坊蔬菜加工中心,河北省廊坊市,2025-07-01,烘干-打蜡-分级-冷藏,95,true
PR0266,P0266,吐鲁番葡萄加工厂,新疆吐鲁番市,2025-11-10,冷藏-打蜡,91,true
PR0267,P0267,洛川果业加工中心,陕西省洛川县,2025-11-03,切割-清洗-烘干,96,true
PR0268,P0268,赣南脐橙加工中心,江西省赣州市,2025-06-02,包装-打蜡-分拣,90,true
PR0269,P0269,丹东草莓加工厂,辽宁省丹东市,2025-09-08,切割-清洗,97,true
PR0270,P0270,潍坊蔬菜加工厂,山东省潍坊市,2025-12-04,切割-清洗-冷藏,92,true
PR0271,P0271,洛川果业加工中心,陕西省洛川县,2025-07-03,冷藏-清洗-分拣-烘干,90,true
PR0272,P0272,廊坊蔬菜加工中心,河北省廊坊市,2025-06-10,切割-分拣,94,true
PR0273,P0273,赣南脐橙加工中心,江西省赣州市,2025-08-08,分拣-分级-打蜡,97,true
PR0274,P0274,廊坊蔬菜加工中心,河北省廊坊市,2025-09-03,分级-烘干-打蜡,92,true
PR0275,P0275,洛川果业加工中心,陕西省洛川县,2025-09-03,冷藏-烘干-切割,97,true
PR0276,P0276,廊坊蔬菜加工中心,河北省廊坊市,2025-12-01,冷藏-包装,100,true
PR0277,P0277,赣南脐橙加工中心,江西省赣州市,2025-12-06,清洗-冷藏,92,true
PR0278,P0278,寿光蔬菜加工厂,山东省寿光市,2025-10-03,切割-清洗-包装-冷藏,95,true
PR0279,P0279,丹东草莓加工厂,辽宁省丹东市,2025-09-05,清洗-冷藏-烘干-分级,95,true
PR0280,P0280,周口面粉加工厂,河南省周口市,2025-11-22,切割-分级,92,true
PR0281,P0281,赣南脐橙加工中心,江西省赣州市,2025-11-26,切割-打蜡-清洗,92,true
PR0282,P0282,寿光蔬菜加工厂,山东省寿光市,2025-08-05,清洗-切割-包装-烘干,95,true
PR0283,P0283,寿光蔬菜加工厂,山东省寿光市,2025-06-24,清洗-包装-分拣,92,true
PR0284,P0284,赣南脐橙加工中心,江西省赣州市,2025-12-06,冷藏-切割-打蜡,97,true
PR0285,P0285,寿光蔬菜加工厂,山东省寿光市,2025-08-16,切割-烘干,96,true
PR0286,P0286,丹东草莓加工厂,辽宁省丹东市,2025-06-14,分拣-冷藏-包装-分级,88,false
PR0287,P0287,赣南脐橙加工中心,江西省赣州市,2025-06-02,包装-打蜡-分级,95,true
PR0288,P0288,寿光蔬菜加工厂,山东省寿光市,2025-10-25,冷藏-清洗-包装,91,true
PR0289,P0289,寿光蔬菜加工厂,山东省寿光市,2025-07-04,烘干-切割,96,true
PR0290,P0290,周口面粉加工厂,河南省周口市,2025-09-16,打蜡-包装-清洗,98,true
PR0291,P0291,丹东草莓加工厂,辽宁省丹东市,2025-10-13,分拣-冷藏-分级-清洗,91,true
PR0292,P0292,五常大米加工厂,黑龙江省五常市,2025-08-04,包装-切割-打蜡-烘干,95,true
PR0293,P0293,潍坊蔬菜加工厂,山东省潍坊市,2025-08-26,清洗-包装,92,true
PR0294,P0294,廊坊蔬菜加工中心,河北省廊坊市,2025-08-04,清洗-打蜡-冷藏-切割,96,true
PR0295,P0295,洛川果业加工中心,陕西省洛川县,2025-11-05,分拣-烘干,94,true
PR0296,P0296,乌兰察布土豆加工厂,内蒙古乌兰察布,2025-10-28,切割-分拣,92,true
PR0297,P0297,赣南脐橙加工中心,江西省赣州市,2025-09-14,冷藏-清洗-烘干,88,false
PR0298,P0298,廊坊蔬菜加工中心,河北省廊坊市,2025-10-01,分拣-清洗-包装,98,true
PR0299,P0299,廊坊蔬菜加工中心,河北省廊坊市,2025-06-21,冷藏-清洗,100,true
PR0300,P0300,廊坊蔬菜加工中心,河北省廊坊市,2025-10-20,冷藏-清洗,99,true
PR0301,P0301,寿光蔬菜加工厂,山东省寿光市,2025-07-19,清洗-打蜡,93,true
PR0302,P0302,吐鲁番葡萄加工厂,新疆吐鲁番市,2025-10-08,打蜡-分拣-分级,92,true
PR0303,P0303,洛川果业加工中心,陕西省洛川县,2025-09-11,分拣-包装-切割,94,true
PR0304,P0304,廊坊蔬菜加工中心,河北省廊坊市,2025-12-28,打蜡-烘干-切割,95,true
PR0305,P0305,周口面粉加工厂,河南省周口市,2025-07-26,分拣-烘干-清洗,97,true
PR0306,P0306,吐鲁番葡萄加工厂,新疆吐鲁番市,2025-10-25,切割-烘干,92,true
PR0307,P0307,周口面粉加工厂,河南省周口市,2025-09-14,打蜡-清洗-切割,93,true
PR0308,P0308,吐鲁番葡萄加工厂,新疆吐鲁番市,2025-12-04,打蜡-分级-冷藏-包装,94,true
PR0309,P0309,丹东草莓加工厂,辽宁省丹东市,2025-09-11,包装-分拣-冷藏-清洗,96,true
PR0310,P0310,潍坊蔬菜加工厂,山东省潍坊市,2025-07-10,打蜡-分级-切割,90,true
PR0311,P0311,乌兰察布土豆加工厂,内蒙古乌兰察布,2025-09-27,清洗-包装,96,true
PR0312,P0312,洛川果业加工中心,陕西省洛川县,2025-10-20,冷藏-打蜡-分级,91,true
PR0313,P0313,寿光蔬菜加工厂,山东省寿光市,2025-10-04,包装-烘干-打蜡-冷藏,94,true
PR0314,P0314,寿光蔬菜加工厂,山东省寿光市,2025-06-21,清洗-切割-分级-冷藏,94,true
PR0315,P0315,五常大米加工厂,黑龙江省五常市,2025-06-27,切割-分级,93,true
PR0316,P0316,洛川果业加工中心,陕西省洛川县,2025-08-04,包装-清洗-打蜡-冷藏,80,false
PR0317,P0317,洛川果业加工中心,陕西省洛川县,2025-11-27,分级-切割-冷藏,94,true
PR0318,P0318,潍坊蔬菜加工厂,山东省潍坊市,2025-11-13,烘干-切割-冷藏-清洗,92,true
PR0319,P0319,廊坊蔬菜加工中心,河北省廊坊市,2025-10-17,包装-冷藏,95,true
PR0320,P0320,乌兰察布土豆加工厂,内蒙古乌兰察布,2025-11-27,分级-冷藏,91,true
PR0321,P0321,周口面粉加工厂,河南省周口市,2025-10-15,清洗-冷藏-包装-打蜡,98,true
PR0322,P0322,周口面粉加工厂,河南省周口市,2025-09-04,清洗-切割,95,true
PR0323,P0323,五常大米加工厂,黑龙江省五常市,2025-08-20,分级-打蜡-分拣-包装,98,true
PR0324,P0324,潍坊蔬菜加工厂,山东省潍坊市,2025-06-10,冷藏-分级-打蜡,99,true
PR0325,P0325,周口面粉加工厂,河南省周口市,2025-09-18,清洗-分拣-冷藏,95,true
PR0326,P0326,周口面粉加工厂,河南省周口市,2025-11-12,打蜡-分拣-烘干,95,true
PR0327,P0327,赣南脐橙加工中心,江西省赣州市,2025-08-06,冷藏-分拣-分级,98,true
PR0328,P0328,丹东草莓加工厂,辽宁省丹东市,2025-07-05,清洗-分级-包装,98,true
PR0329,P0329,周口面粉加工厂,河南省周口市,2025-09-25,分拣-分级-包装-打蜡,95,true
PR0330,P0330,丹东草莓加工厂,辽宁省丹东市,2025-11-18,分拣-冷藏,94,true
PR0331,P0331,赣南脐橙加工中心,江西省赣州市,2025-10-15,包装-清洗-分级-烘干,96,true
PR0332,P0332,潍坊蔬菜加工厂,山东省潍坊市,2025-06-15,清洗-分级-烘干,91,true
PR0333,P0333,洛川果业加工中心,陕西省洛川县,2025-12-06,分拣-清洗-分级,94,true
PR0334,P0334,赣南脐橙加工中心,江西省赣州市,2025-07-19,清洗-打蜡-烘干,90,true
PR0335,P0335,潍坊蔬菜加工厂,山东省潍坊市,2025-06-23,分拣-分级-切割,96,true
PR0336,P0336,赣南脐橙加工中心,江西省赣州市,2025-12-24,烘干-打蜡-包装-冷藏,90,true
PR0337,P0337,丹东草莓加工厂,辽宁省丹东市,2025-12-21,烘干-冷藏-打蜡-分级,96,true
PR0338,P0338,吐鲁番葡萄加工厂,新疆吐鲁番市,2025-12-13,清洗-切割-分级,95,true
PR0339,P0339,赣南脐橙加工中心,江西省赣州市,2025-07-25,打蜡-清洗-包装-分级,91,true
PR0340,P0340,丹东草莓加工厂,辽宁省丹东市,2025-11-12,烘干-分级,97,true
PR0341,P0341,周口面粉加工厂,河南省周口市,2025-07-10,切割-包装-清洗,100,true
PR0342,P0342,五常大米加工厂,黑龙江省五常市,2025-10-07,分拣-清洗,91,true
PR0343,P0343,周口面粉加工厂,河南省周口市,2025-07-09,冷藏-分级,97,true
PR0344,P0344,乌兰察布土豆加工厂,内蒙古乌兰察布,2025-09-22,分级-切割,93,true
PR0345,P0345,赣南脐橙加工中心,江西省赣州市,2025-12-22,包装-分拣,99,true
PR0346,P0346,丹东草莓加工厂,辽宁省丹东市,2025-12-01,分级-冷藏-分拣-清洗,98,true
PR0347,P0347,赣南脐橙加工中心,江西省赣州市,2025-09-25,分级-冷藏,95,true
PR0348,P0348,洛川果业加工中心,陕西省洛川县,2025-07-27,冷藏-打蜡,97,true
PR0349,P0349,洛川果业加工中心,陕西省洛川县,2025-08-17,分拣-切割,97,true
PR0350,P0350,吐鲁番葡萄加工厂,新疆吐鲁番市,2025-09-08,冷藏-分级,96,true
PR0351,P0351,寿光蔬菜加工厂,山东省寿光市,2025-11-20,切割-分级,93,true
PR0352,P0352,洛川果业加工中心,陕西省洛川县,2025-09-13,打蜡-包装-冷藏-分拣,92,true
PR0353,P0353,丹东草莓加工厂,辽宁省丹东市,2025-08-18,分拣-切割-包装,94,true
PR0354,P0354,吐鲁番葡萄加工厂,新疆吐鲁番市,2025-11-14,分拣-烘干,100,true
PR0355,P0355,赣南脐橙加工中心,江西省赣州市,2025-06-16,切割-分拣-清洗-冷藏,97,true
PR0356,P0356,赣南脐橙加工中心,江西省赣州市,2025-07-12,打蜡-清洗-冷藏,98,true
PR0357,P0357,寿光蔬菜加工厂,山东省寿光市,2025-11-11,烘干-打蜡-分拣-分级,89,false
PR0358,P0358,寿光蔬菜加工厂,山东省寿光市,2025-11-15,切割-分级,90,true
PR0359,P0359,潍坊蔬菜加工厂,山东省潍坊市,2025-08-24,清洗-分拣,95,true
PR0360,P0360,乌兰察布土豆加工厂,内蒙古乌兰察布,2025-09-12,分拣-分级-打蜡,93,true
PR0361,P0361,周口面粉加工厂,河南省周口市,2025-06-27,包装-冷藏-清洗,90,true
PR0362,P0362,乌兰察布土豆加工厂,内蒙古乌兰察布,2025-08-04,分拣-冷藏,91,true
PR0363,P0363,五常大米加工厂,黑龙江省五常市,2025-10-05,分级-包装-分拣-烘干,96,true
PR0364,P0364,潍坊蔬菜加工厂,山东省潍坊市,2025-09-23,打蜡-包装-冷藏,99,true
PR0365,P0365,周口面粉加工厂,河南省周口市,2025-09-04,打蜡-烘干,98,true
PR0366,P0366,吐鲁番葡萄加工厂,新疆吐鲁番市,2025-07-15,打蜡-切割-包装,86,false
PR0367,P0367,乌兰察布土豆加工厂,内蒙古乌兰察布,2025-07-28,冷藏-分级-清洗-包装,98,true
PR0368,P0368,赣南脐橙加工中心,江西省赣州市,2025-09-24,烘干-分拣-包装-冷藏,90,true
PR0369,P0369,廊坊蔬菜加工中心,河北省廊坊市,2025-08-02,冷藏-分级-清洗-包装,92,true
PR0370,P0370,廊坊蔬菜加工中心,河北省廊坊市,2025-08-25,冷藏-打蜡-烘干,98,true
PR0371,P0371,寿光蔬菜加工厂,山东省寿光市,2025-12-21,清洗-烘干,92,true
PR0372,P0372,吐鲁番葡萄加工厂,新疆吐鲁番市,2025-10-07,包装-分拣-冷藏-切割,99,true
PR0373,P0373,乌兰察布土豆加工厂,内蒙古乌兰察布,2025-10-02,分拣-打蜡,100,true
PR0374,P0374,寿光蔬菜加工厂,山东省寿光市,2025-06-27,清洗-打蜡,95,true
PR0375,P0375,周口面粉加工厂,河南省周口市,2025-06-26,切割-打蜡-包装,93,true
PR0376,P0376,寿光蔬菜加工厂,山东省寿光市,2025-07-16,包装-分拣,96,true
PR0377,P0377,洛川果业加工中心,陕西省洛川县,2025-12-11,切割-分拣,91,true
PR0378,P0378,周口面粉加工厂,河南省周口市,2025-12-28,切割-分拣,90,true
PR0379,P0379,吐鲁番葡萄加工厂,新疆吐鲁番市,2025-09-24,包装-清洗,96,true
PR0380,P0380,潍坊蔬菜加工厂,山东省潍坊市,2025-08-22,打蜡-冷藏,98,true
PR0381,P0381,寿光蔬菜加工厂,山东省寿光市,2025-07-13,分拣-切割-烘干-打蜡,100,true
PR0382,P0382,丹东草莓加工厂,辽宁省丹东市,2025-10-15,分拣-清洗,94,true
PR0383,P0383,寿光蔬菜加工厂,山东省寿光市,2025-11-14,切割-分级-烘干-分拣,94,true
PR0384,P0384,潍坊蔬菜加工厂,山东省潍坊市,2025-10-26,打蜡-切割-烘干-包装,98,true
PR0385,P0385,吐鲁番葡萄加工厂,新疆吐鲁番市,2025-09-18,打蜡-清洗-分级,91,true
PR0386,P0386,潍坊蔬菜加工厂,山东省潍坊市,2025-10-24,分拣-分级-打蜡,99,true
PR0387,P0387,洛川果业加工中心,陕西省洛川县,2025-12-06,冷藏-打蜡-清洗-分级,93,true
PR0388,P0388,吐鲁番葡萄加工厂,新疆吐鲁番市,2025-07-25,打蜡-冷藏-切割-分拣,93,true
PR0389,P0389,五常大米加工厂,黑龙江省五常市,2025-12-18,包装-清洗-切割-分级,92,true
PR0390,P0390,五常大米加工厂,黑龙江省五常市,2025-10-17,分级-包装-分拣,100,true
PR0391,P0391,廊坊蔬菜加工中心,河北省廊坊市,2025-12-06,分级-包装,91,true
PR0392,P0392,寿光蔬菜加工厂,山东省寿光市,2025-09-24,分级-切割,95,true
PR0393,P0393,洛川果业加工中心,陕西省洛川县,2025-11-22,冷藏-分拣-分级-包装,97,true
PR0394,P0394,寿光蔬菜加工厂,山东省寿光市,2025-09-08,包装-烘干-冷藏-分级,94,true
PR0395,P0395,五常大米加工厂,黑龙江省五常市,2025-11-06,清洗-烘干-冷藏,100,true
PR0396,P0396,廊坊蔬菜加工中心,河北省廊坊市,2025-06-05,清洗-冷藏-包装-打蜡,94,true
PR0397,P0397,乌兰察布土豆加工厂,内蒙古乌兰察布,2025-07-21,冷藏-烘干-打蜡-分拣,98,true
PR0398,P0398,赣南脐橙加工中心,江西省赣州市,2025-08-19,打蜡-冷藏-烘干-切割,95,true
PR0399,P0399,五常大米加工厂,黑龙江省五常市,2025-11-24,打蜡-冷藏-清洗,90,true
PR0400,P0400,周口面粉加工厂,河南省周口市,2025-10-07,包装-清洗-冷藏,94,true
PR0401,P0401,五常大米加工厂,黑龙江省五常市,2025-08-19,分拣-分级-切割-冷藏,99,true
PR0402,P0402,吐鲁番葡萄加工厂,新疆吐鲁番市,2025-12-04,烘干-分级-清洗-包装,95,true
PR0403,P0403,吐鲁番葡萄加工厂,新疆吐鲁番市,2025-09-01,打蜡-清洗-分级,100,true
PR0404,P0404,吐鲁番葡萄加工厂,新疆吐鲁番市,2025-10-06,分级-包装-打蜡-烘干,98,true
PR0405,P0405,廊坊蔬菜加工中心,河北省廊坊市,2025-12-04,冷藏-烘干-清洗,98,true
PR0406,P0406,寿光蔬菜加工厂,山东省寿光市,2025-10-11,烘干-分级,98,true
PR0407,P0407,五常大米加工厂,黑龙江省五常市,2025-12-03,冷藏-打蜡-分级-烘干,92,true
PR0408,P0408,廊坊蔬菜加工中心,河北省廊坊市,2025-09-14,切割-包装-烘干-分级,100,true
PR0409,P0409,乌兰察布土豆加工厂,内蒙古乌兰察布,2025-08-03,打蜡-冷藏,96,true
PR0410,P0410,洛川果业加工中心,陕西省洛川县,2025-09-15,清洗-烘干-冷藏,94,true
PR0411,P0411,五常大米加工厂,黑龙江省五常市,2025-08-12,包装-烘干-切割-冷藏,98,true
PR0412,P0412,乌兰察布土豆加工厂,内蒙古乌兰察布,2025-10-25,切割-分拣-清洗,95,true
PR0413,P0413,寿光蔬菜加工厂,山东省寿光市,2025-07-01,分拣-冷藏-烘干-切割,97,true
PR0414,P0414,周口面粉加工厂,河南省周口市,2025-10-05,分级-冷藏-分拣,94,true
PR0415,P0415,赣南脐橙加工中心,江西省赣州市,2025-09-01,烘干-冷藏,98,true
PR0416,P0416,乌兰察布土豆加工厂,内蒙古乌兰察布,2025-09-19,烘干-冷藏-切割,91,true
PR0417,P0417,赣南脐橙加工中心,江西省赣州市,2025-08-03,分级-烘干-清洗-切割,99,true
PR0418,P0418,五常大米加工厂,黑龙江省五常市,2025-08-24,清洗-包装-分级,95,true
PR0419,P0419,洛川果业加工中心,陕西省洛川县,2025-08-26,清洗-打蜡-包装,96,true
PR0420,P0420,寿光蔬菜加工厂,山东省寿光市,2025-12-17,烘干-冷藏-切割-分拣,99,true
PR0421,P0421,丹东草莓加工厂,辽宁省丹东市,2025-10-03,分级-包装-分拣-清洗,97,true
PR0422,P0422,潍坊蔬菜加工厂,山东省潍坊市,2025-12-27,冷藏-打蜡-分级,91,true
PR0423,P0423,寿光蔬菜加工厂,山东省寿光市,2025-10-03,分拣-打蜡-切割-分级,99,true
PR0424,P0424,潍坊蔬菜加工厂,山东省潍坊市,2025-09-11,包装-分级-分拣,97,true
PR0425,P0425,乌兰察布土豆加工厂,内蒙古乌兰察布,2025-08-07,分级-切割,96,true
PR0426,P0426,寿光蔬菜加工厂,山东省寿光市,2025-06-07,打蜡-包装-清洗-切割,96,true
PR0427,P0427,丹东草莓加工厂,辽宁省丹东市,2025-09-21,切割-打蜡,100,true
PR0428,P0428,周口面粉加工厂,河南省周口市,2025-06-27,烘干-包装-分级,91,true
PR0429,P0429,吐鲁番葡萄加工厂,新疆吐鲁番市,2025-09-21,分拣-冷藏-清洗-包装,92,true
PR0430,P0430,潍坊蔬菜加工厂,山东省潍坊市,2025-08-20,清洗-烘干,95,true
PR0431,P0431,赣南脐橙加工中心,江西省赣州市,2025-11-05,分级-包装,91,true
PR0432,P0432,寿光蔬菜加工厂,山东省寿光市,2025-11-03,分拣-包装-冷藏-清洗,94,true
PR0433,P0433,潍坊蔬菜加工厂,山东省潍坊市,2025-08-06,冷藏-打蜡,96,true
PR0434,P0434,五常大米加工厂,黑龙江省五常市,2025-11-20,打蜡-包装,91,true
PR0435,P0435,五常大米加工厂,黑龙江省五常市,2025-10-03,打蜡-清洗-分级,95,true
PR0436,P0436,廊坊蔬菜加工中心,河北省廊坊市,2025-09-11,分级-烘干-清洗-分拣,94,true
PR0437,P0437,寿光蔬菜加工厂,山东省寿光市,2025-07-16,烘干-切割-冷藏-分级,97,true
PR0438,P0438,周口面粉加工厂,河南省周口市,2025-08-10,分拣-包装-烘干-打蜡,95,true
PR0439,P0439,吐鲁番葡萄加工厂,新疆吐鲁番市,2025-07-25,烘干-分拣,97,true
PR0440,P0440,五常大米加工厂,黑龙江省五常市,2025-07-11,切割-冷藏-分拣-烘干,96,true
PR0441,P0441,潍坊蔬菜加工厂,山东省潍坊市,2025-06-26,分级-冷藏-切割-分拣,100,true
PR0442,P0442,潍坊蔬菜加工厂,山东省潍坊市,2025-07-25,分拣-清洗-包装,93,true
PR0443,P0443,五常大米加工厂,黑龙江省五常市,2025-11-25,冷藏-烘干-分拣,92,true
PR0444,P0444,廊坊蔬菜加工中心,河北省廊坊市,2025-08-26,切割-分级-烘干-冷藏,91,true
PR0445,P0445,周口面粉加工厂,河南省周口市,2025-07-06,包装-打蜡,100,true
PR0446,P0446,吐鲁番葡萄加工厂,新疆吐鲁番市,2025-09-11,冷藏-清洗,96,true
PR0447,P0447,丹东草莓加工厂,辽宁省丹东市,2025-09-24,烘干-切割,100,true
PR0448,P0448,赣南脐橙加工中心,江西省赣州市,2025-10-23,烘干-分拣-切割,91,true
PR0449,P0449,丹东草莓加工厂,辽宁省丹东市,2025-07-05,冷藏-打蜡-分级,92,true
PR0450,P0450,潍坊蔬菜加工厂,山东省潍坊市,2025-08-04,包装-清洗-冷藏-切割,93,true
PR0451,P0451,潍坊蔬菜加工厂,山东省潍坊市,2025-08-09,烘干-包装-冷藏-分级,96,true
PR0452,P0452,吐鲁番葡萄加工厂,新疆吐鲁番市,2025-09-14,分级-切割-清洗-烘干,97,true
PR0453,P0453,潍坊蔬菜加工厂,山东省潍坊市,2025-06-08,烘干-分级-包装-打蜡,98,true
PR0454,P0454,吐鲁番葡萄加工厂,新疆吐鲁番市,2025-08-16,打蜡-清洗-冷藏,97,true
PR0455,P0455,五常大米加工厂,黑龙江省五常市,2025-11-04,分级-分拣-冷藏-烘干,95,true
PR0456,P0456,吐鲁番葡萄加工厂,新疆吐鲁番市,2025-08-07,冷藏-分级,94,true
PR0457,P0457,丹东草莓加工厂,辽宁省丹东市,2025-07-08,分级-切割,94,true
PR0458,P0458,吐鲁番葡萄加工厂,新疆吐鲁番市,2025-10-26,冷藏-分拣-切割,91,true
PR0459,P0459,周口面粉加工厂,河南省周口市,2025-10-14,冷藏-打蜡-分级,96,true
PR0460,P0460,丹东草莓加工厂,辽宁省丹东市,2025-12-10,烘干-分级-包装-冷藏,93,true
PR0461,P0461,廊坊蔬菜加工中心,河北省廊坊市,2025-09-26,清洗-切割-分拣,97,true
PR0462,P0462,洛川果业加工中心,陕西省洛川县,2025-06-18,包装-打蜡-切割,99,true
PR0463,P0463,廊坊蔬菜加工中心,河北省廊坊市,2025-10-19,打蜡-烘干,97,true
PR0464,P0464,廊坊蔬菜加工中心,河北省廊坊市,2025-12-24,包装-冷藏-分级,90,true
PR0465,P0465,五常大米加工厂,黑龙江省五常市,2025-06-14,分拣-分级,95,true
PR0466,P0466,周口面粉加工厂,河南省周口市,2025-09-14,清洗-切割,91,true
PR0467,P0467,廊坊蔬菜加工中心,河北省廊坊市,2025-10-22,包装-烘干-冷藏,91,true
PR0468,P0468,周口面粉加工厂,河南省周口市,2025-11-15,烘干-分拣,99,true
PR0469,P0469,潍坊蔬菜加工厂,山东省潍坊市,2025-12-16,冷藏-分级-打蜡,98,true
PR0470,P0470,丹东草莓加工厂,辽宁省丹东市,2025-07-17,清洗-切割,91,true
PR0471,P0471,五常大米加工厂,黑龙江省五常市,2025-09-12,分级-切割-包装-分拣,99,true
PR0472,P0472,吐鲁番葡萄加工厂,新疆吐鲁番市,2025-09-24,分拣-切割-包装,100,true
PR0473,P0473,周口面粉加工厂,河南省周口市,2025-08-01,烘干-包装-打蜡-切割,90,true
PR0474,P0474,吐鲁番葡萄加工厂,新疆吐鲁番市,2025-11-21,分拣-打蜡-切割-烘干,98,true
PR0475,P0475,廊坊蔬菜加工中心,河北省廊坊市,2025-08-07,包装-分拣,99,true
PR0476,P0476,潍坊蔬菜加工厂,山东省潍坊市,2025-09-15,烘干-冷藏-分拣,99,true
PR0477,P0477,丹东草莓加工厂,辽宁省丹东市,2025-07-15,打蜡-烘干,94,true
PR0478,P0478,吐鲁番葡萄加工厂,新疆吐鲁番市,2025-09-01,清洗-分级-烘干-分拣,94,true
PR0479,P0479,廊坊蔬菜加工中心,河北省廊坊市,2025-09-26,包装-分拣-清洗-冷藏,99,true
PR0480,P0480,廊坊蔬菜加工中心,河北省廊坊市,2025-10-22,打蜡-分拣-冷藏-包装,100,true
PR0481,P0481,周口面粉加工厂,河南省周口市,2025-06-02,烘干-切割-分级-包装,99,true
PR0482,P0482,潍坊蔬菜加工厂,山东省潍坊市,2025-08-25,切割-打蜡,97,true
PR0483,P0483,洛川果业加工中心,陕西省洛川县,2025-09-09,冷藏-包装,93,true
PR0484,P0484,廊坊蔬菜加工中心,河北省廊坊市,2025-08-07,烘干-切割-分级-打蜡,94,true
PR0485,P0485,丹东草莓加工厂,辽宁省丹东市,2025-11-02,分拣-分级-清洗-包装,97,true
PR0486,P0486,吐鲁番葡萄加工厂,新疆吐鲁番市,2025-07-10,冷藏-分级-分拣,94,true
PR0487,P0487,丹东草莓加工厂,辽宁省丹东市,2025-11-25,切割-打蜡-包装-分级,93,true
PR0488,P0488,吐鲁番葡萄加工厂,新疆吐鲁番市,2025-09-28,冷藏-分拣,100,true
PR0489,P0489,寿光蔬菜加工厂,山东省寿光市,2025-06-23,打蜡-烘干-包装-分级,95,true
PR0490,P0490,吐鲁番葡萄加工厂,新疆吐鲁番市,2025-06-16,包装-分级-切割-冷藏,96,true
PR0491,P0491,洛川果业加工中心,陕西省洛川县,2025-12-21,清洗-打蜡-冷藏-分拣,92,true
PR0492,P0492,吐鲁番葡萄加工厂,新疆吐鲁番市,2025-09-11,包装-打蜡-切割,90,true
PR0493,P0493,丹东草莓加工厂,辽宁省丹东市,2025-07-07,切割-分级,94,true
PR0494,P0494,丹东草莓加工厂,辽宁省丹东市,2025-12-16,打蜡-分级,95,true
PR0495,P0495,廊坊蔬菜加工中心,河北省廊坊市,2025-11-25,包装-打蜡-烘干-分级,97,true
PR0496,P0496,周口面粉加工厂,河南省周口市,2025-08-23,分拣-包装-分级-切割,92,true
PR0497,P0497,周口面粉加工厂,河南省周口市,2025-11-05,分拣-烘干,93,true
PR0498,P0498,潍坊蔬菜加工厂,山东省潍坊市,2025-07-27,分级-切割,95,true
PR0499,P0499,五常大米加工厂,黑龙江省五常市,2025-11-21,分拣-打蜡-分级,100,true
PR0500,P0500,寿光蔬菜加工厂,山东省寿光市,2025-07-14,打蜡-清洗-冷藏,93,true
PR0501,P0501,廊坊蔬菜加工中心,河北省廊坊市,2025-06-05,清洗-打蜡,97,true
PR0502,P0502,乌兰察布土豆加工厂,内蒙古乌兰察布,2025-09-25,分级-烘干-包装,90,true
PR0503,P0503,廊坊蔬菜加工中心,河北省廊坊市,2025-10-11,切割-分拣,97,true
PR0504,P0504,洛川果业加工中心,陕西省洛川县,2025-11-07,包装-冷藏,98,true
PR0505,P0505,周口面粉加工厂,河南省周口市,2025-12-04,烘干-包装-切割-打蜡,100,true
PR0506,P0506,周口面粉加工厂,河南省周口市,2025-08-14,分拣-打蜡,99,true
PR0507,P0507,乌兰察布土豆加工厂,内蒙古乌兰察布,2025-08-11,烘干-分级-打蜡-分拣,99,true
PR0508,P0508,周口面粉加工厂,河南省周口市,2025-09-21,烘干-切割-打蜡,98,true
PR0509,P0509,廊坊蔬菜加工中心,河北省廊坊市,2025-12-15,包装-切割-烘干-打蜡,95,true
PR0510,P0510,吐鲁番葡萄加工厂,新疆吐鲁番市,2025-11-17,冷藏-分拣-包装,98,true
PR0511,P0511,周口面粉加工厂,河南省周口市,2025-09-17,清洗-切割,94,true
PR0512,P0512,赣南脐橙加工中心,江西省赣州市,2025-12-28,包装-分级,99,true
PR0513,P0513,廊坊蔬菜加工中心,河北省廊坊市,2025-06-13,冷藏-分拣-包装,98,true
PR0514,P0514,廊坊蔬菜加工中心,河北省廊坊市,2025-10-18,冷藏-烘干-打蜡-切割,92,true
PR0515,P0515,乌兰察布土豆加工厂,内蒙古乌兰察布,2025-09-20,烘干-切割-包装-冷藏,90,true
PR0516,P0516,乌兰察布土豆加工厂,内蒙古乌兰察布,2025-07-11,切割-烘干-打蜡-包装,93,true
PR0517,P0517,周口面粉加工厂,河南省周口市,2025-08-04,分拣-清洗-切割,90,true
PR0518,P0518,周口面粉加工厂,河南省周口市,2025-07-23,分拣-分级-冷藏,92,true
PR0519,P0519,吐鲁番葡萄加工厂,新疆吐鲁番市,2025-12-06,包装-切割,90,true
PR0520,P0520,廊坊蔬菜加工中心,河北省廊坊市,2025-07-12,分级-冷藏-切割,95,true
PR0521,P0521,周口面粉加工厂,河南省周口市,2025-09-02,分级-切割,96,true
PR0522,P0522,潍坊蔬菜加工厂,山东省潍坊市,2025-07-03,烘干-包装-分级-分拣,92,true
PR0523,P0523,洛川果业加工中心,陕西省洛川县,2025-06-22,包装-打蜡-烘干-切割,94,true
PR0524,P0524,赣南脐橙加工中心,江西省赣州市,2025-10-28,切割-分级-冷藏,95,true
PR0525,P0525,廊坊蔬菜加工中心,河北省廊坊市,2025-11-20,清洗-烘干-分级-冷藏,99,true
PR0526,P0526,赣南脐橙加工中心,江西省赣州市,2025-10-24,打蜡-分级-切割-冷藏,90,true
PR0527,P0527,丹东草莓加工厂,辽宁省丹东市,2025-12-03,清洗-冷藏-分拣,97,true
PR0528,P0528,潍坊蔬菜加工厂,山东省潍坊市,2025-07-11,包装-切割-打蜡,99,true
PR0529,P0529,洛川果业加工中心,陕西省洛川县,2025-09-01,冷藏-分拣-清洗,100,true
PR0530,P0530,周口面粉加工厂,河南省周口市,2025-06-06,冷藏-烘干-包装,95,true
PR0531,P0531,赣南脐橙加工中心,江西省赣州市,2025-08-13,切割-冷藏,96,true
PR0532,P0532,洛川果业加工中心,陕西省洛川县,2025-07-04,切割-分级-冷藏-打蜡,95,true
PR0533,P0533,廊坊蔬菜加工中心,河北省廊坊市,2025-10-20,打蜡-切割-分拣-包装,99,true
PR0534,P0534,赣南脐橙加工中心,江西省赣州市,2025-10-19,包装-切割-烘干-分级,94,true
PR0535,P0535,洛川果业加工中心,陕西省洛川县,2025-06-08,切割-烘干-分级,90,true
PR0536,P0536,丹东草莓加工厂,辽宁省丹东市,2025-08-07,冷藏-分级,92,true
PR0537,P0537,潍坊蔬菜加工厂,山东省潍坊市,2025-11-28,分级-分拣-包装,100,true
PR0538,P0538,乌兰察布土豆加工厂,内蒙古乌兰察布,2025-10-26,包装-打蜡-烘干,99,true
PR0539,P0539,吐鲁番葡萄加工厂,新疆吐鲁番市,2025-12-09,烘干-分拣-分级,96,true
PR0540,P0540,丹东草莓加工厂,辽宁省丹东市,2025-09-15,分拣-冷藏,84,false
PR0541,P0541,吐鲁番葡萄加工厂,新疆吐鲁番市,2025-08-20,打蜡-包装-冷藏-切割,90,true
PR0542,P0542,潍坊蔬菜加工厂,山东省潍坊市,2025-11-11,冷藏-清洗,90,true
PR0543,P0543,五常大米加工厂,黑龙江省五常市,2025-09-19,打蜡-分拣-切割,95,true
PR0544,P0544,寿光蔬菜加工厂,山东省寿光市,2025-08-14,包装-分拣-切割,92,true
PR0545,P0545,吐鲁番葡萄加工厂,新疆吐鲁番市,2025-07-26,打蜡-包装-清洗-切割,99,true
PR0546,P0546,潍坊蔬菜加工厂,山东省潍坊市,2025-12-24,切割-打蜡,99,true
PR0547,P0547,吐鲁番葡萄加工厂,新疆吐鲁番市,2025-06-21,切割-打蜡,94,true
PR0548,P0548,五常大米加工厂,黑龙江省五常市,2025-06-22,分级-烘干-分拣,100,true
PR0549,P0549,乌兰察布土豆加工厂,内蒙古乌兰察布,2025-12-01,冷藏-烘干-包装,90,true
PR0550,P0550,廊坊蔬菜加工中心,河北省廊坊市,2025-10-09,烘干-切割-包装,91,true
PR0551,P0551,周口面粉加工厂,河南省周口市,2025-09-24,分拣-包装,100,true
PR0552,P0552,赣南脐橙加工中心,江西省赣州市,2025-06-17,分拣-清洗-包装,92,true
PR0553,P0553,廊坊蔬菜加工中心,河北省廊坊市,2025-07-07,清洗-分级,94,true
PR0554,P0554,丹东草莓加工厂,辽宁省丹东市,2025-06-24,烘干-分拣-冷藏,92,true
PR0555,P0555,丹东草莓加工厂,辽宁省丹东市,2025-11-22,清洗-包装,93,true
PR0556,P0556,周口面粉加工厂,河南省周口市,2025-09-05,烘干-切割-打蜡,93,true
PR0557,P0557,乌兰察布土豆加工厂,内蒙古乌兰察布,2025-07-20,分级-分拣-烘干-清洗,91,true
PR0558,P0558,乌兰察布土豆加工厂,内蒙古乌兰察布,2025-06-19,切割-烘干,91,true
PR0559,P0559,潍坊蔬菜加工厂,山东省潍坊市,2025-08-06,清洗-打蜡-烘干-分级,99,true
PR0560,P0560,洛川果业加工中心,陕西省洛川县,2025-10-24,分拣-打蜡-清洗-包装,95,true
PR0561,P0561,丹东草莓加工厂,辽宁省丹东市,2025-11-11,分级-清洗,96,true
PR0562,P0562,寿光蔬菜加工厂,山东省寿光市,2025-11-17,清洗-切割-烘干-包装,93,true
PR0563,P0563,丹东草莓加工厂,辽宁省丹东市,2025-07-07,切割-清洗,94,true
PR0564,P0564,周口面粉加工厂,河南省周口市,2025-09-12,分拣-打蜡-分级,91,true
PR0565,P0565,乌兰察布土豆加工厂,内蒙古乌兰察布,2025-09-10,烘干-分拣-打蜡,92,true
PR0566,P0566,赣南脐橙加工中心,江西省赣州市,2025-12-06,分拣-打蜡-冷藏-切割,96,true
PR0567,P0567,乌兰察布土豆加工厂,内蒙古乌兰察布,2025-11-04,包装-打蜡-分级,94,true
PR0568,P0568,吐鲁番葡萄加工厂,新疆吐鲁番市,2025-08-02,包装-烘干-分拣,93,true
PR0569,P0569,潍坊蔬菜加工厂,山东省潍坊市,2025-12-02,分级-打蜡-冷藏,95,true
PR0570,P0570,丹东草莓加工厂,辽宁省丹东市,2025-08-10,分拣-分级-切割,91,true
PR0571,P0571,赣南脐橙加工中心,江西省赣州市,2025-08-22,打蜡-包装-清洗-分拣,96,true
PR0572,P0572,洛川果业加工中心,陕西省洛川县,2025-06-23,冷藏-分级,92,true
PR0573,P0573,寿光蔬菜加工厂,山东省寿光市,2025-06-07,包装-分拣-打蜡,95,true
PR0574,P0574,乌兰察布土豆加工厂,内蒙古乌兰察布,2025-11-27,烘干-切割,97,true
PR0575,P0575,寿光蔬菜加工厂,山东省寿光市,2025-12-04,切割-打蜡-分拣,82,false
PR0576,P0576,赣南脐橙加工中心,江西省赣州市,2025-06-06,打蜡-分级-包装,96,true
PR0577,P0577,丹东草莓加工厂,辽宁省丹东市,2025-08-05,包装-冷藏-切割-打蜡,95,true
PR0578,P0578,吐鲁番葡萄加工厂,新疆吐鲁番市,2025-07-28,切割-打蜡-清洗,100,true
PR0579,P0579,丹东草莓加工厂,辽宁省丹东市,2025-09-12,清洗-包装,98,true
PR0580,P0580,周口面粉加工厂,河南省周口市,2025-10-05,包装-烘干-切割,94,true
PR0581,P0581,丹东草莓加工厂,辽宁省丹东市,2025-11-24,清洗-包装,92,true
PR0582,P0582,廊坊蔬菜加工中心,河北省廊坊市,2025-07-26,分级-包装,95,true
PR0583,P0583,吐鲁番葡萄加工厂,新疆吐鲁番市,2025-08-27,冷藏-分级-切割-分拣,92,true
PR0584,P0584,周口面粉加工厂,河南省周口市,2025-11-11,切割-烘干-包装-清洗,93,true
PR0585,P0585,丹东草莓加工厂,辽宁省丹东市,2025-08-18,冷藏-清洗-分级,94,true
PR0586,P0586,寿光蔬菜加工厂,山东省寿光市,2025-08-28,分级-分拣-打蜡-包装,99,true
PR0587,P0587,洛川果业加工中心,陕西省洛川县,2025-11-14,冷藏-包装-清洗-切割,99,true
PR0588,P0588,丹东草莓加工厂,辽宁省丹东市,2025-08-27,包装-分级-冷藏,90,true
PR0589,P0589,廊坊蔬菜加工中心,河北省廊坊市,2025-08-05,冷藏-包装,96,true
PR0590,P0590,吐鲁番葡萄加工厂,新疆吐鲁番市,2025-07-16,烘干-清洗-打蜡-分级,95,true
PR0591,P0591,丹东草莓加工厂,辽宁省丹东市,2025-11-10,分拣-烘干-包装,100,true
PR0592,P0592,吐鲁番葡萄加工厂,新疆吐鲁番市,2025-10-24,烘干-打蜡-切割-包装,98,true
PR0593,P0593,丹东草莓加工厂,辽宁省丹东市,2025-07-03,包装-打蜡-分拣-分级,96,true
PR0594,P0594,乌兰察布土豆加工厂,内蒙古乌兰察布,2025-11-01,冷藏-分拣,98,true
PR0595,P0595,潍坊蔬菜加工厂,山东省潍坊市,2025-07-11,切割-分拣-烘干,97,true
PR0596,P0596,洛川果业加工中心,陕西省洛川县,2025-10-21,切割-清洗,100,true
PR0597,P0597,潍坊蔬菜加工厂,山东省潍坊市,2025-07-02,分拣-分级,91,true
PR0598,P0598,吐鲁番葡萄加工厂,新疆吐鲁番市,2025-09-26,冷藏-烘干,90,true
PR0599,P0599,乌兰察布土豆加工厂,内蒙古乌兰察布,2025-07-07,分拣-打蜡-冷藏,100,true
PR0600,P0600,周口面粉加工厂,河南省周口市,2025-07-01,烘干-冷藏-清洗,95,true
PR0601,P0601,寿光蔬菜加工厂,山东省寿光市,2025-10-11,包装-冷藏,94,true
PR0602,P0602,周口面粉加工厂,河南省周口市,2025-11-04,清洗-分拣-冷藏,93,true
PR0603,P0603,吐鲁番葡萄加工厂,新疆吐鲁番市,2025-09-19,冷藏-切割-清洗-分级,96,true
PR0604,P0604,赣南脐橙加工中心,江西省赣州市,2025-08-05,切割-分拣-包装-分级,96,true
PR0605,P0605,吐鲁番葡萄加工厂,新疆吐鲁番市,2025-07-21,打蜡-切割-分拣-烘干,91,true
PR0606,P0606,吐鲁番葡萄加工厂,新疆吐鲁番市,2025-11-26,包装-烘干-清洗-冷藏,91,true
PR0607,P0607,潍坊蔬菜加工厂,山东省潍坊市,2025-08-23,分级-包装-冷藏,91,true
PR0608,P0608,周口面粉加工厂,河南省周口市,2025-06-09,清洗-分拣-包装,90,true
PR0609,P0609,丹东草莓加工厂,辽宁省丹东市,2025-08-04,烘干-分拣,92,true
PR0610,P0610,乌兰察布土豆加工厂,内蒙古乌兰察布,2025-09-01,烘干-包装,91,true
PR0611,P0611,吐鲁番葡萄加工厂,新疆吐鲁番市,2025-12-23,烘干-冷藏,93,true
PR0612,P0612,赣南脐橙加工中心,江西省赣州市,2025-09-24,烘干-分级-清洗-包装,92,true
PR0613,P0613,潍坊蔬菜加工厂,山东省潍坊市,2025-12-19,切割-包装,94,true
PR0614,P0614,赣南脐橙加工中心,江西省赣州市,2025-06-20,分拣-打蜡,90,true
PR0615,P0615,丹东草莓加工厂,辽宁省丹东市,2025-07-16,清洗-分拣-切割-烘干,94,true
PR0616,P0616,潍坊蔬菜加工厂,山东省潍坊市,2025-07-04,烘干-分级-清洗,94,true
PR0617,P0617,周口面粉加工厂,河南省周口市,2025-12-17,清洗-冷藏,99,true
PR0618,P0618,周口面粉加工厂,河南省周口市,2025-08-18,打蜡-切割-冷藏-烘干,97,true
PR0619,P0619,五常大米加工厂,黑龙江省五常市,2025-09-17,包装-烘干-分级-冷藏,92,true
PR0620,P0620,廊坊蔬菜加工中心,河北省廊坊市,2025-06-05,分拣-打蜡-冷藏,99,true
PR0621,P0621,寿光蔬菜加工厂,山东省寿光市,2025-08-24,打蜡-切割-分级-清洗,91,true
PR0622,P0622,廊坊蔬菜加工中心,河北省廊坊市,2025-12-03,冷藏-烘干-分级-分拣,91,true
PR0623,P0623,赣南脐橙加工中心,江西省赣州市,2025-07-19,包装-切割,90,true
PR0624,P0624,丹东草莓加工厂,辽宁省丹东市,2025-06-09,清洗-分级-切割,99,true
PR0625,P0625,潍坊蔬菜加工厂,山东省潍坊市,2025-11-21,包装-清洗-烘干,100,true
PR0626,P0626,廊坊蔬菜加工中心,河北省廊坊市,2025-10-16,打蜡-包装-清洗-烘干,96,true
PR0627,P0627,吐鲁番葡萄加工厂,新疆吐鲁番市,2025-09-22,清洗-冷藏-包装,93,true
PR0628,P0628,潍坊蔬菜加工厂,山东省潍坊市,2025-08-20,冷藏-烘干,90,true
PR0629,P0629,乌兰察布土豆加工厂,内蒙古乌兰察布,2025-08-04,清洗-切割-冷藏-分拣,100,true
PR0630,P0630,周口面粉加工厂,河南省周口市,2025-08-17,分拣-烘干-清洗-切割,90,true
PR0631,P0631,五常大米加工厂,黑龙江省五常市,2025-12-05,包装-分级,90,true
PR0632,P0632,周口面粉加工厂,河南省周口市,2025-10-27,打蜡-烘干,99,true
PR0633,P0633,五常大米加工厂,黑龙江省五常市,2025-06-11,清洗-分级-打蜡,100,true
PR0634,P0634,丹东草莓加工厂,辽宁省丹东市,2025-08-07,冷藏-包装-分级-切割,94,true
PR0635,P0635,廊坊蔬菜加工中心,河北省廊坊市,2025-10-28,包装-分级-冷藏,93,true
PR0636,P0636,洛川果业加工中心,陕西省洛川县,2025-09-24,分级-清洗-包装-分拣,90,true
PR0637,P0637,洛川果业加工中心,陕西省洛川县,2025-10-07,打蜡-包装,97,true
PR0638,P0638,赣南脐橙加工中心,江西省赣州市,2025-07-25,清洗-打蜡,91,true
PR0639,P0639,廊坊蔬菜加工中心,河北省廊坊市,2025-11-22,分级-包装,100,true
PR0640,P0640,乌兰察布土豆加工厂,内蒙古乌兰察布,2025-08-04,包装-分拣,97,true
PR0641,P0641,洛川果业加工中心,陕西省洛川县,2025-12-07,烘干-分级-分拣,90,true
PR0642,P0642,周口面粉加工厂,河南省周口市,2025-08-13,清洗-冷藏-烘干-包装,100,true
PR0643,P0643,赣南脐橙加工中心,江西省赣州市,2025-08-16,冷藏-打蜡-包装,97,true
PR0644,P0644,潍坊蔬菜加工厂,山东省潍坊市,2025-07-23,烘干-切割,96,true
PR0645,P0645,周口面粉加工厂,河南省周口市,2025-06-06,清洗-分拣-分级-打蜡,91,true
PR0646,P0646,吐鲁番葡萄加工厂,新疆吐鲁番市,2025-11-04,打蜡-烘干-分拣-包装,96,true
PR0647,P0647,赣南脐橙加工中心,江西省赣州市,2025-08-06,切割-打蜡-包装-分拣,92,true
PR0648,P0648,乌兰察布土豆加工厂,内蒙古乌兰察布,2025-07-11,冷藏-烘干-切割,91,true
PR0649,P0649,廊坊蔬菜加工中心,河北省廊坊市,2025-11-21,烘干-冷藏-切割,92,true
PR0650,P0650,洛川果业加工中心,陕西省洛川县,2025-12-25,包装-烘干,99,true
PR0651,P0651,潍坊蔬菜加工厂,山东省潍坊市,2025-08-01,分级-清洗-分拣-冷藏,96,true
PR0652,P0652,周口面粉加工厂,河南省周口市,2025-07-21,冷藏-烘干,95,true
PR0653,P0653,寿光蔬菜加工厂,山东省寿光市,2025-09-14,清洗-切割-冷藏-烘干,94,true
PR0654,P0654,吐鲁番葡萄加工厂,新疆吐鲁番市,2025-12-04,冷藏-分级,96,true
PR0655,P0655,廊坊蔬菜加工中心,河北省廊坊市,2025-06-14,打蜡-清洗,100,true
PR0656,P0656,五常大米加工厂,黑龙江省五常市,2025-08-05,分级-冷藏,100,true
PR0657,P0657,赣南脐橙加工中心,江西省赣州市,2025-09-06,打蜡-冷藏,90,true
PR0658,P0658,寿光蔬菜加工厂,山东省寿光市,2025-08-21,打蜡-分拣-分级,99,true
PR0659,P0659,周口面粉加工厂,河南省周口市,2025-10-20,分级-分拣-切割-包装,88,false
PR0660,P0660,五常大米加工厂,黑龙江省五常市,2025-07-16,分拣-烘干-冷藏,100,true
PR0661,P0661,廊坊蔬菜加工中心,河北省廊坊市,2025-07-08,切割-冷藏-烘干,97,true
PR0662,P0662,洛川果业加工中心,陕西省洛川县,2025-09-10,冷藏-烘干,98,true
PR0663,P0663,丹东草莓加工厂,辽宁省丹东市,2025-06-23,包装-清洗,91,true
PR0664,P0664,丹东草莓加工厂,辽宁省丹东市,2025-12-24,包装-冷藏-分级-打蜡,100,true
PR0665,P0665,吐鲁番葡萄加工厂,新疆吐鲁番市,2025-08-13,打蜡-分拣-烘干,96,true
PR0666,P0666,潍坊蔬菜加工厂,山东省潍坊市,2025-07-08,分拣-冷藏,91,true
PR0667,P0667,吐鲁番葡萄加工厂,新疆吐鲁番市,2025-11-24,包装-分级-烘干-打蜡,98,true
PR0668,P0668,寿光蔬菜加工厂,山东省寿光市,2025-06-02,烘干-清洗,90,true
PR0669,P0669,乌兰察布土豆加工厂,内蒙古乌兰察布,2025-11-27,分拣-烘干-切割,97,true
PR0670,P0670,五常大米加工厂,黑龙江省五常市,2025-09-15,打蜡-烘干-分级,97,true
PR0671,P0671,寿光蔬菜加工厂,山东省寿光市,2025-10-10,包装-分级,96,true
PR0672,P0672,丹东草莓加工厂,辽宁省丹东市,2025-07-01,分拣-包装-冷藏-切割,95,true
PR0673,P0673,赣南脐橙加工中心,江西省赣州市,2025-11-20,分级-包装,89,false
PR0674,P0674,洛川果业加工中心,陕西省洛川县,2025-06-13,分级-分拣-包装,93,true
PR0675,P0675,赣南脐橙加工中心,江西省赣州市,2025-09-16,清洗-切割,93,true
PR0676,P0676,潍坊蔬菜加工厂,山东省潍坊市,2025-10-14,分级-切割-冷藏,92,true
PR0677,P0677,乌兰察布土豆加工厂,内蒙古乌兰察布,2025-10-15,打蜡-烘干-切割,94,true
PR0678,P0678,廊坊蔬菜加工中心,河北省廊坊市,2025-07-17,打蜡-清洗,100,true
PR0679,P0679,赣南脐橙加工中心,江西省赣州市,2025-07-28,打蜡-分级-冷藏,91,true
PR0680,P0680,赣南脐橙加工中心,江西省赣州市,2025-12-28,切割-清洗-冷藏,97,true
PR0681,P0681,五常大米加工厂,黑龙江省五常市,2025-11-08,烘干-清洗-打蜡,100,true
PR0682,P0682,寿光蔬菜加工厂,山东省寿光市,2025-07-25,分级-切割,91,true
PR0683,P0683,潍坊蔬菜加工厂,山东省潍坊市,2025-11-12,烘干-打蜡,93,true
PR0684,P0684,赣南脐橙加工中心,江西省赣州市,2025-07-09,分级-切割-打蜡,94,true
PR0685,P0685,吐鲁番葡萄加工厂,新疆吐鲁番市,2025-08-04,分级-分拣,92,true
PR0686,P0686,吐鲁番葡萄加工厂,新疆吐鲁番市,2025-06-21,烘干-打蜡-切割-冷藏,99,true
PR0687,P0687,吐鲁番葡萄加工厂,新疆吐鲁番市,2025-08-24,打蜡-烘干-分拣-冷藏,94,true
PR0688,P0688,周口面粉加工厂,河南省周口市,2025-09-06,烘干-分拣-打蜡-包装,100,true
PR0689,P0689,赣南脐橙加工中心,江西省赣州市,2025-12-11,切割-冷藏-分级-包装,97,true
PR0690,P0690,周口面粉加工厂,河南省周口市,2025-12-12,分拣-包装-烘干-打蜡,96,true
PR0691,P0691,五常大米加工厂,黑龙江省五常市,2025-06-06,清洗-包装-打蜡-冷藏,98,true
PR0692,P0692,赣南脐橙加工中心,江西省赣州市,2025-07-12,分拣-冷藏-打蜡,99,true
PR0693,P0693,周口面粉加工厂,河南省周口市,2025-09-26,打蜡-冷藏-切割-包装,94,true
PR0694,P0694,洛川果业加工中心,陕西省洛川县,2025-12-27,分拣-包装,100,true
PR0695,P0695,赣南脐橙加工中心,江西省赣州市,2025-06-01,分拣-清洗-冷藏,96,true
PR0696,P0696,乌兰察布土豆加工厂,内蒙古乌兰察布,2025-11-22,切割-烘干-包装-打蜡,95,true
PR0697,P0697,潍坊蔬菜加工厂,山东省潍坊市,2025-12-26,分拣-切割,91,true
PR0698,P0698,乌兰察布土豆加工厂,内蒙古乌兰察布,2025-10-16,包装-切割-烘干,95,true
PR0699,P0699,五常大米加工厂,黑龙江省五常市,2025-08-21,切割-包装-烘干-分级,90,true
PR0700,P0700,潍坊蔬菜加工厂,山东省潍坊市,2025-08-08,冷藏-分拣-包装-切割,100,true
PR0701,P0701,乌兰察布土豆加工厂,内蒙古乌兰察布,2025-08-03,打蜡-切割,95,true
PR0702,P0702,潍坊蔬菜加工厂,山东省潍坊市,2025-06-27,包装-切割,100,true
PR0703,P0703,赣南脐橙加工中心,江西省赣州市,2025-11-24,分级-清洗,93,true
PR0704,P0704,吐鲁番葡萄加工厂,新疆吐鲁番市,2025-06-18,分拣-包装-打蜡,99,true
PR0705,P0705,周口面粉加工厂,河南省周口市,2025-10-06,打蜡-切割,98,true
PR0706,P0706,乌兰察布土豆加工厂,内蒙古乌兰察布,2025-11-02,分级-清洗-烘干,100,true
PR0707,P0707,周口面粉加工厂,河南省周口市,2025-09-15,打蜡-切割-烘干-冷藏,80,false
PR0708,P0708,洛川果业加工中心,陕西省洛川县,2025-10-14,分级-分拣,92,true
PR0709,P0709,廊坊蔬菜加工中心,河北省廊坊市,2025-10-03,打蜡-分级-清洗-冷藏,91,true
PR0710,P0710,廊坊蔬菜加工中心,河北省廊坊市,2025-08-20,冷藏-包装-分拣-分级,96,true
PR0711,P0711,洛川果业加工中心,陕西省洛川县,2025-07-15,分级-包装-烘干,93,true
PR0712,P0712,寿光蔬菜加工厂,山东省寿光市,2025-08-21,烘干-清洗-打蜡,94,true
PR0713,P0713,周口面粉加工厂,河南省周口市,2025-08-15,清洗-冷藏-包装-打蜡,96,true
PR0714,P0714,吐鲁番葡萄加工厂,新疆吐鲁番市,2025-06-04,切割-烘干-包装,91,true
PR0715,P0715,周口面粉加工厂,河南省周口市,2025-06-18,分拣-包装,98,true
PR0716,P0716,周口面粉加工厂,河南省周口市,2025-11-21,分级-打蜡-烘干-切割,99,true
PR0717,P0717,潍坊蔬菜加工厂,山东省潍坊市,2025-06-24,包装-清洗-分级-切割,97,true
PR0718,P0718,潍坊蔬菜加工厂,山东省潍坊市,2025-10-23,切割-冷藏-分拣-分级,91,true
PR0719,P0719,赣南脐橙加工中心,江西省赣州市,2025-07-12,打蜡-烘干-切割-分级,95,true
PR0720,P0720,吐鲁番葡萄加工厂,新疆吐鲁番市,2025-07-18,包装-清洗,95,true
PR0721,P0721,五常大米加工厂,黑龙江省五常市,2025-06-27,分级-包装-分拣,96,true
PR0722,P0722,廊坊蔬菜加工中心,河北省廊坊市,2025-08-02,切割-烘干,96,true
PR0723,P0723,乌兰察布土豆加工厂,内蒙古乌兰察布,2025-08-21,打蜡-烘干,91,true
PR0724,P0724,乌兰察布土豆加工厂,内蒙古乌兰察布,2025-09-08,分级-烘干,98,true
PR0725,P0725,乌兰察布土豆加工厂,内蒙古乌兰察布,2025-11-08,分拣-打蜡,99,true
PR0726,P0726,丹东草莓加工厂,辽宁省丹东市,2025-12-28,切割-冷藏-打蜡-烘干,96,true
PR0727,P0727,五常大米加工厂,黑龙江省五常市,2025-06-21,打蜡-清洗-分级,95,true
PR0728,P0728,乌兰察布土豆加工厂,内蒙古乌兰察布,2025-10-11,包装-清洗,91,true
PR0729,P0729,乌兰察布土豆加工厂,内蒙古乌兰察布,2025-07-17,烘干-分拣-清洗-打蜡,93,true
PR0730,P0730,吐鲁番葡萄加工厂,新疆吐鲁番市,2025-06-18,烘干-分拣,94,true
PR0731,P0731,吐鲁番葡萄加工厂,新疆吐鲁番市,2025-08-26,冷藏-打蜡,97,true
PR0732,P0732,寿光蔬菜加工厂,山东省寿光市,2025-07-03,包装-打蜡,96,true
PR0733,P0733,丹东草莓加工厂,辽宁省丹东市,2025-07-09,打蜡-清洗,98,true
PR0734,P0734,乌兰察布土豆加工厂,内蒙古乌兰察布,2025-09-17,分级-清洗-包装-切割,100,true
PR0735,P0735,乌兰察布土豆加工厂,内蒙古乌兰察布,2025-11-20,切割-烘干-分级-打蜡,96,true
PR0736,P0736,吐鲁番葡萄加工厂,新疆吐鲁番市,2025-10-24,切割-烘干-打蜡,91,true
PR0737,P0737,廊坊蔬菜加工中心,河北省廊坊市,2025-08-21,烘干-分级,98,true
PR0738,P0738,赣南脐橙加工中心,江西省赣州市,2025-12-22,切割-烘干,92,true
PR0739,P0739,赣南脐橙加工中心,江西省赣州市,2025-08-01,清洗-分级-包装,90,true
PR0740,P0740,洛川果业加工中心,陕西省洛川县,2025-09-21,切割-冷藏-包装,99,true
PR0741,P0741,赣南脐橙加工中心,江西省赣州市,2025-11-09,包装-清洗,100,true
PR0742,P0742,周口面粉加工厂,河南省周口市,2025-12-19,打蜡-清洗-烘干,94,true
PR0743,P0743,廊坊蔬菜加工中心,河北省廊坊市,2025-12-13,分拣-包装,94,true
PR0744,P0744,洛川果业加工中心,陕西省洛川县,2025-09-10,包装-打蜡,94,true
PR0745,P0745,寿光蔬菜加工厂,山东省寿光市,2025-10-22,分拣-包装,91,true
PR0746,P0746,丹东草莓加工厂,辽宁省丹东市,2025-10-19,清洗-打蜡,96,true
PR0747,P0747,吐鲁番葡萄加工厂,新疆吐鲁番市,2025-09-11,分级-冷藏-分拣-清洗,90,true
PR0748,P0748,周口面粉加工厂,河南省周口市,2025-07-18,清洗-烘干,86,false
PR0749,P0749,寿光蔬菜加工厂,山东省寿光市,2025-11-08,烘干-包装,98,true
PR0750,P0750,寿光蔬菜加工厂,山东省寿光市,2025-08-09,清洗-包装,92,true
PR0751,P0751,廊坊蔬菜加工中心,河北省廊坊市,2025-08-13,切割-烘干-清洗,93,true
PR0752,P0752,洛川果业加工中心,陕西省洛川县,2025-11-03,分级-包装-清洗,90,true
PR0753,P0753,周口面粉加工厂,河南省周口市,2025-09-23,清洗-烘干-冷藏-包装,99,true
PR0754,P0754,丹东草莓加工厂,辽宁省丹东市,2025-06-10,冷藏-清洗-包装-打蜡,95,true
PR0755,P0755,周口面粉加工厂,河南省周口市,2025-08-03,分级-冷藏-清洗,95,true
PR0756,P0756,吐鲁番葡萄加工厂,新疆吐鲁番市,2025-07-07,清洗-冷藏,90,true
PR0757,P0757,廊坊蔬菜加工中心,河北省廊坊市,2025-10-08,清洗-切割-分级-冷藏,91,true
PR0758,P0758,五常大米加工厂,黑龙江省五常市,2025-09-24,切割-清洗-分拣,98,true
PR0759,P0759,寿光蔬菜加工厂,山东省寿光市,2025-09-12,分拣-打蜡-切割,99,true
PR0760,P0760,寿光蔬菜加工厂,山东省寿光市,2025-10-09,包装-切割-分级-烘干,92,true
PR0761,P0761,五常大米加工厂,黑龙江省五常市,2025-09-21,冷藏-分级,99,true
PR0762,P0762,周口面粉加工厂,河南省周口市,2025-07-02,分级-冷藏,83,false
PR0763,P0763,周口面粉加工厂,河南省周口市,2025-06-17,冷藏-分拣,97,true
PR0764,P0764,洛川果业加工中心,陕西省洛川县,2025-07-22,打蜡-冷藏-分拣-包装,92,true
PR0765,P0765,洛川果业加工中心,陕西省洛川县,2025-07-07,打蜡-包装-切割-清洗,93,true
PR0766,P0766,丹东草莓加工厂,辽宁省丹东市,2025-09-03,分级-烘干-切割-包装,92,true
PR0767,P0767,吐鲁番葡萄加工厂,新疆吐鲁番市,2025-06-03,冷藏-包装,90,true
PR0768,P0768,廊坊蔬菜加工中心,河北省廊坊市,2025-11-23,烘干-包装-冷藏-分级,100,true
PR0769,P0769,潍坊蔬菜加工厂,山东省潍坊市,2025-09-06,分拣-烘干,96,true
PR0770,P0770,五常大米加工厂,黑龙江省五常市,2025-10-11,分拣-分级-打蜡-烘干,100,true
PR0771,P0771,洛川果业加工中心,陕西省洛川县,2025-09-23,打蜡-切割,84,false
PR0772,P0772,丹东草莓加工厂,辽宁省丹东市,2025-06-10,切割-分拣-打蜡-清洗,91,true
PR0773,P0773,丹东草莓加工厂,辽宁省丹东市,2025-08-06,清洗-打蜡-冷藏-包装,84,false
PR0774,P0774,洛川果业加工中心,陕西省洛川县,2025-06-04,烘干-清洗-冷藏,100,true
PR0775,P0775,吐鲁番葡萄加工厂,新疆吐鲁番市,2025-10-12,包装-打蜡,92,true
PR0776,P0776,寿光蔬菜加工厂,山东省寿光市,2025-10-20,分拣-烘干-打蜡,89,false
PR0777,P0777,廊坊蔬菜加工中心,河北省廊坊市,2025-09-25,包装-清洗-烘干,96,true
PR0778,P0778,寿光蔬菜加工厂,山东省寿光市,2025-06-18,包装-分拣,86,false
PR0779,P0779,洛川果业加工中心,陕西省洛川县,2025-09-04,切割-清洗-打蜡-包装,98,true
PR0780,P0780,五常大米加工厂,黑龙江省五常市,2025-06-14,打蜡-包装-烘干,91,true
PR0781,P0781,洛川果业加工中心,陕西省洛川县,2025-11-27,烘干-分级,95,true
PR0782,P0782,周口面粉加工厂,河南省周口市,2025-07-26,切割-打蜡-清洗,99,true
PR0783,P0783,丹东草莓加工厂,辽宁省丹东市,2025-12-10,烘干-打蜡-冷藏-分拣,92,true
PR0784,P0784,寿光蔬菜加工厂,山东省寿光市,2025-10-17,清洗-烘干-切割,100,true
PR0785,P0785,寿光蔬菜加工厂,山东省寿光市,2025-08-05,分拣-烘干-冷藏,94,true
PR0786,P0786,寿光蔬菜加工厂,山东省寿光市,2025-08-23,包装-烘干,95,true
PR0787,P0787,丹东草莓加工厂,辽宁省丹东市,2025-06-03,分级-打蜡-包装,95,true
PR0788,P0788,五常大米加工厂,黑龙江省五常市,2025-09-26,清洗-打蜡-包装-切割,98,true
PR0789,P0789,周口面粉加工厂,河南省周口市,2025-06-24,打蜡-分拣-烘干-分级,95,true
PR0790,P0790,丹东草莓加工厂,辽宁省丹东市,2025-09-27,打蜡-包装,99,true
PR0791,P0791,乌兰察布土豆加工厂,内蒙古乌兰察布,2025-11-12,切割-清洗-打蜡,96,true
PR0792,P0792,五常大米加工厂,黑龙江省五常市,2025-07-06,包装-清洗-冷藏-切割,93,true
PR0793,P0793,廊坊蔬菜加工中心,河北省廊坊市,2025-11-20,分级-清洗-包装,99,true
PR0794,P0794,乌兰察布土豆加工厂,内蒙古乌兰察布,2025-10-15,分级-切割-包装,98,true
PR0795,P0795,吐鲁番葡萄加工厂,新疆吐鲁番市,2025-11-17,包装-冷藏-清洗,91,true
PR0796,P0796,洛川果业加工中心,陕西省洛川县,2025-10-02,分拣-包装-切割-分级,100,true
PR0797,P0797,丹东草莓加工厂,辽宁省丹东市,2025-06-11,冷藏-打蜡-烘干-分拣,90,true
PR0798,P0798,吐鲁番葡萄加工厂,新疆吐鲁番市,2025-10-26,打蜡-冷藏,92,true
PR0799,P0799,赣南脐橙加工中心,江西省赣州市,2025-12-16,烘干-分拣,93,true
PR0800,P0800,洛川果业加工中心,陕西省洛川县,2025-11-21,清洗-分拣-冷藏,94,true
PR0801,P0801,寿光蔬菜加工厂,山东省寿光市,2025-10-12,清洗-打蜡-切割,91,true
PR0802,P0802,潍坊蔬菜加工厂,山东省潍坊市,2025-12-10,分级-打蜡-包装,93,true
PR0803,P0803,潍坊蔬菜加工厂,山东省潍坊市,2025-11-14,分级-分拣-包装,100,true
PR0804,P0804,吐鲁番葡萄加工厂,新疆吐鲁番市,2025-07-18,冷藏-清洗-切割-打蜡,92,true
PR0805,P0805,乌兰察布土豆加工厂,内蒙古乌兰察布,2025-10-01,切割-打蜡-冷藏,80,false
PR0806,P0806,潍坊蔬菜加工厂,山东省潍坊市,2025-07-14,清洗-分级-分拣,100,true
PR0807,P0807,五常大米加工厂,黑龙江省五常市,2025-11-07,烘干-切割-分拣-包装,95,true
PR0808,P0808,吐鲁番葡萄加工厂,新疆吐鲁番市,2025-10-23,分拣-清洗-包装,98,true
PR0809,P0809,吐鲁番葡萄加工厂,新疆吐鲁番市,2025-11-27,分级-包装,90,true
PR0810,P0810,赣南脐橙加工中心,江西省赣州市,2025-09-24,清洗-包装-冷藏-烘干,98,true
PR0811,P0811,潍坊蔬菜加工厂,山东省潍坊市,2025-08-22,包装-清洗-分级-切割,91,true
PR0812,P0812,吐鲁番葡萄加工厂,新疆吐鲁番市,2025-10-28,冷藏-打蜡,93,true
PR0813,P0813,洛川果业加工中心,陕西省洛川县,2025-07-18,冷藏-分级-烘干,95,true
PR0814,P0814,廊坊蔬菜加工中心,河北省廊坊市,2025-06-11,包装-清洗-切割-分级,92,true
PR0815,P0815,乌兰察布土豆加工厂,内蒙古乌兰察布,2025-08-23,切割-烘干-分拣,94,true
PR0816,P0816,洛川果业加工中心,陕西省洛川县,2025-10-04,分级-切割-包装,94,true
PR0817,P0817,赣南脐橙加工中心,江西省赣州市,2025-09-10,分拣-清洗,95,true
PR0818,P0818,五常大米加工厂,黑龙江省五常市,2025-10-09,冷藏-打蜡-切割,93,true
PR0819,P0819,乌兰察布土豆加工厂,内蒙古乌兰察布,2025-06-03,烘干-打蜡,94,true
PR0820,P0820,五常大米加工厂,黑龙江省五常市,2025-09-04,冷藏-切割,100,true
PR0821,P0821,周口面粉加工厂,河南省周口市,2025-08-23,打蜡-分拣-分级-包装,91,true
PR0822,P0822,五常大米加工厂,黑龙江省五常市,2025-06-07,烘干-切割-包装,98,true
PR0823,P0823,吐鲁番葡萄加工厂,新疆吐鲁番市,2025-10-25,清洗-分级,90,true
PR0824,P0824,洛川果业加工中心,陕西省洛川县,2025-08-10,烘干-冷藏-分级,98,true
PR0825,P0825,赣南脐橙加工中心,江西省赣州市,2025-07-16,切割-分拣-烘干,97,true
PR0826,P0826,赣南脐橙加工中心,江西省赣州市,2025-10-18,切割-包装,92,true
PR0827,P0827,廊坊蔬菜加工中心,河北省廊坊市,2025-11-25,烘干-打蜡,99,true
PR0828,P0828,洛川果业加工中心,陕西省洛川县,2025-10-26,切割-冷藏-打蜡-分拣,100,true
PR0829,P0829,廊坊蔬菜加工中心,河北省廊坊市,2025-08-27,冷藏-分级-清洗,95,true
PR0830,P0830,赣南脐橙加工中心,江西省赣州市,2025-07-01,包装-分级,99,true
PR0831,P0831,寿光蔬菜加工厂,山东省寿光市,2025-06-09,清洗-烘干,91,true
PR0832,P0832,赣南脐橙加工中心,江西省赣州市,2025-09-15,切割-烘干-打蜡,91,true
PR0833,P0833,周口面粉加工厂,河南省周口市,2025-06-13,分拣-清洗-切割-冷藏,95,true
PR0834,P0834,乌兰察布土豆加工厂,内蒙古乌兰察布,2025-07-16,打蜡-分拣-切割,91,true
PR0835,P0835,寿光蔬菜加工厂,山东省寿光市,2025-11-03,清洗-烘干,92,true
PR0836,P0836,潍坊蔬菜加工厂,山东省潍坊市,2025-12-06,烘干-清洗-分拣-冷藏,93,true
PR0837,P0837,赣南脐橙加工中心,江西省赣州市,2025-10-20,清洗-分拣,92,true
PR0838,P0838,乌兰察布土豆加工厂,内蒙古乌兰察布,2025-10-17,打蜡-分拣,100,true
PR0839,P0839,赣南脐橙加工中心,江西省赣州市,2025-09-02,分级-切割,95,true
PR0840,P0840,乌兰察布土豆加工厂,内蒙古乌兰察布,2025-10-19,分级-清洗,91,true
PR0841,P0841,廊坊蔬菜加工中心,河北省廊坊市,2025-08-09,包装-分拣-分级-切割,94,true
PR0842,P0842,周口面粉加工厂,河南省周口市,2025-09-05,清洗-分拣-包装,99,true
PR0843,P0843,寿光蔬菜加工厂,山东省寿光市,2025-09-21,分拣-切割-分级,93,true
PR0844,P0844,廊坊蔬菜加工中心,河北省廊坊市,2025-07-25,打蜡-包装-分级-清洗,97,true
PR0845,P0845,丹东草莓加工厂,辽宁省丹东市,2025-11-12,冷藏-分拣,93,true
PR0846,P0846,丹东草莓加工厂,辽宁省丹东市,2025-08-19,切割-打蜡-分级,99,true
PR0847,P0847,赣南脐橙加工中心,江西省赣州市,2025-10-19,包装-烘干-切割,86,false
PR0848,P0848,赣南脐橙加工中心,江西省赣州市,2025-07-18,包装-分拣,93,true
PR0849,P0849,寿光蔬菜加工厂,山东省寿光市,2025-10-13,包装-清洗-烘干,100,true
PR0850,P0850,廊坊蔬菜加工中心,河北省廊坊市,2025-09-05,分拣-包装-切割,96,true
PR0851,P0851,廊坊蔬菜加工中心,河北省廊坊市,2025-07-13,清洗-打蜡-包装,96,true
PR0852,P0852,赣南脐橙加工中心,江西省赣州市,2025-08-12,冷藏-分级,91,true
PR0853,P0853,丹东草莓加工厂,辽宁省丹东市,2025-08-23,清洗-冷藏-切割,94,true
PR0854,P0854,丹东草莓加工厂,辽宁省丹东市,2025-10-08,打蜡-清洗-分拣,94,true
PR0855,P0855,周口面粉加工厂,河南省周口市,2025-09-17,切割-烘干,92,true
PR0856,P0856,洛川果业加工中心,陕西省洛川县,2025-09-19,切割-冷藏,90,true
PR0857,P0857,寿光蔬菜加工厂,山东省寿光市,2025-06-25,切割-分拣-打蜡-烘干,93,true
PR0858,P0858,五常大米加工厂,黑龙江省五常市,2025-10-24,打蜡-分拣-烘干,95,true
PR0859,P0859,潍坊蔬菜加工厂,山东省潍坊市,2025-09-13,冷藏-烘干-清洗-打蜡,99,true
PR0860,P0860,寿光蔬菜加工厂,山东省寿光市,2025-06-13,烘干-冷藏-分级-切割,92,true
PR0861,P0861,乌兰察布土豆加工厂,内蒙古乌兰察布,2025-09-02,切割-包装,95,true
PR0862,P0862,廊坊蔬菜加工中心,河北省廊坊市,2025-08-09,打蜡-分级-切割,96,true
PR0863,P0863,周口面粉加工厂,河南省周口市,2025-10-13,冷藏-切割,97,true
PR0864,P0864,寿光蔬菜加工厂,山东省寿光市,2025-11-14,打蜡-清洗-冷藏,94,true
PR0865,P0865,丹东草莓加工厂,辽宁省丹东市,2025-11-12,分拣-冷藏,93,true
PR0866,P0866,乌兰察布土豆加工厂,内蒙古乌兰察布,2025-08-24,冷藏-烘干-清洗-分拣,96,true
PR0867,P0867,周口面粉加工厂,河南省周口市,2025-09-24,切割-打蜡-分级-烘干,85,false
PR0868,P0868,乌兰察布土豆加工厂,内蒙古乌兰察布,2025-10-03,切割-清洗-分拣,98,true
PR0869,P0869,赣南脐橙加工中心,江西省赣州市,2025-12-10,冷藏-包装-分拣,98,true
PR0870,P0870,周口面粉加工厂,河南省周口市,2025-09-19,打蜡-分拣-清洗,98,true
PR0871,P0871,洛川果业加工中心,陕西省洛川县,2025-10-02,包装-冷藏,98,true
PR0872,P0872,丹东草莓加工厂,辽宁省丹东市,2025-11-16,打蜡-冷藏-分级,90,true
PR0873,P0873,吐鲁番葡萄加工厂,新疆吐鲁番市,2025-10-08,冷藏-清洗,91,true
PR0874,P0874,洛川果业加工中心,陕西省洛川县,2025-11-16,烘干-分拣-包装-切割,99,true
PR0875,P0875,廊坊蔬菜加工中心,河北省廊坊市,2025-06-09,冷藏-包装-打蜡-切割,90,true
PR0876,P0876,寿光蔬菜加工厂,山东省寿光市,2025-07-16,烘干-打蜡,93,true
PR0877,P0877,潍坊蔬菜加工厂,山东省潍坊市,2025-06-26,分拣-清洗,99,true
PR0878,P0878,廊坊蔬菜加工中心,河北省廊坊市,2025-06-01,烘干-分级-打蜡,94,true
PR0879,P0879,赣南脐橙加工中心,江西省赣州市,2025-07-18,分级-烘干-打蜡-分拣,98,true
PR0880,P0880,洛川果业加工中心,陕西省洛川县,2025-11-22,打蜡-分拣-切割-分级,97,true
PR0881,P0881,乌兰察布土豆加工厂,内蒙古乌兰察布,2025-11-27,烘干-分拣,92,true
PR0882,P0882,赣南脐橙加工中心,江西省赣州市,2025-06-11,切割-清洗,92,true
PR0883,P0883,潍坊蔬菜加工厂,山东省潍坊市,2025-09-02,分级-清洗,95,true
PR0884,P0884,潍坊蔬菜加工厂,山东省潍坊市,2025-12-25,分拣-冷藏,100,true
PR0885,P0885,廊坊蔬菜加工中心,河北省廊坊市,2025-08-16,分拣-烘干-冷藏,100,true
PR0886,P0886,丹东草莓加工厂,辽宁省丹东市,2025-07-08,分级-清洗,95,true
PR0887,P0887,周口面粉加工厂,河南省周口市,2025-08-24,切割-分级,80,false
PR0888,P0888,乌兰察布土豆加工厂,内蒙古乌兰察布,2025-08-26,冷藏-包装-分级,100,true
PR0889,P0889,周口面粉加工厂,河南省周口市,2025-09-01,分级-切割-冷藏,91,true
PR0890,P0890,廊坊蔬菜加工中心,河北省廊坊市,2025-11-07,冷藏-分级-切割-烘干,98,true
PR0891,P0891,周口面粉加工厂,河南省周口市,2025-07-23,切割-打蜡-冷藏-分级,91,true
PR0892,P0892,赣南脐橙加工中心,江西省赣州市,2025-07-02,分拣-分级-冷藏-清洗,90,true
PR0893,P0893,丹东草莓加工厂,辽宁省丹东市,2025-09-21,分拣-烘干-包装,100,true
PR0894,P0894,五常大米加工厂,黑龙江省五常市,2025-07-11,包装-打蜡-分拣,98,true
PR0895,P0895,廊坊蔬菜加工中心,河北省廊坊市,2025-08-25,烘干-切割,87,false
PR0896,P0896,丹东草莓加工厂,辽宁省丹东市,2025-08-17,分级-分拣,95,true
PR0897,P0897,赣南脐橙加工中心,江西省赣州市,2025-11-28,打蜡-清洗,95,true
PR0898,P0898,洛川果业加工中心,陕西省洛川县,2025-06-23,冷藏-打蜡-包装,91,true
PR0899,P0899,潍坊蔬菜加工厂,山东省潍坊市,2025-11-25,分拣-烘干-切割,100,true
PR0900,P0900,吐鲁番葡萄加工厂,新疆吐鲁番市,2025-09-06,烘干-切割,90,true
PR0901,P0901,寿光蔬菜加工厂,山东省寿光市,2025-09-19,分级-包装-打蜡,96,true
PR0902,P0902,五常大米加工厂,黑龙江省五常市,2025-07-25,清洗-分级,90,true
PR0903,P0903,丹东草莓加工厂,辽宁省丹东市,2025-07-23,清洗-烘干,94,true
PR0904,P0904,赣南脐橙加工中心,江西省赣州市,2025-12-27,清洗-烘干-分级,92,true
PR0905,P0905,潍坊蔬菜加工厂,山东省潍坊市,2025-07-14,包装-烘干-清洗-打蜡,93,true
PR0906,P0906,寿光蔬菜加工厂,山东省寿光市,2025-12-01,分级-烘干,92,true
PR0907,P0907,潍坊蔬菜加工厂,山东省潍坊市,2025-08-15,打蜡-冷藏-烘干,100,true
PR0908,P0908,洛川果业加工中心,陕西省洛川县,2025-11-06,包装-切割-分拣,94,true
PR0909,P0909,乌兰察布土豆加工厂,内蒙古乌兰察布,2025-09-12,冷藏-切割,92,true
PR0910,P0910,赣南脐橙加工中心,江西省赣州市,2025-07-25,打蜡-清洗,91,true
PR0911,P0911,洛川果业加工中心,陕西省洛川县,2025-07-25,清洗-分级-分拣,93,true
PR0912,P0912,吐鲁番葡萄加工厂,新疆吐鲁番市,2025-08-01,分级-烘干-清洗-打蜡,90,true
PR0913,P0913,周口面粉加工厂,河南省周口市,2025-08-23,打蜡-冷藏,95,true
PR0914,P0914,五常大米加工厂,黑龙江省五常市,2025-10-18,分拣-冷藏-切割-打蜡,93,true
PR0915,P0915,五常大米加工厂,黑龙江省五常市,2025-06-01,分级-烘干-冷藏,100,true
PR0916,P0916,洛川果业加工中心,陕西省洛川县,2025-12-02,包装-切割,92,true
PR0917,P0917,乌兰察布土豆加工厂,内蒙古乌兰察布,2025-07-08,冷藏-分拣-分级,93,true
PR0918,P0918,周口面粉加工厂,河南省周口市,2025-07-03,烘干-打蜡-清洗-冷藏,95,true
PR0919,P0919,乌兰察布土豆加工厂,内蒙古乌兰察布,2025-11-13,冷藏-切割-分拣-分级,96,true
PR0920,P0920,五常大米加工厂,黑龙江省五常市,2025-07-27,冷藏-清洗-分拣,90,true
PR0921,P0921,五常大米加工厂,黑龙江省五常市,2025-09-13,包装-清洗-打蜡-分拣,90,true
PR0922,P0922,廊坊蔬菜加工中心,河北省廊坊市,2025-10-20,冷藏-烘干,95,true
PR0923,P0923,赣南脐橙加工中心,江西省赣州市,2025-06-27,烘干-清洗-切割,90,true
PR0924,P0924,乌兰察布土豆加工厂,内蒙古乌兰察布,2025-09-06,包装-烘干,96,true
PR0925,P0925,赣南脐橙加工中心,江西省赣州市,2025-06-10,烘干-冷藏-分拣,95,true
PR0926,P0926,乌兰察布土豆加工厂,内蒙古乌兰察布,2025-11-03,清洗-切割,92,true
PR0927,P0927,丹东草莓加工厂,辽宁省丹东市,2025-07-20,分级-打蜡-分拣-包装,94,true
PR0928,P0928,寿光蔬菜加工厂,山东省寿光市,2025-08-07,清洗-切割,97,true
PR0929,P0929,五常大米加工厂,黑龙江省五常市,2025-06-12,切割-分拣-打蜡,100,true
PR0930,P0930,丹东草莓加工厂,辽宁省丹东市,2025-07-17,切割-包装-分拣,97,true
PR0931,P0931,吐鲁番葡萄加工厂,新疆吐鲁番市,2025-11-07,冷藏-分拣,92,true
PR0932,P0932,洛川果业加工中心,陕西省洛川县,2025-12-20,烘干-清洗-冷藏-打蜡,98,true
PR0933,P0933,赣南脐橙加工中心,江西省赣州市,2025-07-12,打蜡-清洗,100,true
PR0934,P0934,周口面粉加工厂,河南省周口市,2025-10-05,烘干-分级-冷藏,94,true
PR0935,P0935,洛川果业加工中心,陕西省洛川县,2025-11-25,清洗-冷藏-烘干,92,true
PR0936,P0936,吐鲁番葡萄加工厂,新疆吐鲁番市,2025-10-15,冷藏-打蜡-切割-清洗,90,true
PR0937,P0937,潍坊蔬菜加工厂,山东省潍坊市,2025-10-13,分拣-切割-清洗-分级,100,true
PR0938,P0938,丹东草莓加工厂,辽宁省丹东市,2025-09-13,打蜡-切割,88,false
PR0939,P0939,乌兰察布土豆加工厂,内蒙古乌兰察布,2025-11-04,冷藏-分拣,99,true
PR0940,P0940,廊坊蔬菜加工中心,河北省廊坊市,2025-07-26,冷藏-烘干-分拣-包装,95,true
PR0941,P0941,寿光蔬菜加工厂,山东省寿光市,2025-11-21,清洗-烘干-分级,95,true
PR0942,P0942,寿光蔬菜加工厂,山东省寿光市,2025-11-27,烘干-分拣-分级-冷藏,93,true
PR0943,P0943,赣南脐橙加工中心,江西省赣州市,2025-10-16,打蜡-冷藏-分级-清洗,95,true
PR0944,P0944,寿光蔬菜加工厂,山东省寿光市,2025-09-25,分拣-冷藏,91,true
PR0945,P0945,赣南脐橙加工中心,江西省赣州市,2025-08-28,打蜡-包装-烘干,97,true
PR0946,P0946,乌兰察布土豆加工厂,内蒙古乌兰察布,2025-08-15,分级-分拣-烘干-打蜡,98,true
PR0947,P0947,周口面粉加工厂,河南省周口市,2025-09-27,包装-清洗-打蜡-分拣,96,true
PR0948,P0948,丹东草莓加工厂,辽宁省丹东市,2025-07-14,清洗-冷藏-包装,93,true
PR0949,P0949,丹东草莓加工厂,辽宁省丹东市,2025-07-09,包装-打蜡-烘干-分级,99,true
PR0950,P0950,潍坊蔬菜加工厂,山东省潍坊市,2025-06-14,切割-冷藏-烘干-包装,94,true
PR0951,P0951,周口面粉加工厂,河南省周口市,2025-08-14,包装-切割-烘干-打蜡,92,true
PR0952,P0952,乌兰察布土豆加工厂,内蒙古乌兰察布,2025-08-09,冷藏-打蜡-烘干-分级,93,true
PR0953,P0953,吐鲁番葡萄加工厂,新疆吐鲁番市,2025-09-03,分级-包装-冷藏-清洗,99,true
PR0954,P0954,周口面粉加工厂,河南省周口市,2025-11-01,清洗-打蜡-分级-分拣,91,true
PR0955,P0955,寿光蔬菜加工厂,山东省寿光市,2025-10-02,分级-烘干,97,true
PR0956,P0956,寿光蔬菜加工厂,山东省寿光市,2025-12-21,烘干-打蜡,97,true
PR0957,P0957,吐鲁番葡萄加工厂,新疆吐鲁番市,2025-10-27,包装-冷藏,92,true
PR0958,P0958,乌兰察布土豆加工厂,内蒙古乌兰察布,2025-11-26,清洗-包装-冷藏-烘干,95,true
PR0959,P0959,廊坊蔬菜加工中心,河北省廊坊市,2025-12-02,切割-包装,98,true
PR0960,P0960,洛川果业加工中心,陕西省洛川县,2025-12-23,切割-清洗-冷藏,91,true
PR0961,P0961,丹东草莓加工厂,辽宁省丹东市,2025-09-18,冷藏-打蜡-分级,90,true
PR0962,P0962,洛川果业加工中心,陕西省洛川县,2025-12-18,切割-分拣,95,true
PR0963,P0963,赣南脐橙加工中心,江西省赣州市,2025-08-18,冷藏-分拣,99,true
PR0964,P0964,潍坊蔬菜加工厂,山东省潍坊市,2025-10-04,打蜡-切割-分拣-包装,90,true
PR0965,P0965,五常大米加工厂,黑龙江省五常市,2025-10-02,打蜡-烘干-切割-分级,93,true
PR0966,P0966,丹东草莓加工厂,辽宁省丹东市,2025-10-23,分级-打蜡,96,true
PR0967,P0967,寿光蔬菜加工厂,山东省寿光市,2025-06-22,分拣-冷藏,93,true
PR0968,P0968,吐鲁番葡萄加工厂,新疆吐鲁番市,2025-11-21,分级-切割,92,true
PR0969,P0969,丹东草莓加工厂,辽宁省丹东市,2025-10-14,包装-分拣-切割-冷藏,93,true
PR0970,P0970,洛川果业加工中心,陕西省洛川县,2025-07-06,冷藏-切割-包装-分拣,95,true
PR0971,P0971,赣南脐橙加工中心,江西省赣州市,2025-09-26,分级-切割-烘干-冷藏,97,true
PR0972,P0972,寿光蔬菜加工厂,山东省寿光市,2025-06-01,烘干-分拣-切割,90,true
PR0973,P0973,五常大米加工厂,黑龙江省五常市,2025-06-27,包装-冷藏,95,true
PR0974,P0974,乌兰察布土豆加工厂,内蒙古乌兰察布,2025-09-08,分级-包装-切割-清洗,90,true
PR0975,P0975,廊坊蔬菜加工中心,河北省廊坊市,2025-07-19,分拣-分级-打蜡,99,true
PR0976,P0976,潍坊蔬菜加工厂,山东省潍坊市,2025-06-22,清洗-分级-分拣-冷藏,98,true
PR0977,P0977,五常大米加工厂,黑龙江省五常市,2025-11-23,清洗-烘干-包装,96,true
PR0978,P0978,赣南脐橙加工中心,江西省赣州市,2025-12-16,清洗-切割-分拣,97,true
PR0979,P0979,吐鲁番葡萄加工厂,新疆吐鲁番市,2025-06-08,清洗-分级-切割,96,true
PR0980,P0980,吐鲁番葡萄加工厂,新疆吐鲁番市,2025-09-19,切割-分拣,95,true
PR0981,P0981,寿光蔬菜加工厂,山东省寿光市,2025-09-16,清洗-打蜡-分级-冷藏,99,true
PR0982,P0982,吐鲁番葡萄加工厂,新疆吐鲁番市,2025-09-09,包装-分级-切割,94,true
PR0983,P0983,乌兰察布土豆加工厂,内蒙古乌兰察布,2025-07-11,包装-打蜡-冷藏,90,true
PR0984,P0984,廊坊蔬菜加工中心,河北省廊坊市,2025-09-16,分拣-分级,90,true
PR0985,P0985,乌兰察布土豆加工厂,内蒙古乌兰察布,2025-12-25,打蜡-清洗,94,true
PR0986,P0986,周口面粉加工厂,河南省周口市,2025-11-22,清洗-冷藏,95,true
PR0987,P0987,周口面粉加工厂,河南省周口市,2025-06-20,烘干-分拣,99,true
PR0988,P0988,五常大米加工厂,黑龙江省五常市,2025-07-23,分拣-包装,80,false
PR0989,P0989,周口面粉加工厂,河南省周口市,2025-07-23,分拣-分级,96,true
PR0990,P0990,丹东草莓加工厂,辽宁省丹东市,2025-11-22,清洗-分级-分拣,94,true
PR0991,P0991,五常大米加工厂,黑龙江省五常市,2025-10-11,冷藏-分级-包装,96,true
PR0992,P0992,五常大米加工厂,黑龙江省五常市,2025-07-22,清洗-分拣-烘干,100,true
PR0993,P0993,赣南脐橙加工中心,江西省赣州市,2025-06-08,切割-打蜡-分拣,92,true
PR0994,P0994,乌兰察布土豆加工厂,内蒙古乌兰察布,2025-11-16,包装-烘干,96,true
PR0995,P0995,五常大米加工厂,黑龙江省五常市,2025-07-21,分级-烘干-清洗,97,true
PR0996,P0996,吐鲁番葡萄加工厂,新疆吐鲁番市,2025-11-22,切割-分级-清洗,99,true
PR0997,P0997,乌兰察布土豆加工厂,内蒙古乌兰察布,2025-08-14,包装-打蜡,100,true
PR0998,P0998,洛川果业加工中心,陕西省洛川县,2025-11-26,清洗-冷藏,94,true
PR0999,P0999,寿光蔬菜加工厂,山东省寿光市,2025-07-25,包装-打蜡-分级,96,true
PR1000,P1000,赣南脐橙加工中心,江西省赣州市,2025-11-27,包装-清洗-冷藏-烘干,94,true
PR1001,P1001,洛川果业加工中心,陕西省洛川县,2025-09-13,打蜡-冷藏-切割-清洗,94,true
PR1002,P1002,五常大米加工厂,黑龙江省五常市,2025-11-02,打蜡-切割-烘干,93,true
PR1003,P1003,五常大米加工厂,黑龙江省五常市,2025-06-28,冷藏-分拣-烘干,100,true
PR1004,P1004,寿光蔬菜加工厂,山东省寿光市,2025-12-26,打蜡-烘干-包装-分级,93,true
PR1005,P1005,廊坊蔬菜加工中心,河北省廊坊市,2025-11-10,分拣-分级-打蜡-烘干,93,true
PR1006,P1006,赣南脐橙加工中心,江西省赣州市,2025-09-04,烘干-打蜡,99,true
PR1007,P1007,廊坊蔬菜加工中心,河北省廊坊市,2025-12-10,烘干-切割-清洗,96,true
PR1008,P1008,寿光蔬菜加工厂,山东省寿光市,2025-08-21,分拣-分级-包装-烘干,93,true
PR1009,P1009,寿光蔬菜加工厂,山东省寿光市,2025-06-23,烘干-包装-分级-清洗,90,true
PR1010,P1010,周口面粉加工厂,河南省周口市,2025-08-24,分拣-切割-包装-冷藏,92,true
PR1011,P1011,丹东草莓加工厂,辽宁省丹东市,2025-08-13,包装-打蜡,92,true
PR1012,P1012,吐鲁番葡萄加工厂,新疆吐鲁番市,2025-12-11,分级-包装,90,true
PR1013,P1013,寿光蔬菜加工厂,山东省寿光市,2025-10-20,分级-清洗,95,true
PR1014,P1014,丹东草莓加工厂,辽宁省丹东市,2025-12-13,冷藏-分级,100,true
PR1015,P1015,洛川果业加工中心,陕西省洛川县,2025-10-22,切割-冷藏-清洗,94,true
PR1016,P1016,丹东草莓加工厂,辽宁省丹东市,2025-08-11,冷藏-清洗-包装-打蜡,96,true
PR1017,P1017,五常大米加工厂,黑龙江省五常市,2025-11-06,包装-烘干-切割-打蜡,99,true
PR1018,P1018,赣南脐橙加工中心,江西省赣州市,2025-10-16,清洗-切割-冷藏-分级,90,true
PR1019,P1019,五常大米加工厂,黑龙江省五常市,2025-10-22,冷藏-包装-烘干-打蜡,95,true
PR1020,P1020,洛川果业加工中心,陕西省洛川县,2025-07-12,切割-包装-分拣-烘干,94,true
PR1021,P1021,洛川果业加工中心,陕西省洛川县,2025-07-09,包装-分拣-分级,91,true
PR1022,P1022,潍坊蔬菜加工厂,山东省潍坊市,2025-11-08,冷藏-分级-烘干,95,true
PR1023,P1023,寿光蔬菜加工厂,山东省寿光市,2025-12-27,包装-分级-切割,90,true
PR1024,P1024,五常大米加工厂,黑龙江省五常市,2025-08-25,分拣-清洗,95,true
PR1025,P1025,五常大米加工厂,黑龙江省五常市,2025-07-07,分级-切割-冷藏,94,true
PR1026,P1026,五常大米加工厂,黑龙江省五常市,2025-11-20,分级-分拣-打蜡,99,true
PR1027,P1027,潍坊蔬菜加工厂,山东省潍坊市,2025-10-02,冷藏-分级,96,true
PR1028,P1028,廊坊蔬菜加工中心,河北省廊坊市,2025-06-08,切割-包装,93,true
PR1029,P1029,廊坊蔬菜加工中心,河北省廊坊市,2025-11-12,冷藏-清洗-切割-分级,91,true
PR1030,P1030,赣南脐橙加工中心,江西省赣州市,2025-06-27,打蜡-分拣-切割-分级,92,true
PR1031,P1031,五常大米加工厂,黑龙江省五常市,2025-06-23,切割-冷藏,94,true
PR1032,P1032,潍坊蔬菜加工厂,山东省潍坊市,2025-11-14,打蜡-包装-切割-清洗,91,true
PR1033,P1033,寿光蔬菜加工厂,山东省寿光市,2025-07-27,打蜡-分拣,100,true
PR1034,P1034,乌兰察布土豆加工厂,内蒙古乌兰察布,2025-08-11,包装-分级,99,true
PR1035,P1035,丹东草莓加工厂,辽宁省丹东市,2025-09-26,分拣-包装,97,true
PR1036,P1036,廊坊蔬菜加工中心,河北省廊坊市,2025-06-12,分拣-烘干-包装-分级,96,true
PR1037,P1037,五常大米加工厂,黑龙江省五常市,2025-12-26,切割-打蜡-清洗,82,false
PR1038,P1038,丹东草莓加工厂,辽宁省丹东市,2025-09-13,分拣-切割-烘干,91,true
PR1039,P1039,廊坊蔬菜加工中心,河北省廊坊市,2025-12-03,分级-烘干-清洗,96,true
PR1040,P1040,赣南脐橙加工中心,江西省赣州市,2025-08-20,分级-烘干-分拣-冷藏,92,true
PR1041,P1041,赣南脐橙加工中心,江西省赣州市,2025-11-11,清洗-包装,100,true
PR1042,P1042,潍坊蔬菜加工厂,山东省潍坊市,2025-09-01,分拣-分级-清洗-烘干,96,true
PR1043,P1043,五常大米加工厂,黑龙江省五常市,2025-08-12,切割-冷藏,90,true
PR1044,P1044,赣南脐橙加工中心,江西省赣州市,2025-06-17,分级-打蜡-包装-烘干,97,true
PR1045,P1045,吐鲁番葡萄加工厂,新疆吐鲁番市,2025-07-22,冷藏-包装,96,true
PR1046,P1046,乌兰察布土豆加工厂,内蒙古乌兰察布,2025-11-08,分级-烘干-冷藏-打蜡,100,true
PR1047,P1047,吐鲁番葡萄加工厂,新疆吐鲁番市,2025-10-07,包装-打蜡,95,true
PR1048,P1048,乌兰察布土豆加工厂,内蒙古乌兰察布,2025-11-16,烘干-冷藏-打蜡-包装,96,true
PR1049,P1049,寿光蔬菜加工厂,山东省寿光市,2025-09-01,分拣-烘干,98,true
PR1050,P1050,乌兰察布土豆加工厂,内蒙古乌兰察布,2025-12-20,打蜡-清洗-冷藏,92,true
PR1051,P1051,乌兰察布土豆加工厂,内蒙古乌兰察布,2025-09-06,分级-烘干-切割,96,true
PR1052,P1052,吐鲁番葡萄加工厂,新疆吐鲁番市,2025-12-06,冷藏-打蜡,100,true
PR1053,P1053,廊坊蔬菜加工中心,河北省廊坊市,2025-10-05,烘干-清洗,96,true
PR1054,P1054,寿光蔬菜加工厂,山东省寿光市,2025-11-09,包装-切割-打蜡-冷藏,99,true
PR1055,P1055,丹东草莓加工厂,辽宁省丹东市,2025-10-21,打蜡-冷藏-分级-包装,90,true
PR1056,P1056,赣南脐橙加工中心,江西省赣州市,2025-10-04,分级-烘干-冷藏-分拣,97,true
PR1057,P1057,潍坊蔬菜加工厂,山东省潍坊市,2025-12-15,分级-烘干,100,true
PR1058,P1058,洛川果业加工中心,陕西省洛川县,2025-07-18,烘干-切割-打蜡,96,true
PR1059,P1059,寿光蔬菜加工厂,山东省寿光市,2025-11-26,分拣-打蜡,98,true
PR1060,P1060,赣南脐橙加工中心,江西省赣州市,2025-06-21,冷藏-切割-打蜡-清洗,97,true
PR1061,P1061,丹东草莓加工厂,辽宁省丹东市,2025-08-25,分拣-清洗,90,true
PR1062,P1062,周口面粉加工厂,河南省周口市,2025-09-09,包装-冷藏-清洗,93,true
PR1063,P1063,丹东草莓加工厂,辽宁省丹东市,2025-07-24,清洗-冷藏,95,true
PR1064,P1064,丹东草莓加工厂,辽宁省丹东市,2025-11-13,打蜡-烘干-包装,100,true
PR1065,P1065,丹东草莓加工厂,辽宁省丹东市,2025-06-03,分拣-冷藏-打蜡-分级,96,true
PR1066,P1066,周口面粉加工厂,河南省周口市,2025-06-02,清洗-打蜡,97,true
PR1067,P1067,廊坊蔬菜加工中心,河北省廊坊市,2025-11-06,分拣-分级-包装,96,true
PR1068,P1068,寿光蔬菜加工厂,山东省寿光市,2025-10-19,分拣-冷藏-切割,94,true
PR1069,P1069,乌兰察布土豆加工厂,内蒙古乌兰察布,2025-10-05,切割-分拣,92,true
PR1070,P1070,乌兰察布土豆加工厂,内蒙古乌兰察布,2025-09-26,包装-打蜡-冷藏-烘干,92,true
PR1071,P1071,廊坊蔬菜加工中心,河北省廊坊市,2025-08-09,分级-清洗,98,true
PR1072,P1072,吐鲁番葡萄加工厂,新疆吐鲁番市,2025-08-04,烘干-分级-清洗,92,true
PR1073,P1073,赣南脐橙加工中心,江西省赣州市,2025-09-09,分级-清洗-切割-烘干,97,true
PR1074,P1074,洛川果业加工中心,陕西省洛川县,2025-08-16,清洗-烘干-切割-冷藏,100,true
PR1075,P1075,洛川果业加工中心,陕西省洛川县,2025-09-18,切割-分拣,95,true
PR1076,P1076,周口面粉加工厂,河南省周口市,2025-09-13,清洗-切割-打蜡-烘干,91,true
PR1077,P1077,洛川果业加工中心,陕西省洛川县,2025-06-22,分级-清洗,100,true
PR1078,P1078,潍坊蔬菜加工厂,山东省潍坊市,2025-10-01,包装-打蜡-清洗-分级,90,true
PR1079,P1079,乌兰察布土豆加工厂,内蒙古乌兰察布,2025-12-23,烘干-切割,95,true
PR1080,P1080,潍坊蔬菜加工厂,山东省潍坊市,2025-12-28,包装-切割-打蜡-分级,94,true
PR1081,P1081,吐鲁番葡萄加工厂,新疆吐鲁番市,2025-06-11,切割-包装,97,true
PR1082,P1082,洛川果业加工中心,陕西省洛川县,2025-09-23,分拣-清洗-切割,96,true
PR1083,P1083,周口面粉加工厂,河南省周口市,2025-12-24,冷藏-烘干,98,true
PR1084,P1084,乌兰察布土豆加工厂,内蒙古乌兰察布,2025-07-08,冷藏-打蜡-包装,90,true
PR1085,P1085,丹东草莓加工厂,辽宁省丹东市,2025-08-24,分级-分拣,100,true
PR1086,P1086,周口面粉加工厂,河南省周口市,2025-07-25,分拣-切割,98,true
PR1087,P1087,周口面粉加工厂,河南省周口市,2025-07-10,打蜡-分拣,94,true
PR1088,P1088,潍坊蔬菜加工厂,山东省潍坊市,2025-06-17,清洗-打蜡-分拣-切割,91,true
PR1089,P1089,洛川果业加工中心,陕西省洛川县,2025-09-12,打蜡-分级,92,true
PR1090,P1090,周口面粉加工厂,河南省周口市,2025-08-03,清洗-切割-打蜡-烘干,96,true
PR1091,P1091,廊坊蔬菜加工中心,河北省廊坊市,2025-10-09,分拣-烘干-清洗-打蜡,95,true
PR1092,P1092,吐鲁番葡萄加工厂,新疆吐鲁番市,2025-10-11,清洗-冷藏-烘干,93,true
PR1093,P1093,周口面粉加工厂,河南省周口市,2025-09-09,切割-冷藏-包装-分拣,93,true
PR1094,P1094,潍坊蔬菜加工厂,山东省潍坊市,2025-11-05,分级-包装-冷藏,98,true
PR1095,P1095,五常大米加工厂,黑龙江省五常市,2025-07-25,分级-烘干,92,true
PR1096,P1096,五常大米加工厂,黑龙江省五常市,2025-11-13,烘干-打蜡-清洗-冷藏,97,true
PR1097,P1097,廊坊蔬菜加工中心,河北省廊坊市,2025-11-06,清洗-分级,100,true
PR1098,P1098,赣南脐橙加工中心,江西省赣州市,2025-06-27,打蜡-分拣-包装,94,true
PR1099,P1099,潍坊蔬菜加工厂,山东省潍坊市,2025-11-19,分拣-包装,94,true
PR1100,P1100,吐鲁番葡萄加工厂,新疆吐鲁番市,2025-10-10,分拣-烘干-清洗,91,true
PR1101,P1101,五常大米加工厂,黑龙江省五常市,2025-10-02,包装-打蜡-清洗,98,true
PR1102,P1102,赣南脐橙加工中心,江西省赣州市,2025-12-06,分级-分拣,91,true
PR1103,P1103,廊坊蔬菜加工中心,河北省廊坊市,2025-09-03,包装-清洗,91,true
PR1104,P1104,丹东草莓加工厂,辽宁省丹东市,2025-06-23,切割-清洗-冷藏-分级,92,true
PR1105,P1105,廊坊蔬菜加工中心,河北省廊坊市,2025-08-21,冷藏-切割-分拣,100,true
PR1106,P1106,丹东草莓加工厂,辽宁省丹东市,2025-10-03,打蜡-清洗-包装-烘干,98,true
PR1107,P1107,乌兰察布土豆加工厂,内蒙古乌兰察布,2025-08-10,分拣-打蜡-切割-烘干,93,true
PR1108,P1108,吐鲁番葡萄加工厂,新疆吐鲁番市,2025-07-01,切割-清洗-打蜡,97,true
PR1109,P1109,廊坊蔬菜加工中心,河北省廊坊市,2025-09-16,烘干-打蜡,93,true
PR1110,P1110,五常大米加工厂,黑龙江省五常市,2025-08-12,冷藏-分级-清洗-分拣,90,true
PR1111,P1111,寿光蔬菜加工厂,山东省寿光市,2025-12-03,冷藏-包装-清洗,97,true
PR1112,P1112,吐鲁番葡萄加工厂,新疆吐鲁番市,2025-10-26,烘干-切割-清洗-分拣,99,true
PR1113,P1113,吐鲁番葡萄加工厂,新疆吐鲁番市,2025-08-22,包装-分级-冷藏,96,true
PR1114,P1114,赣南脐橙加工中心,江西省赣州市,2025-08-23,清洗-包装-烘干-切割,100,true
PR1115,P1115,周口面粉加工厂,河南省周口市,2025-11-10,包装-烘干,94,true
PR1116,P1116,周口面粉加工厂,河南省周口市,2025-12-15,切割-分级-烘干-打蜡,99,true
PR1117,P1117,廊坊蔬菜加工中心,河北省廊坊市,2025-11-07,分拣-烘干-切割-包装,96,true
PR1118,P1118,五常大米加工厂,黑龙江省五常市,2025-08-09,切割-清洗,96,true
PR1119,P1119,洛川果业加工中心,陕西省洛川县,2025-06-04,清洗-包装,92,true
PR1120,P1120,周口面粉加工厂,河南省周口市,2025-08-20,切割-分拣,90,true
PR1121,P1121,洛川果业加工中心,陕西省洛川县,2025-09-20,包装-切割-分拣,93,true
PR1122,P1122,吐鲁番葡萄加工厂,新疆吐鲁番市,2025-09-23,烘干-分拣-打蜡,97,true
PR1123,P1123,潍坊蔬菜加工厂,山东省潍坊市,2025-10-20,分级-分拣-烘干-切割,92,true
PR1124,P1124,乌兰察布土豆加工厂,内蒙古乌兰察布,2025-10-25,烘干-冷藏-切割-清洗,94,true
PR1125,P1125,寿光蔬菜加工厂,山东省寿光市,2025-11-22,清洗-分拣,98,true
PR1126,P1126,乌兰察布土豆加工厂,内蒙古乌兰察布,2025-09-03,打蜡-分拣-清洗,91,true
PR1127,P1127,周口面粉加工厂,河南省周口市,2025-08-04,包装-冷藏-切割,92,true
PR1128,P1128,潍坊蔬菜加工厂,山东省潍坊市,2025-08-08,分级-包装-烘干-切割,100,true
PR1129,P1129,赣南脐橙加工中心,江西省赣州市,2025-10-19,分级-切割-清洗-冷藏,97,true
PR1130,P1130,潍坊蔬菜加工厂,山东省潍坊市,2025-09-18,切割-烘干,94,true
PR1131,P1131,洛川果业加工中心,陕西省洛川县,2025-10-28,冷藏-切割,90,true
PR1132,P1132,吐鲁番葡萄加工厂,新疆吐鲁番市,2025-12-08,分拣-包装-烘干,98,true
PR1133,P1133,五常大米加工厂,黑龙江省五常市,2025-11-02,分拣-清洗-打蜡-冷藏,98,true
PR1134,P1134,寿光蔬菜加工厂,山东省寿光市,2025-10-15,包装-烘干,97,true
PR1135,P1135,廊坊蔬菜加工中心,河北省廊坊市,2025-07-07,包装-打蜡-切割,91,true
PR1136,P1136,洛川果业加工中心,陕西省洛川县,2025-06-12,烘干-打蜡,90,true
PR1137,P1137,潍坊蔬菜加工厂,山东省潍坊市,2025-11-20,打蜡-分拣-切割,100,true
PR1138,P1138,赣南脐橙加工中心,江西省赣州市,2025-12-05,打蜡-包装-清洗,95,true
PR1139,P1139,五常大米加工厂,黑龙江省五常市,2025-11-24,分拣-分级-切割,100,true
PR1140,P1140,五常大米加工厂,黑龙江省五常市,2025-09-17,分拣-包装-烘干,95,true
PR1141,P1141,周口面粉加工厂,河南省周口市,2025-11-16,打蜡-烘干,90,true
PR1142,P1142,赣南脐橙加工中心,江西省赣州市,2025-06-04,包装-打蜡-分拣-冷藏,96,true
PR1143,P1143,吐鲁番葡萄加工厂,新疆吐鲁番市,2025-12-05,清洗-烘干-冷藏-切割,96,true
PR1144,P1144,乌兰察布土豆加工厂,内蒙古乌兰察布,2025-12-18,打蜡-冷藏,91,true
PR1145,P1145,洛川果业加工中心,陕西省洛川县,2025-09-21,冷藏-清洗,96,true
PR1146,P1146,乌兰察布土豆加工厂,内蒙古乌兰察布,2025-08-24,分拣-打蜡-分级-切割,94,true
PR1147,P1147,五常大米加工厂,黑龙江省五常市,2025-07-06,切割-烘干-冷藏-分拣,99,true
PR1148,P1148,丹东草莓加工厂,辽宁省丹东市,2025-06-02,包装-打蜡-切割,96,true
PR1149,P1149,洛川果业加工中心,陕西省洛川县,2025-08-03,打蜡-切割-冷藏-分级,93,true
PR1150,P1150,五常大米加工厂,黑龙江省五常市,2025-10-13,切割-包装-打蜡-烘干,90,true
PR1151,P1151,吐鲁番葡萄加工厂,新疆吐鲁番市,2025-06-25,分级-清洗,98,true
PR1152,P1152,周口面粉加工厂,河南省周口市,2025-06-26,打蜡-分拣-切割-冷藏,92,true
PR1153,P1153,赣南脐橙加工中心,江西省赣州市,2025-08-20,包装-切割,100,true
PR1154,P1154,洛川果业加工中心,陕西省洛川县,2025-12-28,包装-清洗,98,true
PR1155,P1155,廊坊蔬菜加工中心,河北省廊坊市,2025-06-09,烘干-打蜡-分拣-包装,100,true
PR1156,P1156,赣南脐橙加工中心,江西省赣州市,2025-12-12,清洗-包装-打蜡-烘干,97,true
PR1157,P1157,周口面粉加工厂,河南省周口市,2025-06-05,清洗-烘干-切割-冷藏,100,true
PR1158,P1158,廊坊蔬菜加工中心,河北省廊坊市,2025-11-26,冷藏-分级-烘干,100,true
PR1159,P1159,乌兰察布土豆加工厂,内蒙古乌兰察布,2025-07-01,包装-切割-冷藏-分拣,99,true
PR1160,P1160,廊坊蔬菜加工中心,河北省廊坊市,2025-06-25,打蜡-烘干,94,true
PR1161,P1161,周口面粉加工厂,河南省周口市,2025-07-25,包装-烘干-分级,92,true
PR1162,P1162,乌兰察布土豆加工厂,内蒙古乌兰察布,2025-06-09,清洗-分级,91,true
PR1163,P1163,周口面粉加工厂,河南省周口市,2025-06-10,切割-清洗-包装,93,true
PR1164,P1164,潍坊蔬菜加工厂,山东省潍坊市,2025-08-01,清洗-烘干-分拣,90,true
PR1165,P1165,廊坊蔬菜加工中心,河北省廊坊市,2025-10-25,打蜡-包装,81,false
PR1166,P1166,丹东草莓加工厂,辽宁省丹东市,2025-08-15,分级-冷藏-切割-分拣,98,true
PR1167,P1167,寿光蔬菜加工厂,山东省寿光市,2025-09-26,烘干-切割,97,true
PR1168,P1168,潍坊蔬菜加工厂,山东省潍坊市,2025-11-21,打蜡-包装-冷藏-烘干,91,true
PR1169,P1169,廊坊蔬菜加工中心,河北省廊坊市,2025-09-05,分拣-切割-分级-烘干,96,true
PR1170,P1170,吐鲁番葡萄加工厂,新疆吐鲁番市,2025-06-14,清洗-打蜡-分拣,95,true
PR1171,P1171,吐鲁番葡萄加工厂,新疆吐鲁番市,2025-07-05,包装-清洗-切割,92,true
PR1172,P1172,乌兰察布土豆加工厂,内蒙古乌兰察布,2025-07-10,分级-烘干-冷藏-包装,97,true
PR1173,P1173,乌兰察布土豆加工厂,内蒙古乌兰察布,2025-09-21,冷藏-清洗,91,true
PR1174,P1174,五常大米加工厂,黑龙江省五常市,2025-06-08,分拣-包装,91,true
PR1175,P1175,周口面粉加工厂,河南省周口市,2025-09-03,冷藏-烘干-打蜡-分级,100,true
PR1176,P1176,洛川果业加工中心,陕西省洛川县,2025-11-06,打蜡-清洗,98,true
PR1177,P1177,丹东草莓加工厂,辽宁省丹东市,2025-08-25,打蜡-清洗-烘干,93,true
PR1178,P1178,洛川果业加工中心,陕西省洛川县,2025-11-23,分拣-打蜡-分级,100,true
PR1179,P1179,五常大米加工厂,黑龙江省五常市,2025-09-16,分级-烘干-包装,98,true
PR1180,P1180,吐鲁番葡萄加工厂,新疆吐鲁番市,2025-11-23,打蜡-清洗,99,true
PR1181,P1181,寿光蔬菜加工厂,山东省寿光市,2025-11-10,包装-烘干-清洗-切割,85,false
PR1182,P1182,赣南脐橙加工中心,江西省赣州市,2025-06-18,分拣-打蜡-包装-切割,97,true
PR1183,P1183,赣南脐橙加工中心,江西省赣州市,2025-11-16,烘干-分级,92,true
PR1184,P1184,寿光蔬菜加工厂,山东省寿光市,2025-09-12,清洗-切割-烘干-打蜡,91,true
PR1185,P1185,赣南脐橙加工中心,江西省赣州市,2025-09-03,切割-分级,97,true
PR1186,P1186,赣南脐橙加工中心,江西省赣州市,2025-06-12,冷藏-分级-打蜡-切割,99,true
PR1187,P1187,洛川果业加工中心,陕西省洛川县,2025-11-14,分拣-清洗-切割-冷藏,98,true
PR1188,P1188,吐鲁番葡萄加工厂,新疆吐鲁番市,2025-06-17,分级-包装-切割-打蜡,98,true
PR1189,P1189,周口面粉加工厂,河南省周口市,2025-09-16,烘干-打蜡-包装,95,true
PR1190,P1190,五常大米加工厂,黑龙江省五常市,2025-06-11,清洗-分拣-打蜡,92,true
PR1191,P1191,丹东草莓加工厂,辽宁省丹东市,2025-12-07,包装-清洗,95,true
PR1192,P1192,吐鲁番葡萄加工厂,新疆吐鲁番市,2025-07-15,包装-分拣,96,true
PR1193,P1193,寿光蔬菜加工厂,山东省寿光市,2025-06-21,分拣-冷藏-清洗,98,true
PR1194,P1194,周口面粉加工厂,河南省周口市,2025-08-22,分拣-切割-打蜡,97,true
PR1195,P1195,丹东草莓加工厂,辽宁省丹东市,2025-07-20,包装-分拣-打蜡-烘干,91,true
PR1196,P1196,赣南脐橙加工中心,江西省赣州市,2025-07-26,打蜡-包装,98,true
PR1197,P1197,寿光蔬菜加工厂,山东省寿光市,2025-12-03,分拣-切割,94,true
PR1198,P1198,乌兰察布土豆加工厂,内蒙古乌兰察布,2025-08-13,切割-烘干,91,true
PR1199,P1199,寿光蔬菜加工厂,山东省寿光市,2025-11-21,烘干-包装,97,true
PR1200,P1200,丹东草莓加工厂,辽宁省丹东市,2025-07-11,分拣-烘干-冷藏,93,true
