record_id,product_id,channel,store_name,store_location,shelf_date,price,qualified
SL0001,P0001,盒马鲜生,上海浦东店,上海浦东店地址,2025-11-24,27.6元/斤,true
SL0002,P0002,盒马鲜生,深圳南山店,深圳南山店地址,2025-10-28,36.8元/斤,true
SL0003,P0003,物美超市,北京丰台店,北京丰台店地址,2025-10-11,43.5元/斤,true
SL0004,P0004,永辉超市,武汉光谷店,武汉光谷店地址,2025-08-14,18.3元/斤,true
SL0005,P0005,天猫超市,线上商城,线上商城,2025-08-08,23.5元/斤,true
SL0006,P0006,天猫超市,线上商城,线上商城,2025-12-03,17.6元/斤,true
SL0007,P0007,物美超市,北京海淀店,北京海淀店地址,2025-10-22,32.4元/斤,true
SL0008,P0008,大润发,杭州店,杭州店地址,2025-11-23,34.5元/斤,true
SL0009,P0009,盒马鲜生,上海浦东店,上海浦东店地址,2025-11-19,15.8元/斤,true
SL0010,P0010,华润万家,广州店,广州店地址,2025-11-22,26.0元/斤,true
SL0011,P0011,大润发,无锡店,无锡店地址,2025-12-02,42.9元/斤,true
SL0012,P0012,物美超市,天津南开店,天津南开店地址,2025-11-12,34.4元/斤,true
SL0013,P0013,京东自营,线上商城,线上商城,2025-10-23,48.6元/斤,true
SL0014,P0014,京东自营,线上商城,线上商城,2025-11-05,34.9元/斤,true
SL0015,P0015,永辉超市,南京新街口店,南京新街口店地址,2025-09-13,24.8元/斤,true
SL0016,P0016,天猫超市,线上商城,线上商城,2025-10-27,37.5元/斤,true
SL0017,P0017,华润万家,深圳店,深圳店地址,2025-11-11,36.5元/斤,true
SL0018,P0018,永辉超市,成都春熙店,成都春熙店地址,2025-10-26,30.4元/斤,true
SL0019,P0019,京东自营,线上商城,线上商城,2025-08-14,49.5元/斤,true
SL0020,P0020,京东自营,线上商城,线上商城,2025-10-23,21.5元/斤,true
SL0021,P0021,永辉超市,武汉光谷店,武汉光谷店地址,2025-09-06,14.6元/斤,true
SL0022,P0022,大润发,杭州店,杭州店地址,2025-11-08,44.5元/斤,true
SL0023,P0023,大润发,苏州店,苏州店地址,2025-10-16,7.4元/斤,true
SL0024,P0024,京东自营,线上商城,线上商城,2025-09-02,28.2元/斤,true
SL0025,P0025,物美超市,天津南开店,天津南开店地址,2025-08-06,37.2元/斤,true
SL0026,P0026,京东自营,线上商城,线上商城,2025-10-08,38.4元/斤,false
SL0027,P0027,京东自营,线上商城,线上商城,2025-08-08,13.8元/斤,true
SL0028,P0028,天猫超市,线上商城,线上商城,2025-08-11,44.0元/斤,true
SL0029,P0029,盒马鲜生,上海浦东店,上海浦东店地址,2025-10-24,29.4元/斤,true
SL0030,P0030,京东自营,线上商城,线上商城,2025-11-18,46.0元/斤,true
SL0031,P0031,盒马鲜生,北京朝阳店,北京朝阳店地址,2025-12-08,29.2元/斤,false
SL0032,P0032,大润发,杭州店,杭州店地址,2025-12-07,10.0元/斤,true
SL0033,P0033,华润万家,深圳店,深圳店地址,2025-11-23,4.5元/斤,true
SL0034,P0034,天猫超市,线上商城,线上商城,2025-08-15,17.8元/斤,true
SL0035,P0035,大润发,杭州店,杭州店地址,2025-08-05,12.6元/斤,true
SL0036,P0036,盒马鲜生,上海浦东店,上海浦东店地址,2025-09-14,48.9元/斤,false
SL0037,P0037,盒马鲜生,广州天河店,广州天河店地址,2025-09-09,18.7元/斤,true
SL0038,P0038,天猫超市,线上商城,线上商城,2025-12-21,25.5元/斤,true
SL0039,P0039,天猫超市,线上商城,线上商城,2025-08-25,16.0元/斤,true
SL0040,P0040,物美超市,北京丰台店,北京丰台店地址,2025-09-12,39.2元/斤,true
SL0041,P0041,华润万家,东莞店,东莞店地址,2025-09-01,28.0元/斤,true
SL0042,P0042,物美超市,天津南开店,天津南开店地址,2025-11-17,14.6元/斤,true
SL0043,P0043,京东自营,线上商城,线上商城,2025-09-07,7.1元/斤,true
SL0044,P0044,物美超市,北京海淀店,北京海淀店地址,2025-11-09,25.2元/斤,true
SL0045,P0045,盒马鲜生,北京朝阳店,北京朝阳店地址,2025-10-28,26.1元/斤,true
SL0046,P0046,华润万家,深圳店,深圳店地址,2025-09-14,34.8元/斤,true
SL0047,P0047,天猫超市,线上商城,线上商城,2025-09-11,28.1元/斤,true
SL0048,P0048,盒马鲜生,广州天河店,广州天河店地址,2025-10-12,17.0元/斤,true
SL0049,P0049,大润发,无锡店,无锡店地址,2025-09-03,44.8元/斤,true
SL0050,P0050,大润发,无锡店,无锡店地址,2025-12-21,42.6元/斤,true
SL0051,P0051,京东自营,线上商城,线上商城,2025-09-23,45.2元/斤,true
SL0052,P0052,物美超市,北京海淀店,北京海淀店地址,2025-11-08,35.2元/斤,true
SL0053,P0053,永辉超市,南京新街口店,南京新街口店地址,2025-12-28,6.9元/斤,true
SL0054,P0054,永辉超市,南京新街口店,南京新街口店地址,2025-12-06,16.0元/斤,true
SL0055,P0055,大润发,苏州店,苏州店地址,2025-11-10,6.0元/斤,true
SL0056,P0056,物美超市,北京丰台店,北京丰台店地址,2025-12-04,9.9元/斤,true
SL0057,P0057,永辉超市,西安高新店,西安高新店地址,2025-11-01,46.3元/斤,true
SL0058,P0058,盒马鲜生,广州天河店,广州天河店地址,2025-09-25,34.0元/斤,true
SL0059,P0059,华润万家,深圳店,深圳店地址,2025-11-10,16.3元/斤,true
SL0060,P0060,永辉超市,南京新街口店,南京新街口店地址,2025-12-06,43.7元/斤,true
SL0061,P0061,京东自营,线上商城,线上商城,2025-09-04,49.2元/斤,true
SL0062,P0062,大润发,苏州店,苏州店地址,2025-08-24,34.1元/斤,true
SL0063,P0063,京东自营,线上商城,线上商城,2025-08-12,4.4元/斤,true
SL0064,P0064,京东自营,线上商城,线上商城,2025-12-06,33.4元/斤,true
SL0065,P0065,盒马鲜生,上海浦东店,上海浦东店地址,2025-10-26,43.1元/斤,true
SL0066,P0066,永辉超市,西安高新店,西安高新店地址,2025-08-16,4.5元/斤,true
SL0067,P0067,永辉超市,南京新街口店,南京新街口店地址,2025-08-04,49.8元/斤,true
SL0068,P0068,盒马鲜生,深圳南山店,深圳南山店地址,2025-09-02,37.7元/斤,true
SL0069,P0069,永辉超市,武汉光谷店,武汉光谷店地址,2025-08-12,44.8元/斤,true
SL0070,P0070,盒马鲜生,上海浦东店,上海浦东店地址,2025-10-26,24.2元/斤,true
SL0071,P0071,天猫超市,线上商城,线上商城,2025-11-14,42.5元/斤,true
SL0072,P0072,物美超市,天津南开店,天津南开店地址,2025-09-27,44.9元/斤,true
SL0073,P0073,京东自营,线上商城,线上商城,2025-08-20,5.8元/斤,true
SL0074,P0074,永辉超市,南京新街口店,南京新街口店地址,2025-11-03,41.1元/斤,true
SL0075,P0075,天猫超市,线上商城,线上商城,2025-08-28,33.5元/斤,true
SL0076,P0076,物美超市,北京丰台店,北京丰台店地址,2025-10-21,4.1元/斤,true
SL0077,P0077,大润发,无锡店,无锡店地址,2025-08-01,44.1元/斤,true
SL0078,P0078,物美超市,天津南开店,天津南开店地址,2025-10-03,37.4元/斤,true
SL0079,P0079,大润发,苏州店,苏州店地址,2025-12-24,35.6元/斤,true
SL0080,P0080,京东自营,线上商城,线上商城,2025-09-08,29.8元/斤,true
SL0081,P0081,永辉超市,成都春熙店,成都春熙店地址,2025-10-03,36.9元/斤,true
SL0082,P0082,大润发,杭州店,杭州店地址,2025-10-23,24.2元/斤,true
SL0083,P0083,永辉超市,南京新街口店,南京新街口店地址,2025-08-13,41.5元/斤,true
SL0084,P0084,天猫超市,线上商城,线上商城,2025-09-14,41.7元/斤,true
SL0085,P0085,京东自营,线上商城,线上商城,2025-08-08,47.7元/斤,true
SL0086,P0086,永辉超市,南京新街口店,南京新街口店地址,2025-12-23,31.5元/斤,true
SL0087,P0087,盒马鲜生,广州天河店,广州天河店地址,2025-08-18,2.1元/斤,true
SL0088,P0088,天猫超市,线上商城,线上商城,2025-10-18,37.6元/斤,true
SL0089,P0089,大润发,无锡店,无锡店地址,2025-12-12,43.4元/斤,true
SL0090,P0090,天猫超市,线上商城,线上商城,2025-10-13,3.4元/斤,true
SL0091,P0091,永辉超市,成都春熙店,成都春熙店地址,2025-11-17,15.2元/斤,true
SL0092,P0092,华润万家,东莞店,东莞店地址,2025-09-14,16.7元/斤,true
SL0093,P0093,永辉超市,成都春熙店,成都春熙店地址,2025-10-21,25.1元/斤,true
SL0094,P0094,永辉超市,武汉光谷店,武汉光谷店地址,2025-09-26,39.0元/斤,true
SL0095,P0095,永辉超市,西安高新店,西安高新店地址,2025-11-14,48.0元/斤,true
SL0096,P0096,大润发,苏州店,苏州店地址,2025-08-16,7.2元/斤,true
SL0097,P0097,物美超市,北京丰台店,北京丰台店地址,2025-12-24,39.3元/斤,false
SL0098,P0098,物美超市,天津南开店,天津南开店地址,2025-09-18,27.8元/斤,true
SL0099,P0099,盒马鲜生,北京朝阳店,北京朝阳店地址,2025-11-01,28.0元/斤,true
SL0100,P0100,京东自营,线上商城,线上商城,2025-12-13,27.6元/斤,true
SL0101,P0101,京东自营,线上商城,线上商城,2025-09-17,10.7元/斤,true
SL0102,P0102,京东自营,线上商城,线上商城,2025-12-13,27.4元/斤,true
SL0103,P0103,大润发,无锡店,无锡店地址,2025-09-11,3.4元/斤,true
SL0104,P0104,永辉超市,武汉光谷店,武汉光谷店地址,2025-09-19,11.7元/斤,true
SL0105,P0105,物美超市,天津南开店,天津南开店地址,2025-08-11,44.3元/斤,true
SL0106,P0106,华润万家,广州店,广州店地址,2025-09-20,14.1元/斤,true
SL0107,P0107,天猫超市,线上商城,线上商城,2025-12-25,40.9元/斤,true
SL0108,P0108,盒马鲜生,广州天河店,广州天河店地址,2025-08-03,31.4元/斤,true
SL0109,P0109,盒马鲜生,上海浦东店,上海浦东店地址,2025-12-10,34.2元/斤,true
SL0110,P0110,天猫超市,线上商城,线上商城,2025-12-13,49.7元/斤,true
SL0111,P0111,京东自营,线上商城,线上商城,2025-11-04,48.3元/斤,true
SL0112,P0112,永辉超市,武汉光谷店,武汉光谷店地址,2025-08-11,23.9元/斤,true
SL0113,P0113,物美超市,北京丰台店,北京丰台店地址,2025-08-15,24.9元/斤,true
SL0114,P0114,永辉超市,西安高新店,西安高新店地址,2025-08-27,43.6元/斤,true
SL0115,P0115,大润发,无锡店,无锡店地址,2025-10-20,23.9元/斤,true
SL0116,P0116,物美超市,北京丰台店,北京丰台店地址,2025-09-21,27.9元/斤,true
SL0117,P0117,大润发,苏州店,苏州店地址,2025-11-20,10.5元/斤,true
SL0118,P0118,大润发,杭州店,杭州店地址,2025-12-02,36.1元/斤,true
SL0119,P0119,大润发,苏州店,苏州店地址,2025-11-10,37.8元/斤,true
SL0120,P0120,盒马鲜生,上海浦东店,上海浦东店地址,2025-10-23,2.7元/斤,true
SL0121,P0121,盒马鲜生,广州天河店,广州天河店地址,2025-09-04,23.0元/斤,true
SL0122,P0122,永辉超市,武汉光谷店,武汉光谷店地址,2025-09-25,15.5元/斤,true
SL0123,P0123,华润万家,深圳店,深圳店地址,2025-10-16,36.9元/斤,true
SL0124,P0124,大润发,苏州店,苏州店地址,2025-10-04,43.1元/斤,true
SL0125,P0125,大润发,杭州店,杭州店地址,2025-08-22,31.6元/斤,true
SL0126,P0126,京东自营,线上商城,线上商城,2025-12-12,11.5元/斤,true
SL0127,P0127,华润万家,东莞店,东莞店地址,2025-11-19,36.5元/斤,true
SL0128,P0128,华润万家,东莞店,东莞店地址,2025-08-09,33.7元/斤,true
SL0129,P0129,盒马鲜生,深圳南山店,深圳南山店地址,2025-11-16,10.8元/斤,true
SL0130,P0130,物美超市,北京丰台店,北京丰台店地址,2025-10-26,22.6元/斤,true
SL0131,P0131,大润发,无锡店,无锡店地址,2025-09-12,34.8元/斤,true
SL0132,P0132,华润万家,深圳店,深圳店地址,2025-10-19,2.9元/斤,true
SL0133,P0133,天猫超市,线上商城,线上商城,2025-12-13,6.8元/斤,true
SL0134,P0134,京东自营,线上商城,线上商城,2025-09-23,20.8元/斤,true
SL0135,P0135,永辉超市,南京新街口店,南京新街口店地址,2025-10-12,41.1元/斤,true
SL0136,P0136,永辉超市,成都春熙店,成都春熙店地址,2025-09-28,24.7元/斤,true
SL0137,P0137,天猫超市,线上商城,线上商城,2025-09-19,44.9元/斤,true
SL0138,P0138,华润万家,深圳店,深圳店地址,2025-11-22,21.4元/斤,true
SL0139,P0139,天猫超市,线上商城,线上商城,2025-11-28,45.2元/斤,true
SL0140,P0140,华润万家,深圳店,深圳店地址,2025-11-06,22.8元/斤,true
SL0141,P0141,天猫超市,线上商城,线上商城,2025-09-16,42.3元/斤,true
SL0142,P0142,盒马鲜生,广州天河店,广州天河店地址,2025-10-04,48.7元/斤,true
SL0143,P0143,华润万家,深圳店,深圳店地址,2025-09-05,4.2元/斤,true
SL0144,P0144,天猫超市,线上商城,线上商城,2025-11-12,16.4元/斤,true
SL0145,P0145,物美超市,北京海淀店,北京海淀店地址,2025-10-09,16.5元/斤,true
SL0146,P0146,盒马鲜生,北京朝阳店,北京朝阳店地址,2025-09-25,26.1元/斤,true
SL0147,P0147,永辉超市,成都春熙店,成都春熙店地址,2025-10-08,3.9元/斤,true
SL0148,P0148,天猫超市,线上商城,线上商城,2025-09-28,45.7元/斤,true
SL0149,P0149,京东自营,线上商城,线上商城,2025-09-03,47.2元/斤,true
SL0150,P0150,华润万家,深圳店,深圳店地址,2025-11-04,28.3元/斤,true
SL0151,P0151,天猫超市,线上商城,线上商城,2025-08-06,48.0元/斤,true
SL0152,P0152,天猫超市,线上商城,线上商城,2025-10-05,43.3元/斤,true
SL0153,P0153,大润发,杭州店,杭州店地址,2025-11-03,14.6元/斤,true
SL0154,P0154,物美超市,北京丰台店,北京丰台店地址,2025-10-20,11.5元/斤,true
SL0155,P0155,大润发,杭州店,杭州店地址,2025-09-28,11.6元/斤,true
SL0156,P0156,华润万家,深圳店,深圳店地址,2025-11-06,26.9元/斤,true
SL0157,P0157,永辉超市,南京新街口店,南京新街口店地址,2025-11-14,40.7元/斤,true
SL0158,P0158,京东自营,线上商城,线上商城,2025-08-11,3.2元/斤,true
SL0159,P0159,物美超市,天津南开店,天津南开店地址,2025-12-02,5.7元/斤,true
SL0160,P0160,大润发,杭州店,杭州店地址,2025-10-20,5.3元/斤,true
SL0161,P0161,大润发,无锡店,无锡店地址,2025-11-11,2.1元/斤,true
SL0162,P0162,大润发,无锡店,无锡店地址,2025-11-07,18.1元/斤,true
SL0163,P0163,京东自营,线上商城,线上商城,2025-11-23,30.2元/斤,true
SL0164,P0164,大润发,无锡店,无锡店地址,2025-12-08,17.9元/斤,true
SL0165,P0165,物美超市,天津南开店,天津南开店地址,2025-10-11,39.8元/斤,true
SL0166,P0166,大润发,苏州店,苏州店地址,2025-12-09,18.3元/斤,false
SL0167,P0167,物美超市,天津南开店,天津南开店地址,2025-09-16,22.2元/斤,true
SL0168,P0168,华润万家,深圳店,深圳店地址,2025-09-07,24.7元/斤,true
SL0169,P0169,盒马鲜生,北京朝阳店,北京朝阳店地址,2025-11-22,11.3元/斤,true
SL0170,P0170,物美超市,天津南开店,天津南开店地址,2025-09-25,26.6元/斤,true
SL0171,P0171,大润发,无锡店,无锡店地址,2025-10-14,9.4元/斤,true
SL0172,P0172,盒马鲜生,深圳南山店,深圳南山店地址,2025-10-01,12.7元/斤,true
SL0173,P0173,物美超市,天津南开店,天津南开店地址,2025-08-02,37.6元/斤,true
SL0174,P0174,京东自营,线上商城,线上商城,2025-12-03,19.5元/斤,true
SL0175,P0175,盒马鲜生,深圳南山店,深圳南山店地址,2025-12-23,47.6元/斤,true
SL0176,P0176,天猫超市,线上商城,线上商城,2025-08-26,35.3元/斤,true
SL0177,P0177,京东自营,线上商城,线上商城,2025-11-07,45.4元/斤,true
SL0178,P0178,天猫超市,线上商城,线上商城,2025-09-26,45.0元/斤,true
SL0179,P0179,盒马鲜生,深圳南山店,深圳南山店地址,2025-10-17,10.1元/斤,true
SL0180,P0180,天猫超市,线上商城,线上商城,2025-10-15,29.6元/斤,true
SL0181,P0181,天猫超市,线上商城,线上商城,2025-10-20,18.9元/斤,true
SL0182,P0182,永辉超市,成都春熙店,成都春熙店地址,2025-12-17,10.2元/斤,true
SL0183,P0183,盒马鲜生,北京朝阳店,北京朝阳店地址,2025-12-15,15.9元/斤,true
SL0184,P0184,物美超市,北京丰台店,北京丰台店地址,2025-09-13,2.4元/斤,true
SL0185,P0185,永辉超市,西安高新店,西安高新店地址,2025-08-06,9.0元/斤,true
SL0186,P0186,永辉超市,成都春熙店,成都春熙店地址,2025-09-07,29.7元/斤,true
SL0187,P0187,大润发,杭州店,杭州店地址,2025-10-18,3.1元/斤,true
SL0188,P0188,华润万家,深圳店,深圳店地址,2025-12-14,46.7元/斤,true
SL0189,P0189,京东自营,线上商城,线上商城,2025-09-04,2.2元/斤,true
SL0190,P0190,大润发,无锡店,无锡店地址,2025-12-24,3.3元/斤,true
SL0191,P0191,永辉超市,成都春熙店,成都春熙店地址,2025-10-16,16.9元/斤,true
SL0192,P0192,大润发,无锡店,无锡店地址,2025-08-15,23.3元/斤,true
SL0193,P0193,永辉超市,武汉光谷店,武汉光谷店地址,2025-12-24,41.7元/斤,true
SL0194,P0194,永辉超市,武汉光谷店,武汉光谷店地址,2025-12-04,7.6元/斤,true
SL0195,P0195,华润万家,广州店,广州店地址,2025-11-28,37.4元/斤,true
SL0196,P0196,华润万家,东莞店,东莞店地址,2025-08-27,22.6元/斤,true
SL0197,P0197,永辉超市,西安高新店,西安高新店地址,2025-08-13,49.0元/斤,true
SL0198,P0198,盒马鲜生,广州天河店,广州天河店地址,2025-12-14,25.3元/斤,true
SL0199,P0199,物美超市,北京丰台店,北京丰台店地址,2025-09-23,20.9元/斤,true
SL0200,P0200,物美超市,北京海淀店,北京海淀店地址,2025-08-04,42.6元/斤,true
SL0201,P0201,永辉超市,南京新街口店,南京新街口店地址,2025-12-17,17.1元/斤,true
SL0202,P0202,天猫超市,线上商城,线上商城,2025-10-18,23.5元/斤,true
SL0203,P0203,大润发,苏州店,苏州店地址,2025-10-03,41.6元/斤,true
SL0204,P0204,京东自营,线上商城,线上商城,2025-10-06,50.0元/斤,true
SL0205,P0205,京东自营,线上商城,线上商城,2025-09-05,16.9元/斤,true
SL0206,P0206,永辉超市,武汉光谷店,武汉光谷店地址,2025-12-23,22.2元/斤,true
SL0207,P0207,永辉超市,武汉光谷店,武汉光谷店地址,2025-12-03,15.6元/斤,true
SL0208,P0208,天猫超市,线上商城,线上商城,2025-08-20,37.2元/斤,true
SL0209,P0209,华润万家,深圳店,深圳店地址,2025-10-24,36.5元/斤,true
SL0210,P0210,盒马鲜生,北京朝阳店,北京朝阳店地址,2025-10-24,7.8元/斤,true
SL0211,P0211,天猫超市,线上商城,线上商城,2025-12-10,31.1元/斤,true
SL0212,P0212,盒马鲜生,北京朝阳店,北京朝阳店地址,2025-12-01,32.4元/斤,true
SL0213,P0213,京东自营,线上商城,线上商城,2025-11-09,42.5元/斤,true
SL0214,P0214,盒马鲜生,上海浦东店,上海浦东店地址,2025-08-23,48.2元/斤,true
SL0215,P0215,华润万家,东莞店,东莞店地址,2025-11-20,4.8元/斤,true
SL0216,P0216,天猫超市,线上商城,线上商城,2025-10-12,31.2元/斤,true
SL0217,P0217,京东自营,线上商城,线上商城,2025-08-18,34.0元/斤,true
SL0218,P0218,华润万家,广州店,广州店地址,2025-09-19,44.2元/斤,true
SL0219,P0219,物美超市,天津南开店,天津南开店地址,2025-12-26,12.3元/斤,true
SL0220,P0220,物美超市,天津南开店,天津南开店地址,2025-09-02,13.8元/斤,true
SL0221,P0221,华润万家,广州店,广州店地址,2025-12-13,2.4元/斤,true
SL0222,P0222,物美超市,北京海淀店,北京海淀店地址,2025-11-06,48.9元/斤,true
SL0223,P0223,华润万家,东莞店,东莞店地址,2025-08-03,23.2元/斤,true
SL0224,P0224,天猫超市,线上商城,线上商城,2025-08-25,16.8元/斤,true
SL0225,P0225,天猫超市,线上商城,线上商城,2025-10-19,4.3元/斤,true
SL0226,P0226,京东自营,线上商城,线上商城,2025-11-18,5.7元/斤,true
SL0227,P0227,盒马鲜生,北京朝阳店,北京朝阳店地址,2025-08-02,39.9元/斤,true
SL0228,P0228,天猫超市,线上商城,线上商城,2025-12-08,49.0元/斤,true
SL0229,P0229,天猫超市,线上商城,线上商城,2025-08-21,36.1元/斤,true
SL0230,P0230,物美超市,天津南开店,天津南开店地址,2025-08-03,12.5元/斤,true
SL0231,P0231,盒马鲜生,广州天河店,广州天河店地址,2025-12-16,7.4元/斤,true
SL0232,P0232,京东自营,线上商城,线上商城,2025-08-26,6.1元/斤,true
SL0233,P0233,华润万家,广州店,广州店地址,2025-10-05,29.0元/斤,true
SL0234,P0234,京东自营,线上商城,线上商城,2025-11-22,49.2元/斤,true
SL0235,P0235,盒马鲜生,上海浦东店,上海浦东店地址,2025-10-07,32.6元/斤,true
SL0236,P0236,大润发,无锡店,无锡店地址,2025-08-21,33.8元/斤,true
SL0237,P0237,华润万家,广州店,广州店地址,2025-09-14,19.3元/斤,true
SL0238,P0238,永辉超市,武汉光谷店,武汉光谷店地址,2025-10-27,5.7元/斤,true
SL0239,P0239,大润发,苏州店,苏州店地址,2025-09-09,25.0元/斤,true
SL0240,P0240,大润发,无锡店,无锡店地址,2025-12-17,3.9元/斤,true
SL0241,P0241,永辉超市,西安高新店,西安高新店地址,2025-11-04,11.5元/斤,true
SL0242,P0242,大润发,杭州店,杭州店地址,2025-10-14,3.4元/斤,true
SL0243,P0243,盒马鲜生,深圳南山店,深圳南山店地址,2025-12-26,28.3元/斤,true
SL0244,P0244,盒马鲜生,上海浦东店,上海浦东店地址,2025-09-10,27.5元/斤,true
SL0245,P0245,华润万家,广州店,广州店地址,2025-09-04,43.2元/斤,true
SL0246,P0246,天猫超市,线上商城,线上商城,2025-08-02,41.0元/斤,true
SL0247,P0247,大润发,无锡店,无锡店地址,2025-09-17,9.9元/斤,true
SL0248,P0248,大润发,无锡店,无锡店地址,2025-12-17,47.7元/斤,true
SL0249,P0249,大润发,杭州店,杭州店地址,2025-10-02,17.8元/斤,true
SL0250,P0250,永辉超市,武汉光谷店,武汉光谷店地址,2025-12-17,46.1元/斤,true
SL0251,P0251,华润万家,东莞店,东莞店地址,2025-09-15,2.3元/斤,true
SL0252,P0252,天猫超市,线上商城,线上商城,2025-09-02,13.3元/斤,true
SL0253,P0253,物美超市,北京丰台店,北京丰台店地址,2025-10-24,14.3元/斤,true
SL0254,P0254,大润发,苏州店,苏州店地址,2025-09-24,2.4元/斤,true
SL0255,P0255,物美超市,天津南开店,天津南开店地址,2025-09-21,49.1元/斤,true
SL0256,P0256,永辉超市,南京新街口店,南京新街口店地址,2025-11-15,29.3元/斤,true
SL0257,P0257,盒马鲜生,上海浦东店,上海浦东店地址,2025-08-24,43.5元/斤,true
SL0258,P0258,永辉超市,南京新街口店,南京新街口店地址,2025-08-02,10.2元/斤,true
SL0259,P0259,华润万家,深圳店,深圳店地址,2025-12-04,28.2元/斤,true
SL0260,P0260,天猫超市,线上商城,线上商城,2025-10-06,7.3元/斤,true
SL0261,P0261,大润发,无锡店,无锡店地址,2025-09-25,42.4元/斤,true
SL0262,P0262,华润万家,深圳店,深圳店地址,2025-12-11,37.2元/斤,true
SL0263,P0263,盒马鲜生,北京朝阳店,北京朝阳店地址,2025-08-26,11.0元/斤,true
SL0264,P0264,天猫超市,线上商城,线上商城,2025-09-25,46.8元/斤,true
SL0265,P0265,大润发,苏州店,苏州店地址,2025-12-05,28.5元/斤,true
SL0266,P0266,物美超市,北京海淀店,北京海淀店地址,2025-10-04,25.5元/斤,true
SL0267,P0267,盒马鲜生,深圳南山店,深圳南山店地址,2025-10-24,11.5元/斤,true
SL0268,P0268,华润万家,深圳店,深圳店地址,2025-12-02,47.8元/斤,true
SL0269,P0269,物美超市,北京海淀店,北京海淀店地址,2025-11-14,40.9元/斤,true
SL0270,P0270,天猫超市,线上商城,线上商城,2025-11-18,38.2元/斤,true
SL0271,P0271,京东自营,线上商城,线上商城,2025-12-20,35.1元/斤,true
SL0272,P0272,永辉超市,西安高新店,西安高新店地址,2025-11-07,43.6元/斤,true
SL0273,P0273,大润发,杭州店,杭州店地址,2025-10-16,12.8元/斤,true
SL0274,P0274,物美超市,北京海淀店,北京海淀店地址,2025-08-13,47.5元/斤,true
SL0275,P0275,大润发,苏州店,苏州店地址,2025-10-04,31.7元/斤,true
SL0276,P0276,京东自营,线上商城,线上商城,2025-08-07,25.5元/斤,true
SL0277,P0277,天猫超市,线上商城,线上商城,2025-11-19,47.6元/斤,true
SL0278,P0278,大润发,无锡店,无锡店地址,2025-12-24,49.6元/斤,true
SL0279,P0279,天猫超市,线上商城,线上商城,2025-09-24,10.2元/斤,true
SL0280,P0280,大润发,苏州店,苏州店地址,2025-11-24,25.1元/斤,true
SL0281,P0281,大润发,无锡店,无锡店地址,2025-09-16,39.0元/斤,true
SL0282,P0282,物美超市,北京海淀店,北京海淀店地址,2025-09-06,28.9元/斤,true
SL0283,P0283,京东自营,线上商城,线上商城,2025-09-06,30.4元/斤,true
SL0284,P0284,物美超市,北京丰台店,北京丰台店地址,2025-08-09,44.9元/斤,true
SL0285,P0285,京东自营,线上商城,线上商城,2025-10-07,8.7元/斤,true
SL0286,P0286,永辉超市,西安高新店,西安高新店地址,2025-11-05,36.3元/斤,true
SL0287,P0287,天猫超市,线上商城,线上商城,2025-08-17,29.3元/斤,true
SL0288,P0288,物美超市,北京海淀店,北京海淀店地址,2025-11-21,39.4元/斤,true
SL0289,P0289,大润发,苏州店,苏州店地址,2025-09-20,21.0元/斤,true
SL0290,P0290,永辉超市,武汉光谷店,武汉光谷店地址,2025-11-04,10.5元/斤,true
SL0291,P0291,盒马鲜生,北京朝阳店,北京朝阳店地址,2025-08-27,34.7元/斤,true
SL0292,P0292,盒马鲜生,深圳南山店,深圳南山店地址,2025-11-08,4.9元/斤,true
SL0293,P0293,京东自营,线上商城,线上商城,2025-11-03,25.3元/斤,true
SL0294,P0294,大润发,杭州店,杭州店地址,2025-11-21,37.2元/斤,true
SL0295,P0295,盒马鲜生,上海浦东店,上海浦东店地址,2025-11-11,40.0元/斤,true
SL0296,P0296,天猫超市,线上商城,线上商城,2025-10-09,37.8元/斤,true
SL0297,P0297,天猫超市,线上商城,线上商城,2025-12-28,47.2元/斤,true
SL0298,P0298,大润发,杭州店,杭州店地址,2025-09-21,4.7元/斤,true
SL0299,P0299,永辉超市,成都春熙店,成都春熙店地址,2025-11-07,23.3元/斤,true
SL0300,P0300,大润发,杭州店,杭州店地址,2025-09-04,25.3元/斤,true
SL0301,P0301,永辉超市,成都春熙店,成都春熙店地址,2025-09-18,33.7元/斤,true
SL0302,P0302,盒马鲜生,北京朝阳店,北京朝阳店地址,2025-09-03,3.6元/斤,true
SL0303,P0303,京东自营,线上商城,线上商城,2025-08-13,5.7元/斤,true
SL0304,P0304,物美超市,北京丰台店,北京丰台店地址,2025-09-21,16.6元/斤,true
SL0305,P0305,天猫超市,线上商城,线上商城,2025-09-19,39.8元/斤,true
SL0306,P0306,盒马鲜生,广州天河店,广州天河店地址,2025-11-04,8.7元/斤,true
SL0307,P0307,天猫超市,线上商城,线上商城,2025-09-20,16.3元/斤,true
SL0308,P0308,华润万家,深圳店,深圳店地址,2025-09-10,37.8元/斤,true
SL0309,P0309,天猫超市,线上商城,线上商城,2025-09-06,39.9元/斤,true
SL0310,P0310,物美超市,天津南开店,天津南开店地址,2025-08-07,4.5元/斤,true
SL0311,P0311,大润发,无锡店,无锡店地址,2025-10-23,30.8元/斤,true
SL0312,P0312,天猫超市,线上商城,线上商城,2025-10-15,11.0元/斤,true
SL0313,P0313,天猫超市,线上商城,线上商城,2025-12-11,18.4元/斤,true
SL0314,P0314,天猫超市,线上商城,线上商城,2025-12-17,34.4元/斤,true
SL0315,P0315,大润发,无锡店,无锡店地址,2025-12-13,7.4元/斤,true
SL0316,P0316,物美超市,天津南开店,天津南开店地址,2025-12-09,28.6元/斤,true
SL0317,P0317,永辉超市,武汉光谷店,武汉光谷店地址,2025-12-24,8.6元/斤,true
SL0318,P0318,京东自营,线上商城,线上商城,2025-10-08,13.2元/斤,true
SL0319,P0319,物美超市,北京海淀店,北京海淀店地址,2025-09-25,43.7元/斤,true
SL0320,P0320,盒马鲜生,上海浦东店,上海浦东店地址,2025-12-19,43.0元/斤,true
SL0321,P0321,永辉超市,武汉光谷店,武汉光谷店地址,2025-08-04,33.7元/斤,true
SL0322,P0322,天猫超市,线上商城,线上商城,2025-09-11,40.9元/斤,true
SL0323,P0323,华润万家,东莞店,东莞店地址,2025-11-04,27.8元/斤,true
SL0324,P0324,华润万家,广州店,广州店地址,2025-11-17,6.5元/斤,true
SL0325,P0325,盒马鲜生,北京朝阳店,北京朝阳店地址,2025-10-06,37.0元/斤,true
SL0326,P0326,大润发,苏州店,苏州店地址,2025-11-03,40.4元/斤,true
SL0327,P0327,京东自营,线上商城,线上商城,2025-09-24,6.3元/斤,true
SL0328,P0328,物美超市,北京丰台店,北京丰台店地址,2025-11-11,22.9元/斤,true
SL0329,P0329,华润万家,东莞店,东莞店地址,2025-09-14,45.3元/斤,true
SL0330,P0330,永辉超市,成都春熙店,成都春熙店地址,2025-09-14,32.7元/斤,false
SL0331,P0331,天猫超市,线上商城,线上商城,2025-09-04,20.9元/斤,true
SL0332,P0332,物美超市,北京丰台店,北京丰台店地址,2025-10-19,10.5元/斤,true
SL0333,P0333,物美超市,北京海淀店,北京海淀店地址,2025-09-18,13.0元/斤,true
SL0334,P0334,京东自营,线上商城,线上商城,2025-12-13,7.3元/斤,true
SL0335,P0335,永辉超市,武汉光谷店,武汉光谷店地址,2025-08-19,9.0元/斤,true
SL0336,P0336,盒马鲜生,广州天河店,广州天河店地址,2025-08-24,40.7元/斤,true
SL0337,P0337,天猫超市,线上商城,线上商城,2025-11-11,16.7元/斤,true
SL0338,P0338,华润万家,广州店,广州店地址,2025-10-05,18.4元/斤,true
SL0339,P0339,京东自营,线上商城,线上商城,2025-11-27,22.8元/斤,true
SL0340,P0340,物美超市,天津南开店,天津南开店地址,2025-09-02,5.8元/斤,true
SL0341,P0341,华润万家,广州店,广州店地址,2025-12-01,36.9元/斤,true
SL0342,P0342,物美超市,天津南开店,天津南开店地址,2025-11-17,27.2元/斤,true
SL0343,P0343,京东自营,线上商城,线上商城,2025-12-20,43.8元/斤,true
SL0344,P0344,永辉超市,成都春熙店,成都春熙店地址,2025-11-20,10.3元/斤,true
SL0345,P0345,华润万家,广州店,广州店地址,2025-09-05,47.4元/斤,true
SL0346,P0346,大润发,无锡店,无锡店地址,2025-08-08,15.4元/斤,true
SL0347,P0347,物美超市,天津南开店,天津南开店地址,2025-10-24,43.8元/斤,true
SL0348,P0348,京东自营,线上商城,线上商城,2025-12-22,13.3元/斤,false
SL0349,P0349,物美超市,天津南开店,天津南开店地址,2025-08-09,26.0元/斤,true
SL0350,P0350,大润发,苏州店,苏州店地址,2025-12-25,3.7元/斤,true
SL0351,P0351,京东自营,线上商城,线上商城,2025-08-05,27.1元/斤,true
SL0352,P0352,京东自营,线上商城,线上商城,2025-12-08,30.0元/斤,true
SL0353,P0353,华润万家,广州店,广州店地址,2025-11-13,36.7元/斤,true
SL0354,P0354,京东自营,线上商城,线上商城,2025-11-21,14.5元/斤,true
SL0355,P0355,天猫超市,线上商城,线上商城,2025-12-08,24.3元/斤,true
SL0356,P0356,大润发,苏州店,苏州店地址,2025-11-16,25.1元/斤,true
SL0357,P0357,永辉超市,南京新街口店,南京新街口店地址,2025-11-07,47.8元/斤,true
SL0358,P0358,天猫超市,线上商城,线上商城,2025-10-07,27.0元/斤,true
SL0359,P0359,盒马鲜生,上海浦东店,上海浦东店地址,2025-12-02,49.7元/斤,true
SL0360,P0360,华润万家,深圳店,深圳店地址,2025-08-15,25.2元/斤,true
SL0361,P0361,天猫超市,线上商城,线上商城,2025-12-28,12.1元/斤,true
SL0362,P0362,华润万家,东莞店,东莞店地址,2025-08-24,29.1元/斤,true
SL0363,P0363,大润发,杭州店,杭州店地址,2025-11-01,38.6元/斤,true
SL0364,P0364,永辉超市,西安高新店,西安高新店地址,2025-12-19,30.6元/斤,true
SL0365,P0365,永辉超市,南京新街口店,南京新街口店地址,2025-08-05,49.8元/斤,true
SL0366,P0366,天猫超市,线上商城,线上商城,2025-09-14,17.8元/斤,true
SL0367,P0367,物美超市,北京丰台店,北京丰台店地址,2025-08-20,5.4元/斤,true
SL0368,P0368,盒马鲜生,深圳南山店,深圳南山店地址,2025-11-01,19.9元/斤,true
SL0369,P0369,京东自营,线上商城,线上商城,2025-10-15,36.4元/斤,true
SL0370,P0370,大润发,苏州店,苏州店地址,2025-08-14,44.2元/斤,true
SL0371,P0371,物美超市,北京海淀店,北京海淀店地址,2025-12-16,47.2元/斤,true
SL0372,P0372,盒马鲜生,深圳南山店,深圳南山店地址,2025-11-19,48.7元/斤,true
SL0373,P0373,华润万家,深圳店,深圳店地址,2025-08-28,3.8元/斤,true
SL0374,P0374,京东自营,线上商城,线上商城,2025-10-04,28.3元/斤,true
SL0375,P0375,大润发,苏州店,苏州店地址,2025-11-08,6.8元/斤,true
SL0376,P0376,天猫超市,线上商城,线上商城,2025-09-13,38.4元/斤,true
SL0377,P0377,天猫超市,线上商城,线上商城,2025-11-12,17.6元/斤,true
SL0378,P0378,华润万家,深圳店,深圳店地址,2025-08-19,19.1元/斤,true
SL0379,P0379,盒马鲜生,广州天河店,广州天河店地址,2025-12-20,2.7元/斤,true
SL0380,P0380,永辉超市,成都春熙店,成都春熙店地址,2025-10-27,15.0元/斤,true
SL0381,P0381,华润万家,广州店,广州店地址,2025-10-18,26.0元/斤,true
SL0382,P0382,物美超市,北京海淀店,北京海淀店地址,2025-09-14,40.0元/斤,true
SL0383,P0383,华润万家,东莞店,东莞店地址,2025-10-19,38.2元/斤,true
SL0384,P0384,天猫超市,线上商城,线上商城,2025-09-15,6.6元/斤,true
SL0385,P0385,京东自营,线上商城,线上商城,2025-09-25,13.9元/斤,true
SL0386,P0386,京东自营,线上商城,线上商城,2025-12-27,11.6元/斤,true
SL0387,P0387,天猫超市,线上商城,线上商城,2025-08-21,34.7元/斤,true
SL0388,P0388,永辉超市,西安高新店,西安高新店地址,2025-10-15,37.4元/斤,true
SL0389,P0389,天猫超市,线上商城,线上商城,2025-08-21,26.8元/斤,true
SL0390,P0390,永辉超市,西安高新店,西安高新店地址,2025-09-14,17.0元/斤,true
SL0391,P0391,京东自营,线上商城,线上商城,2025-11-04,33.0元/斤,true
SL0392,P0392,物美超市,北京海淀店,北京海淀店地址,2025-09-09,40.8元/斤,true
SL0393,P0393,盒马鲜生,上海浦东店,上海浦东店地址,2025-12-22,15.4元/斤,true
SL0394,P0394,大润发,无锡店,无锡店地址,2025-10-11,17.9元/斤,true
SL0395,P0395,永辉超市,成都春熙店,成都春熙店地址,2025-12-27,39.4元/斤,true
SL0396,P0396,京东自营,线上商城,线上商城,2025-11-22,24.4元/斤,true
SL0397,P0397,盒马鲜生,深圳南山店,深圳南山店地址,2025-12-04,29.9元/斤,true
SL0398,P0398,物美超市,天津南开店,天津南开店地址,2025-10-18,48.7元/斤,true
SL0399,P0399,京东自营,线上商城,线上商城,2025-11-11,10.8元/斤,true
SL0400,P0400,永辉超市,南京新街口店,南京新街口店地址,2025-11-26,22.0元/斤,true
SL0401,P0401,物美超市,天津南开店,天津南开店地址,2025-12-13,43.4元/斤,true
SL0402,P0402,京东自营,线上商城,线上商城,2025-10-06,28.2元/斤,true
SL0403,P0403,盒马鲜生,北京朝阳店,北京朝阳店地址,2025-08-21,39.8元/斤,true
SL0404,P0404,华润万家,东莞店,东莞店地址,2025-08-13,21.6元/斤,true
SL0405,P0405,京东自营,线上商城,线上商城,2025-08-23,27.0元/斤,true
SL0406,P0406,京东自营,线上商城,线上商城,2025-09-16,33.6元/斤,true
SL0407,P0407,永辉超市,武汉光谷店,武汉光谷店地址,2025-10-12,27.8元/斤,true
SL0408,P0408,物美超市,北京海淀店,北京海淀店地址,2025-11-09,33.3元/斤,true
SL0409,P0409,永辉超市,成都春熙店,成都春熙店地址,2025-12-28,26.5元/斤,true
SL0410,P0410,盒马鲜生,深圳南山店,深圳南山店地址,2025-09-07,18.1元/斤,true
SL0411,P0411,京东自营,线上商城,线上商城,2025-12-21,47.9元/斤,true
SL0412,P0412,大润发,无锡店,无锡店地址,2025-10-17,21.8元/斤,true
SL0413,P0413,物美超市,北京丰台店,北京丰台店地址,2025-11-10,41.6元/斤,true
SL0414,P0414,天猫超市,线上商城,线上商城,2025-09-20,20.0元/斤,true
SL0415,P0415,天猫超市,线上商城,线上商城,2025-10-05,48.0元/斤,true
SL0416,P0416,永辉超市,成都春熙店,成都春熙店地址,2025-08-26,34.9元/斤,true
SL0417,P0417,华润万家,深圳店,深圳店地址,2025-11-07,9.8元/斤,true
SL0418,P0418,大润发,苏州店,苏州店地址,2025-12-14,6.2元/斤,true
SL0419,P0419,天猫超市,线上商城,线上商城,2025-11-14,41.4元/斤,true
SL0420,P0420,大润发,杭州店,杭州店地址,2025-12-25,22.8元/斤,true
SL0421,P0421,天猫超市,线上商城,线上商城,2025-10-03,39.2元/斤,true
SL0422,P0422,京东自营,线上商城,线上商城,2025-09-10,8.9元/斤,true
SL0423,P0423,盒马鲜生,深圳南山店,深圳南山店地址,2025-08-11,49.6元/斤,true
SL0424,P0424,物美超市,天津南开店,天津南开店地址,2025-08-25,20.3元/斤,true
SL0425,P0425,京东自营,线上商城,线上商城,2025-12-07,48.8元/斤,true
SL0426,P0426,京东自营,线上商城,线上商城,2025-08-27,38.0元/斤,false
SL0427,P0427,永辉超市,南京新街口店,南京新街口店地址,2025-11-23,34.6元/斤,true
SL0428,P0428,京东自营,线上商城,线上商城,2025-10-19,16.0元/斤,true
SL0429,P0429,物美超市,北京海淀店,北京海淀店地址,2025-10-11,40.0元/斤,true
SL0430,P0430,天猫超市,线上商城,线上商城,2025-08-22,30.3元/斤,true
SL0431,P0431,京东自营,线上商城,线上商城,2025-09-24,28.7元/斤,true
SL0432,P0432,永辉超市,西安高新店,西安高新店地址,2025-09-13,26.8元/斤,true
SL0433,P0433,盒马鲜生,深圳南山店,深圳南山店地址,2025-11-08,37.7元/斤,true
SL0434,P0434,盒马鲜生,深圳南山店,深圳南山店地址,2025-12-20,3.9元/斤,true
SL0435,P0435,天猫超市,线上商城,线上商城,2025-10-15,39.9元/斤,true
SL0436,P0436,天猫超市,线上商城,线上商城,2025-11-10,9.8元/斤,true
SL0437,P0437,永辉超市,成都春熙店,成都春熙店地址,2025-10-06,41.8元/斤,true
SL0438,P0438,京东自营,线上商城,线上商城,2025-09-22,2.7元/斤,true
SL0439,P0439,天猫超市,线上商城,线上商城,2025-10-12,32.8元/斤,true
SL0440,P0440,天猫超市,线上商城,线上商城,2025-12-04,48.7元/斤,true
SL0441,P0441,盒马鲜生,上海浦东店,上海浦东店地址,2025-09-10,5.7元/斤,true
SL0442,P0442,物美超市,北京海淀店,北京海淀店地址,2025-09-12,34.4元/斤,true
SL0443,P0443,盒马鲜生,上海浦东店,上海浦东店地址,2025-11-28,45.8元/斤,true
SL0444,P0444,大润发,杭州店,杭州店地址,2025-11-26,7.7元/斤,true
SL0445,P0445,华润万家,东莞店,东莞店地址,2025-12-06,12.2元/斤,false
SL0446,P0446,天猫超市,线上商城,线上商城,2025-09-05,4.2元/斤,true
SL0447,P0447,盒马鲜生,上海浦东店,上海浦东店地址,2025-11-09,40.9元/斤,true
SL0448,P0448,永辉超市,武汉光谷店,武汉光谷店地址,2025-10-25,15.3元/斤,true
SL0449,P0449,华润万家,深圳店,深圳店地址,2025-11-02,4.3元/斤,true
SL0450,P0450,天猫超市,线上商城,线上商城,2025-10-20,4.9元/斤,true
SL0451,P0451,物美超市,北京海淀店,北京海淀店地址,2025-11-02,36.7元/斤,true
SL0452,P0452,天猫超市,线上商城,线上商城,2025-08-22,25.0元/斤,true
SL0453,P0453,盒马鲜生,上海浦东店,上海浦东店地址,2025-10-09,8.8元/斤,true
SL0454,P0454,大润发,苏州店,苏州店地址,2025-10-16,44.5元/斤,true
SL0455,P0455,大润发,无锡店,无锡店地址,2025-11-23,35.7元/斤,true
SL0456,P0456,大润发,无锡店,无锡店地址,2025-12-08,15.6元/斤,true
SL0457,P0457,永辉超市,成都春熙店,成都春熙店地址,2025-10-04,10.1元/斤,true
SL0458,P0458,大润发,无锡店,无锡店地址,2025-08-16,44.3元/斤,true
SL0459,P0459,大润发,苏州店,苏州店地址,2025-08-24,40.2元/斤,true
SL0460,P0460,永辉超市,武汉光谷店,武汉光谷店地址,2025-12-11,32.7元/斤,true
SL0461,P0461,天猫超市,线上商城,线上商城,2025-10-04,23.0元/斤,true
SL0462,P0462,盒马鲜生,上海浦东店,上海浦东店地址,2025-08-09,26.7元/斤,true
SL0463,P0463,永辉超市,西安高新店,西安高新店地址,2025-12-13,8.4元/斤,true
SL0464,P0464,天猫超市,线上商城,线上商城,2025-09-12,6.8元/斤,true
SL0465,P0465,物美超市,天津南开店,天津南开店地址,2025-09-01,5.2元/斤,true
SL0466,P0466,永辉超市,南京新街口店,南京新街口店地址,2025-11-01,15.6元/斤,true
SL0467,P0467,大润发,苏州店,苏州店地址,2025-08-05,28.0元/斤,true
SL0468,P0468,大润发,苏州店,苏州店地址,2025-10-05,22.7元/斤,true
SL0469,P0469,永辉超市,南京新街口店,南京新街口店地址,2025-09-19,3.0元/斤,true
SL0470,P0470,京东自营,线上商城,线上商城,2025-11-28,46.9元/斤,true
SL0471,P0471,京东自营,线上商城,线上商城,2025-10-07,24.3元/斤,true
SL0472,P0472,物美超市,北京海淀店,北京海淀店地址,2025-11-13,12.6元/斤,true
SL0473,P0473,盒马鲜生,上海浦东店,上海浦东店地址,2025-10-06,37.7元/斤,true
SL0474,P0474,物美超市,北京丰台店,北京丰台店地址,2025-08-04,26.2元/斤,true
SL0475,P0475,京东自营,线上商城,线上商城,2025-09-23,39.2元/斤,true
SL0476,P0476,盒马鲜生,广州天河店,广州天河店地址,2025-12-16,29.4元/斤,true
SL0477,P0477,永辉超市,成都春熙店,成都春熙店地址,2025-11-11,43.3元/斤,true
SL0478,P0478,天猫超市,线上商城,线上商城,2025-08-18,4.4元/斤,true
SL0479,P0479,华润万家,东莞店,东莞店地址,2025-11-25,10.8元/斤,true
SL0480,P0480,永辉超市,武汉光谷店,武汉光谷店地址,2025-09-06,42.3元/斤,true
SL0481,P0481,天猫超市,线上商城,线上商城,2025-09-22,42.5元/斤,true
SL0482,P0482,天猫超市,线上商城,线上商城,2025-09-24,15.8元/斤,true
SL0483,P0483,天猫超市,线上商城,线上商城,2025-08-02,26.0元/斤,true
SL0484,P0484,京东自营,线上商城,线上商城,2025-09-21,24.7元/斤,true
SL0485,P0485,华润万家,深圳店,深圳店地址,2025-11-05,27.2元/斤,true
SL0486,P0486,天猫超市,线上商城,线上商城,2025-10-13,20.6元/斤,false
SL0487,P0487,华润万家,东莞店,东莞店地址,2025-09-24,7.8元/斤,true
SL0488,P0488,大润发,无锡店,无锡店地址,2025-08-12,5.1元/斤,true
SL0489,P0489,物美超市,北京丰台店,北京丰台店地址,2025-11-07,44.0元/斤,true
SL0490,P0490,盒马鲜生,广州天河店,广州天河店地址,2025-11-15,25.8元/斤,true
SL0491,P0491,京东自营,线上商城,线上商城,2025-09-06,33.5元/斤,true
SL0492,P0492,盒马鲜生,深圳南山店,深圳南山店地址,2025-10-15,8.4元/斤,true
SL0493,P0493,天猫超市,线上商城,线上商城,2025-12-01,13.2元/斤,true
SL0494,P0494,天猫超市,线上商城,线上商城,2025-08-18,20.8元/斤,true
SL0495,P0495,物美超市,天津南开店,天津南开店地址,2025-10-26,33.8元/斤,true
SL0496,P0496,物美超市,北京海淀店,北京海淀店地址,2025-08-12,13.4元/斤,true
SL0497,P0497,华润万家,广州店,广州店地址,2025-11-06,45.0元/斤,true
SL0498,P0498,物美超市,天津南开店,天津南开店地址,2025-12-22,2.1元/斤,true
SL0499,P0499,盒马鲜生,广州天河店,广州天河店地址,2025-08-07,39.1元/斤,true
SL0500,P0500,永辉超市,南京新街口店,南京新街口店地址,2025-10-28,26.3元/斤,true
SL0501,P0501,华润万家,深圳店,深圳店地址,2025-08-21,47.2元/斤,true
SL0502,P0502,盒马鲜生,深圳南山店,深圳南山店地址,2025-10-06,17.5元/斤,true
SL0503,P0503,华润万家,广州店,广州店地址,2025-11-14,25.4元/斤,true
SL0504,P0504,物美超市,北京海淀店,北京海淀店地址,2025-08-01,49.8元/斤,true
SL0505,P0505,盒马鲜生,北京朝阳店,北京朝阳店地址,2025-08-12,41.6元/斤,true
SL0506,P0506,京东自营,线上商城,线上商城,2025-08-12,46.3元/斤,true
SL0507,P0507,京东自营,线上商城,线上商城,2025-09-11,6.7元/斤,true
SL0508,P0508,京东自营,线上商城,线上商城,2025-09-17,32.0元/斤,true
SL0509,P0509,天猫超市,线上商城,线上商城,2025-10-16,8.7元/斤,true
SL0510,P0510,物美超市,天津南开店,天津南开店地址,2025-08-06,13.9元/斤,true
SL0511,P0511,天猫超市,线上商城,线上商城,2025-10-27,2.1元/斤,true
SL0512,P0512,京东自营,线上商城,线上商城,2025-09-01,43.2元/斤,true
SL0513,P0513,天猫超市,线上商城,线上商城,2025-08-04,14.6元/斤,true
SL0514,P0514,大润发,苏州店,苏州店地址,2025-12-25,23.7元/斤,true
SL0515,P0515,华润万家,广州店,广州店地址,2025-09-15,49.6元/斤,true
SL0516,P0516,物美超市,北京丰台店,北京丰台店地址,2025-10-15,19.5元/斤,true
SL0517,P0517,大润发,无锡店,无锡店地址,2025-10-01,21.9元/斤,true
SL0518,P0518,物美超市,天津南开店,天津南开店地址,2025-12-13,41.3元/斤,true
SL0519,P0519,大润发,杭州店,杭州店地址,2025-10-20,33.2元/斤,true
SL0520,P0520,京东自营,线上商城,线上商城,2025-10-09,41.4元/斤,true
SL0521,P0521,天猫超市,线上商城,线上商城,2025-08-02,17.6元/斤,true
SL0522,P0522,天猫超市,线上商城,线上商城,2025-09-14,7.1元/斤,true
SL0523,P0523,永辉超市,成都春熙店,成都春熙店地址,2025-10-23,14.0元/斤,true
SL0524,P0524,京东自营,线上商城,线上商城,2025-10-26,34.1元/斤,true
SL0525,P0525,天猫超市,线上商城,线上商城,2025-09-28,25.9元/斤,true
SL0526,P0526,大润发,苏州店,苏州店地址,2025-11-07,25.0元/斤,true
SL0527,P0527,天猫超市,线上商城,线上商城,2025-10-12,45.8元/斤,true
SL0528,P0528,天猫超市,线上商城,线上商城,2025-11-07,8.9元/斤,true
SL0529,P0529,京东自营,线上商城,线上商城,2025-09-21,46.7元/斤,true
SL0530,P0530,大润发,无锡店,无锡店地址,2025-12-16,35.0元/斤,true
SL0531,P0531,大润发,无锡店,无锡店地址,2025-09-06,20.9元/斤,true
SL0532,P0532,天猫超市,线上商城,线上商城,2025-11-14,28.6元/斤,true
SL0533,P0533,永辉超市,西安高新店,西安高新店地址,2025-08-03,11.7元/斤,true
SL0534,P0534,物美超市,北京海淀店,北京海淀店地址,2025-10-28,9.5元/斤,true
SL0535,P0535,大润发,无锡店,无锡店地址,2025-12-19,34.3元/斤,true
SL0536,P0536,盒马鲜生,上海浦东店,上海浦东店地址,2025-10-22,34.6元/斤,true
SL0537,P0537,天猫超市,线上商城,线上商城,2025-08-16,40.0元/斤,true
SL0538,P0538,盒马鲜生,上海浦东店,上海浦东店地址,2025-08-11,20.1元/斤,true
SL0539,P0539,京东自营,线上商城,线上商城,2025-10-07,49.6元/斤,true
SL0540,P0540,大润发,无锡店,无锡店地址,2025-12-10,27.5元/斤,true
SL0541,P0541,京东自营,线上商城,线上商城,2025-10-21,46.3元/斤,true
SL0542,P0542,永辉超市,武汉光谷店,武汉光谷店地址,2025-10-09,10.2元/斤,true
SL0543,P0543,京东自营,线上商城,线上商城,2025-08-04,37.2元/斤,true
SL0544,P0544,华润万家,东莞店,东莞店地址,2025-12-09,28.7元/斤,true
SL0545,P0545,天猫超市,线上商城,线上商城,2025-08-25,4.0元/斤,true
SL0546,P0546,大润发,杭州店,杭州店地址,2025-10-04,9.3元/斤,true
SL0547,P0547,京东自营,线上商城,线上商城,2025-12-26,15.6元/斤,true
SL0548,P0548,华润万家,广州店,广州店地址,2025-10-17,49.7元/斤,true
SL0549,P0549,物美超市,北京海淀店,北京海淀店地址,2025-10-07,46.6元/斤,true
SL0550,P0550,永辉超市,南京新街口店,南京新街口店地址,2025-08-25,47.8元/斤,true
SL0551,P0551,永辉超市,西安高新店,西安高新店地址,2025-10-09,42.0元/斤,true
SL0552,P0552,华润万家,深圳店,深圳店地址,2025-12-05,42.5元/斤,true
SL0553,P0553,物美超市,北京丰台店,北京丰台店地址,2025-09-08,8.8元/斤,true
SL0554,P0554,大润发,无锡店,无锡店地址,2025-11-09,34.4元/斤,true
SL0555,P0555,京东自营,线上商城,线上商城,2025-10-07,9.8元/斤,true
SL0556,P0556,永辉超市,成都春熙店,成都春熙店地址,2025-10-11,14.9元/斤,true
SL0557,P0557,盒马鲜生,北京朝阳店,北京朝阳店地址,2025-09-05,10.9元/斤,true
SL0558,P0558,盒马鲜生,上海浦东店,上海浦东店地址,2025-11-09,44.2元/斤,true
SL0559,P0559,华润万家,广州店,广州店地址,2025-08-14,18.4元/斤,true
SL0560,P0560,物美超市,天津南开店,天津南开店地址,2025-11-17,31.7元/斤,true
SL0561,P0561,华润万家,东莞店,东莞店地址,2025-08-24,12.6元/斤,true
SL0562,P0562,物美超市,天津南开店,天津南开店地址,2025-12-09,26.6元/斤,true
SL0563,P0563,大润发,无锡店,无锡店地址,2025-10-21,28.3元/斤,true
SL0564,P0564,京东自营,线上商城,线上商城,2025-11-07,15.4元/斤,true
SL0565,P0565,盒马鲜生,广州天河店,广州天河店地址,2025-12-06,16.2元/斤,true
SL0566,P0566,京东自营,线上商城,线上商城,2025-09-19,8.4元/斤,true
SL0567,P0567,物美超市,北京丰台店,北京丰台店地址,2025-08-05,4.7元/斤,true
SL0568,P0568,物美超市,天津南开店,天津南开店地址,2025-08-24,10.1元/斤,true
SL0569,P0569,京东自营,线上商城,线上商城,2025-09-10,32.1元/斤,true
SL0570,P0570,华润万家,深圳店,深圳店地址,2025-10-24,47.3元/斤,true
SL0571,P0571,永辉超市,西安高新店,西安高新店地址,2025-12-11,28.9元/斤,true
SL0572,P0572,华润万家,深圳店,深圳店地址,2025-08-09,41.3元/斤,true
SL0573,P0573,天猫超市,线上商城,线上商城,2025-12-24,24.3元/斤,true
SL0574,P0574,盒马鲜生,广州天河店,广州天河店地址,2025-09-12,48.9元/斤,true
SL0575,P0575,永辉超市,南京新街口店,南京新街口店地址,2025-09-16,14.6元/斤,true
SL0576,P0576,永辉超市,西安高新店,西安高新店地址,2025-09-26,49.7元/斤,true
SL0577,P0577,盒马鲜生,北京朝阳店,北京朝阳店地址,2025-12-02,14.3元/斤,true
SL0578,P0578,大润发,无锡店,无锡店地址,2025-09-19,19.2元/斤,true
SL0579,P0579,京东自营,线上商城,线上商城,2025-10-04,35.8元/斤,true
SL0580,P0580,京东自营,线上商城,线上商城,2025-12-19,15.1元/斤,true
SL0581,P0581,物美超市,北京海淀店,北京海淀店地址,2025-08-08,48.9元/斤,true
SL0582,P0582,华润万家,东莞店,东莞店地址,2025-10-19,34.2元/斤,true
SL0583,P0583,永辉超市,南京新街口店,南京新街口店地址,2025-08-11,24.1元/斤,true
SL0584,P0584,京东自营,线上商城,线上商城,2025-08-20,10.6元/斤,true
SL0585,P0585,京东自营,线上商城,线上商城,2025-08-06,22.5元/斤,true
SL0586,P0586,天猫超市,线上商城,线上商城,2025-09-02,18.9元/斤,true
SL0587,P0587,天猫超市,线上商城,线上商城,2025-09-26,25.7元/斤,true
SL0588,P0588,盒马鲜生,北京朝阳店,北京朝阳店地址,2025-08-05,30.6元/斤,true
SL0589,P0589,盒马鲜生,广州天河店,广州天河店地址,2025-10-25,49.2元/斤,true
SL0590,P0590,物美超市,天津南开店,天津南开店地址,2025-08-09,19.0元/斤,true
SL0591,P0591,华润万家,东莞店,东莞店地址,2025-11-19,5.6元/斤,true
SL0592,P0592,华润万家,广州店,广州店地址,2025-12-28,41.6元/斤,true
SL0593,P0593,京东自营,线上商城,线上商城,2025-10-27,41.1元/斤,true
SL0594,P0594,盒马鲜生,深圳南山店,深圳南山店地址,2025-09-07,49.7元/斤,true
SL0595,P0595,华润万家,广州店,广州店地址,2025-09-25,11.9元/斤,true
SL0596,P0596,华润万家,东莞店,东莞店地址,2025-11-18,7.2元/斤,true
SL0597,P0597,大润发,杭州店,杭州店地址,2025-11-12,18.4元/斤,true
SL0598,P0598,天猫超市,线上商城,线上商城,2025-08-13,36.6元/斤,true
SL0599,P0599,华润万家,深圳店,深圳店地址,2025-12-16,31.3元/斤,true
SL0600,P0600,华润万家,深圳店,深圳店地址,2025-10-24,10.0元/斤,true
SL0601,P0601,大润发,苏州店,苏州店地址,2025-11-12,43.7元/斤,true
SL0602,P0602,永辉超市,西安高新店,西安高新店地址,2025-08-02,10.7元/斤,true
SL0603,P0603,物美超市,天津南开店,天津南开店地址,2025-09-02,38.3元/斤,true
SL0604,P0604,永辉超市,武汉光谷店,武汉光谷店地址,2025-09-15,25.5元/斤,true
SL0605,P0605,物美超市,北京丰台店,北京丰台店地址,2025-11-24,4.4元/斤,true
SL0606,P0606,华润万家,广州店,广州店地址,2025-08-09,44.8元/斤,true
SL0607,P0607,大润发,苏州店,苏州店地址,2025-09-01,27.9元/斤,true
SL0608,P0608,京东自营,线上商城,线上商城,2025-09-28,26.0元/斤,true
SL0609,P0609,物美超市,北京海淀店,北京海淀店地址,2025-11-21,32.5元/斤,true
SL0610,P0610,物美超市,北京海淀店,北京海淀店地址,2025-11-22,7.2元/斤,true
SL0611,P0611,天猫超市,线上商城,线上商城,2025-11-25,7.9元/斤,true
SL0612,P0612,天猫超市,线上商城,线上商城,2025-12-15,11.9元/斤,true
SL0613,P0613,物美超市,北京丰台店,北京丰台店地址,2025-09-23,43.9元/斤,true
SL0614,P0614,大润发,无锡店,无锡店地址,2025-08-11,5.5元/斤,true
SL0615,P0615,大润发,苏州店,苏州店地址,2025-11-27,46.6元/斤,true
SL0616,P0616,京东自营,线上商城,线上商城,2025-12-02,24.3元/斤,true
SL0617,P0617,物美超市,天津南开店,天津南开店地址,2025-10-08,24.8元/斤,true
SL0618,P0618,盒马鲜生,北京朝阳店,北京朝阳店地址,2025-10-26,47.4元/斤,true
SL0619,P0619,大润发,杭州店,杭州店地址,2025-08-14,44.3元/斤,true
SL0620,P0620,永辉超市,武汉光谷店,武汉光谷店地址,2025-08-24,16.0元/斤,true
SL0621,P0621,天猫超市,线上商城,线上商城,2025-08-23,12.7元/斤,true
SL0622,P0622,永辉超市,武汉光谷店,武汉光谷店地址,2025-12-09,9.0元/斤,true
SL0623,P0623,盒马鲜生,广州天河店,广州天河店地址,2025-11-05,9.8元/斤,true
SL0624,P0624,华润万家,东莞店,东莞店地址,2025-09-15,45.4元/斤,true
SL0625,P0625,京东自营,线上商城,线上商城,2025-10-01,31.0元/斤,true
SL0626,P0626,盒马鲜生,上海浦东店,上海浦东店地址,2025-08-21,40.5元/斤,true
SL0627,P0627,永辉超市,南京新街口店,南京新街口店地址,2025-12-20,17.4元/斤,true
SL0628,P0628,大润发,无锡店,无锡店地址,2025-08-04,18.0元/斤,true
SL0629,P0629,华润万家,广州店,广州店地址,2025-12-12,33.4元/斤,true
SL0630,P0630,天猫超市,线上商城,线上商城,2025-12-05,17.3元/斤,true
SL0631,P0631,华润万家,东莞店,东莞店地址,2025-11-19,31.6元/斤,true
SL0632,P0632,物美超市,北京海淀店,北京海淀店地址,2025-11-10,4.5元/斤,true
SL0633,P0633,物美超市,天津南开店,天津南开店地址,2025-12-03,8.3元/斤,true
SL0634,P0634,盒马鲜生,广州天河店,广州天河店地址,2025-08-26,46.3元/斤,true
SL0635,P0635,物美超市,北京丰台店,北京丰台店地址,2025-08-17,11.5元/斤,true
SL0636,P0636,物美超市,北京海淀店,北京海淀店地址,2025-08-08,12.1元/斤,true
SL0637,P0637,大润发,杭州店,杭州店地址,2025-12-17,39.2元/斤,true
SL0638,P0638,华润万家,深圳店,深圳店地址,2025-12-22,11.9元/斤,true
SL0639,P0639,大润发,苏州店,苏州店地址,2025-11-08,24.5元/斤,true
SL0640,P0640,大润发,无锡店,无锡店地址,2025-08-23,21.1元/斤,true
SL0641,P0641,盒马鲜生,北京朝阳店,北京朝阳店地址,2025-11-22,25.8元/斤,true
SL0642,P0642,大润发,苏州店,苏州店地址,2025-09-28,47.8元/斤,true
SL0643,P0643,大润发,杭州店,杭州店地址,2025-11-09,31.6元/斤,true
SL0644,P0644,物美超市,北京丰台店,北京丰台店地址,2025-09-11,49.5元/斤,true
SL0645,P0645,永辉超市,武汉光谷店,武汉光谷店地址,2025-08-28,16.5元/斤,true
SL0646,P0646,永辉超市,西安高新店,西安高新店地址,2025-12-17,33.8元/斤,true
SL0647,P0647,物美超市,北京丰台店,北京丰台店地址,2025-09-28,2.2元/斤,true
SL0648,P0648,天猫超市,线上商城,线上商城,2025-08-06,28.1元/斤,true
SL0649,P0649,华润万家,广州店,广州店地址,2025-09-01,49.3元/斤,true
SL0650,P0650,天猫超市,线上商城,线上商城,2025-10-01,48.9元/斤,true
SL0651,P0651,华润万家,广州店,广州店地址,2025-11-20,23.9元/斤,true
SL0652,P0652,华润万家,东莞店,东莞店地址,2025-09-03,16.8元/斤,true
SL0653,P0653,物美超市,北京丰台店,北京丰台店地址,2025-09-12,2.5元/斤,true
SL0654,P0654,大润发,杭州店,杭州店地址,2025-08-08,42.6元/斤,true
SL0655,P0655,永辉超市,南京新街口店,南京新街口店地址,2025-08-19,6.0元/斤,true
SL0656,P0656,天猫超市,线上商城,线上商城,2025-10-13,42.9元/斤,true
SL0657,P0657,永辉超市,西安高新店,西安高新店地址,2025-10-10,11.0元/斤,true
SL0658,P0658,京东自营,线上商城,线上商城,2025-09-08,41.9元/斤,true
SL0659,P0659,天猫超市,线上商城,线上商城,2025-09-13,19.2元/斤,true
SL0660,P0660,永辉超市,西安高新店,西安高新店地址,2025-09-22,27.7元/斤,true
SL0661,P0661,京东自营,线上商城,线上商城,2025-11-27,38.5元/斤,true
SL0662,P0662,物美超市,北京海淀店,北京海淀店地址,2025-09-13,24.9元/斤,true
SL0663,P0663,天猫超市,线上商城,线上商城,2025-11-23,15.3元/斤,true
SL0664,P0664,华润万家,东莞店,东莞店地址,2025-08-09,49.7元/斤,true
SL0665,P0665,盒马鲜生,北京朝阳店,北京朝阳店地址,2025-10-23,18.6元/斤,true
SL0666,P0666,永辉超市,成都春熙店,成都春熙店地址,2025-11-01,46.5元/斤,true
SL0667,P0667,天猫超市,线上商城,线上商城,2025-09-15,20.3元/斤,false
SL0668,P0668,华润万家,深圳店,深圳店地址,2025-12-12,27.3元/斤,true
SL0669,P0669,永辉超市,南京新街口店,南京新街口店地址,2025-11-27,42.4元/斤,true
SL0670,P0670,大润发,杭州店,杭州店地址,2025-10-28,13.8元/斤,true
SL0671,P0671,京东自营,线上商城,线上商城,2025-09-15,11.0元/斤,true
SL0672,P0672,永辉超市,武汉光谷店,武汉光谷店地址,2025-09-15,23.4元/斤,true
SL0673,P0673,大润发,苏州店,苏州店地址,2025-10-26,40.6元/斤,true
SL0674,P0674,京东自营,线上商城,线上商城,2025-08-03,33.2元/斤,true
SL0675,P0675,华润万家,广州店,广州店地址,2025-09-10,33.7元/斤,true
SL0676,P0676,天猫超市,线上商城,线上商城,2025-09-12,2.2元/斤,true
SL0677,P0677,华润万家,广州店,广州店地址,2025-08-24,8.9元/斤,true
SL0678,P0678,华润万家,东莞店,东莞店地址,2025-09-13,37.4元/斤,true
SL0679,P0679,永辉超市,成都春熙店,成都春熙店地址,2025-08-28,20.0元/斤,true
SL0680,P0680,盒马鲜生,深圳南山店,深圳南山店地址,2025-10-03,27.9元/斤,true
SL0681,P0681,天猫超市,线上商城,线上商城,2025-10-17,35.2元/斤,true
SL0682,P0682,天猫超市,线上商城,线上商城,2025-09-06,33.9元/斤,true
SL0683,P0683,华润万家,广州店,广州店地址,2025-11-22,29.0元/斤,true
SL0684,P0684,大润发,无锡店,无锡店地址,2025-10-23,5.8元/斤,true
SL0685,P0685,物美超市,北京海淀店,北京海淀店地址,2025-08-13,40.7元/斤,true
SL0686,P0686,盒马鲜生,广州天河店,广州天河店地址,2025-10-12,16.4元/斤,true
SL0687,P0687,华润万家,广州店,广州店地址,2025-09-27,24.6元/斤,true
SL0688,P0688,华润万家,东莞店,东莞店地址,2025-08-12,27.8元/斤,true
SL0689,P0689,永辉超市,武汉光谷店,武汉光谷店地址,2025-08-26,37.3元/斤,true
SL0690,P0690,物美超市,北京海淀店,北京海淀店地址,2025-12-09,7.0元/斤,true
SL0691,P0691,大润发,无锡店,无锡店地址,2025-10-23,15.9元/斤,true
SL0692,P0692,物美超市,北京丰台店,北京丰台店地址,2025-11-15,43.2元/斤,true
SL0693,P0693,天猫超市,线上商城,线上商城,2025-10-26,26.1元/斤,true
SL0694,P0694,华润万家,东莞店,东莞店地址,2025-09-08,42.5元/斤,true
SL0695,P0695,华润万家,深圳店,深圳店地址,2025-10-04,16.9元/斤,true
SL0696,P0696,盒马鲜生,深圳南山店,深圳南山店地址,2025-09-07,10.8元/斤,true
SL0697,P0697,盒马鲜生,上海浦东店,上海浦东店地址,2025-08-20,18.4元/斤,true
SL0698,P0698,盒马鲜生,北京朝阳店,北京朝阳店地址,2025-09-20,10.2元/斤,true
SL0699,P0699,京东自营,线上商城,线上商城,2025-08-03,30.4元/斤,true
SL0700,P0700,永辉超市,武汉光谷店,武汉光谷店地址,2025-10-25,25.0元/斤,true
SL0701,P0701,盒马鲜生,北京朝阳店,北京朝阳店地址,2025-12-05,10.1元/斤,true
SL0702,P0702,永辉超市,成都春熙店,成都春熙店地址,2025-09-17,40.5元/斤,true
SL0703,P0703,永辉超市,成都春熙店,成都春熙店地址,2025-08-08,25.3元/斤,true
SL0704,P0704,天猫超市,线上商城,线上商城,2025-09-20,28.3元/斤,true
SL0705,P0705,天猫超市,线上商城,线上商城,2025-09-24,7.5元/斤,true
SL0706,P0706,物美超市,北京丰台店,北京丰台店地址,2025-12-22,19.8元/斤,true
SL0707,P0707,华润万家,广州店,广州店地址,2025-10-09,3.6元/斤,true
SL0708,P0708,盒马鲜生,上海浦东店,上海浦东店地址,2025-10-13,48.3元/斤,true
SL0709,P0709,京东自营,线上商城,线上商城,2025-11-22,33.9元/斤,true
SL0710,P0710,天猫超市,线上商城,线上商城,2025-12-20,49.2元/斤,true
SL0711,P0711,天猫超市,线上商城,线上商城,2025-08-15,35.3元/斤,true
SL0712,P0712,京东自营,线上商城,线上商城,2025-12-18,47.2元/斤,true
SL0713,P0713,华润万家,深圳店,深圳店地址,2025-08-22,25.2元/斤,false
SL0714,P0714,天猫超市,线上商城,线上商城,2025-11-01,33.5元/斤,true
SL0715,P0715,盒马鲜生,北京朝阳店,北京朝阳店地址,2025-09-08,20.5元/斤,true
SL0716,P0716,华润万家,广州店,广州店地址,2025-12-17,8.2元/斤,true
SL0717,P0717,盒马鲜生,上海浦东店,上海浦东店地址,2025-08-28,36.1元/斤,true
SL0718,P0718,大润发,苏州店,苏州店地址,2025-10-05,13.0元/斤,true
SL0719,P0719,盒马鲜生,上海浦东店,上海浦东店地址,2025-10-17,46.5元/斤,true
SL0720,P0720,物美超市,天津南开店,天津南开店地址,2025-11-23,16.8元/斤,true
SL0721,P0721,天猫超市,线上商城,线上商城,2025-10-09,26.9元/斤,true
SL0722,P0722,天猫超市,线上商城,线上商城,2025-11-05,42.4元/斤,true
SL0723,P0723,华润万家,东莞店,东莞店地址,2025-11-18,30.2元/斤,true
SL0724,P0724,永辉超市,成都春熙店,成都春熙店地址,2025-08-27,23.6元/斤,true
SL0725,P0725,物美超市,北京海淀店,北京海淀店地址,2025-12-12,23.9元/斤,true
SL0726,P0726,天猫超市,线上商城,线上商城,2025-08-18,37.8元/斤,true
SL0727,P0727,华润万家,广州店,广州店地址,2025-08-21,6.5元/斤,true
SL0728,P0728,天猫超市,线上商城,线上商城,2025-12-04,43.6元/斤,true
SL0729,P0729,物美超市,北京丰台店,北京丰台店地址,2025-10-13,15.4元/斤,true
SL0730,P0730,天猫超市,线上商城,线上商城,2025-11-13,32.6元/斤,true
SL0731,P0731,物美超市,北京海淀店,北京海淀店地址,2025-08-15,42.2元/斤,true
SL0732,P0732,天猫超市,线上商城,线上商城,2025-11-01,5.2元/斤,true
SL0733,P0733,华润万家,广州店,广州店地址,2025-08-24,36.2元/斤,true
SL0734,P0734,天猫超市,线上商城,线上商城,2025-12-16,10.1元/斤,true
SL0735,P0735,大润发,杭州店,杭州店地址,2025-08-24,3.0元/斤,true
SL0736,P0736,永辉超市,西安高新店,西安高新店地址,2025-12-09,10.6元/斤,true
SL0737,P0737,天猫超市,线上商城,线上商城,2025-09-08,34.6元/斤,true
SL0738,P0738,天猫超市,线上商城,线上商城,2025-11-27,36.9元/斤,true
SL0739,P0739,大润发,苏州店,苏州店地址,2025-10-27,29.2元/斤,true
SL0740,P0740,物美超市,北京丰台店,北京丰台店地址,2025-11-18,49.6元/斤,true
SL0741,P0741,大润发,苏州店,苏州店地址,2025-11-21,42.8元/斤,true
SL0742,P0742,永辉超市,武汉光谷店,武汉光谷店地址,2025-11-27,3.5元/斤,true
SL0743,P0743,永辉超市,南京新街口店,南京新街口店地址,2025-12-10,42.8元/斤,true
SL0744,P0744,物美超市,天津南开店,天津南开店地址,2025-09-18,16.6元/斤,true
SL0745,P0745,盒马鲜生,广州天河店,广州天河店地址,2025-08-05,44.0元/斤,true
SL0746,P0746,物美超市,天津南开店,天津南开店地址,2025-10-24,49.5元/斤,true
SL0747,P0747,永辉超市,西安高新店,西安高新店地址,2025-09-27,49.8元/斤,true
SL0748,P0748,大润发,杭州店,杭州店地址,2025-08-16,8.8元/斤,true
SL0749,P0749,天猫超市,线上商城,线上商城,2025-10-24,6.0元/斤,true
SL0750,P0750,天猫超市,线上商城,线上商城,2025-11-03,34.5元/斤,true
SL0751,P0751,华润万家,广州店,广州店地址,2025-11-05,41.7元/斤,true
SL0752,P0752,物美超市,北京海淀店,北京海淀店地址,2025-10-13,27.6元/斤,true
SL0753,P0753,天猫超市,线上商城,线上商城,2025-12-08,8.0元/斤,true
SL0754,P0754,盒马鲜生,广州天河店,广州天河店地址,2025-09-27,11.8元/斤,true
SL0755,P0755,天猫超市,线上商城,线上商城,2025-12-09,44.8元/斤,true
SL0756,P0756,天猫超市,线上商城,线上商城,2025-11-03,31.2元/斤,true
SL0757,P0757,京东自营,线上商城,线上商城,2025-08-15,22.5元/斤,true
SL0758,P0758,永辉超市,武汉光谷店,武汉光谷店地址,2025-09-15,28.8元/斤,true
SL0759,P0759,盒马鲜生,上海浦东店,上海浦东店地址,2025-10-08,10.3元/斤,true
SL0760,P0760,京东自营,线上商城,线上商城,2025-09-27,46.7元/斤,true
SL0761,P0761,永辉超市,成都春熙店,成都春熙店地址,2025-10-14,2.1元/斤,true
SL0762,P0762,物美超市,北京海淀店,北京海淀店地址,2025-08-12,2.9元/斤,true
SL0763,P0763,大润发,杭州店,杭州店地址,2025-10-01,36.4元/斤,true
SL0764,P0764,京东自营,线上商城,线上商城,2025-10-21,46.7元/斤,true
SL0765,P0765,永辉超市,西安高新店,西安高新店地址,2025-08-24,45.5元/斤,true
SL0766,P0766,华润万家,广州店,广州店地址,2025-08-18,47.2元/斤,true
SL0767,P0767,永辉超市,成都春熙店,成都春熙店地址,2025-11-05,36.1元/斤,true
SL0768,P0768,大润发,杭州店,杭州店地址,2025-08-25,25.6元/斤,true
SL0769,P0769,京东自营,线上商城,线上商城,2025-09-17,13.7元/斤,true
SL0770,P0770,京东自营,线上商城,线上商城,2025-08-03,2.9元/斤,true
SL0771,P0771,永辉超市,成都春熙店,成都春熙店地址,2025-08-11,39.7元/斤,true
SL0772,P0772,天猫超市,线上商城,线上商城,2025-12-02,41.6元/斤,true
SL0773,P0773,盒马鲜生,深圳南山店,深圳南山店地址,2025-11-12,9.8元/斤,true
SL0774,P0774,盒马鲜生,北京朝阳店,北京朝阳店地址,2025-08-06,2.7元/斤,true
SL0775,P0775,永辉超市,成都春熙店,成都春熙店地址,2025-12-20,29.7元/斤,true
SL0776,P0776,天猫超市,线上商城,线上商城,2025-09-26,24.7元/斤,true
SL0777,P0777,天猫超市,线上商城,线上商城,2025-09-13,18.8元/斤,true
SL0778,P0778,物美超市,北京丰台店,北京丰台店地址,2025-12-09,7.2元/斤,true
SL0779,P0779,永辉超市,西安高新店,西安高新店地址,2025-12-04,32.5元/斤,true
SL0780,P0780,盒马鲜生,北京朝阳店,北京朝阳店地址,2025-12-15,29.8元/斤,true
SL0781,P0781,京东自营,线上商城,线上商城,2025-08-09,24.1元/斤,true
SL0782,P0782,华润万家,东莞店,东莞店地址,2025-11-11,25.7元/斤,true
SL0783,P0783,华润万家,广州店,广州店地址,2025-10-28,31.5元/斤,true
SL0784,P0784,华润万家,深圳店,深圳店地址,2025-11-13,40.0元/斤,true
SL0785,P0785,京东自营,线上商城,线上商城,2025-08-28,23.7元/斤,true
SL0786,P0786,永辉超市,成都春熙店,成都春熙店地址,2025-08-15,48.4元/斤,true
SL0787,P0787,物美超市,北京海淀店,北京海淀店地址,2025-08-02,8.4元/斤,true
SL0788,P0788,华润万家,东莞店,东莞店地址,2025-10-17,15.1元/斤,true
SL0789,P0789,大润发,杭州店,杭州店地址,2025-09-13,16.2元/斤,true
SL0790,P0790,天猫超市,线上商城,线上商城,2025-11-18,25.3元/斤,true
SL0791,P0791,大润发,杭州店,杭州店地址,2025-12-25,23.1元/斤,true
SL0792,P0792,永辉超市,成都春熙店,成都春熙店地址,2025-09-07,9.0元/斤,true
SL0793,P0793,物美超市,北京海淀店,北京海淀店地址,2025-12-01,45.9元/斤,true
SL0794,P0794,永辉超市,南京新街口店,南京新街口店地址,2025-12-18,22.0元/斤,true
SL0795,P0795,大润发,无锡店,无锡店地址,2025-09-13,6.3元/斤,true
SL0796,P0796,大润发,苏州店,苏州店地址,2025-11-08,4.8元/斤,true
SL0797,P0797,物美超市,天津南开店,天津南开店地址,2025-12-24,18.6元/斤,true
SL0798,P0798,京东自营,线上商城,线上商城,2025-08-23,12.2元/斤,true
SL0799,P0799,天猫超市,线上商城,线上商城,2025-11-15,27.7元/斤,true
SL0800,P0800,物美超市,天津南开店,天津南开店地址,2025-09-04,39.0元/斤,false
SL0801,P0801,京东自营,线上商城,线上商城,2025-09-16,10.4元/斤,true
SL0802,P0802,盒马鲜生,深圳南山店,深圳南山店地址,2025-12-10,37.5元/斤,true
SL0803,P0803,盒马鲜生,广州天河店,广州天河店地址,2025-09-17,19.1元/斤,true
SL0804,P0804,物美超市,北京海淀店,北京海淀店地址,2025-08-22,19.1元/斤,true
SL0805,P0805,盒马鲜生,广州天河店,广州天河店地址,2025-10-28,13.0元/斤,true
SL0806,P0806,大润发,苏州店,苏州店地址,2025-12-08,5.0元/斤,true
SL0807,P0807,大润发,杭州店,杭州店地址,2025-12-15,37.6元/斤,true
SL0808,P0808,京东自营,线上商城,线上商城,2025-12-16,27.3元/斤,true
SL0809,P0809,永辉超市,武汉光谷店,武汉光谷店地址,2025-09-07,14.1元/斤,true
SL0810,P0810,天猫超市,线上商城,线上商城,2025-12-15,27.0元/斤,true
SL0811,P0811,京东自营,线上商城,线上商城,2025-09-07,15.4元/斤,true
SL0812,P0812,京东自营,线上商城,线上商城,2025-09-01,31.8元/斤,true
SL0813,P0813,京东自营,线上商城,线上商城,2025-10-18,39.7元/斤,true
SL0814,P0814,大润发,苏州店,苏州店地址,2025-12-12,39.6元/斤,true
SL0815,P0815,大润发,苏州店,苏州店地址,2025-11-08,38.0元/斤,true
SL0816,P0816,物美超市,北京丰台店,北京丰台店地址,2025-08-27,46.5元/斤,true
SL0817,P0817,京东自营,线上商城,线上商城,2025-10-21,37.3元/斤,true
SL0818,P0818,天猫超市,线上商城,线上商城,2025-10-22,49.5元/斤,true
SL0819,P0819,物美超市,北京丰台店,北京丰台店地址,2025-09-24,41.5元/斤,true
SL0820,P0820,大润发,无锡店,无锡店地址,2025-08-14,12.4元/斤,true
SL0821,P0821,大润发,无锡店,无锡店地址,2025-12-12,38.2元/斤,true
SL0822,P0822,大润发,杭州店,杭州店地址,2025-11-22,6.8元/斤,true
SL0823,P0823,京东自营,线上商城,线上商城,2025-09-16,25.7元/斤,true
SL0824,P0824,物美超市,北京海淀店,北京海淀店地址,2025-12-17,6.5元/斤,true
SL0825,P0825,物美超市,北京海淀店,北京海淀店地址,2025-11-26,29.6元/斤,true
SL0826,P0826,大润发,无锡店,无锡店地址,2025-11-09,41.2元/斤,true
SL0827,P0827,大润发,苏州店,苏州店地址,2025-10-26,13.9元/斤,true
SL0828,P0828,永辉超市,南京新街口店,南京新街口店地址,2025-09-10,35.0元/斤,true
SL0829,P0829,盒马鲜生,深圳南山店,深圳南山店地址,2025-08-13,15.0元/斤,true
SL0830,P0830,盒马鲜生,广州天河店,广州天河店地址,2025-11-22,46.6元/斤,true
SL0831,P0831,天猫超市,线上商城,线上商城,2025-09-19,26.3元/斤,true
SL0832,P0832,华润万家,广州店,广州店地址,2025-08-28,25.8元/斤,true
SL0833,P0833,物美超市,北京海淀店,北京海淀店地址,2025-10-24,32.4元/斤,true
SL0834,P0834,永辉超市,成都春熙店,成都春熙店地址,2025-11-27,21.3元/斤,true
SL0835,P0835,华润万家,深圳店,深圳店地址,2025-12-10,36.5元/斤,true
SL0836,P0836,大润发,无锡店,无锡店地址,2025-12-15,26.0元/斤,true
SL0837,P0837,华润万家,东莞店,东莞店地址,2025-10-21,41.9元/斤,true
SL0838,P0838,华润万家,东莞店,东莞店地址,2025-10-06,5.6元/斤,true
SL0839,P0839,物美超市,北京丰台店,北京丰台店地址,2025-09-23,29.5元/斤,true
SL0840,P0840,物美超市,北京海淀店,北京海淀店地址,2025-09-16,10.5元/斤,true
SL0841,P0841,物美超市,北京丰台店,北京丰台店地址,2025-12-22,22.0元/斤,true
SL0842,P0842,京东自营,线上商城,线上商城,2025-11-15,7.7元/斤,true
SL0843,P0843,盒马鲜生,上海浦东店,上海浦东店地址,2025-10-17,29.6元/斤,true
SL0844,P0844,京东自营,线上商城,线上商城,2025-08-03,13.6元/斤,true
SL0845,P0845,物美超市,天津南开店,天津南开店地址,2025-08-02,4.3元/斤,true
SL0846,P0846,大润发,杭州店,杭州店地址,2025-11-05,13.8元/斤,true
SL0847,P0847,盒马鲜生,深圳南山店,深圳南山店地址,2025-11-11,38.3元/斤,true
SL0848,P0848,盒马鲜生,上海浦东店,上海浦东店地址,2025-11-10,14.0元/斤,true
SL0849,P0849,京东自营,线上商城,线上商城,2025-09-26,32.1元/斤,true
SL0850,P0850,盒马鲜生,上海浦东店,上海浦东店地址,2025-10-16,38.8元/斤,true
SL0851,P0851,华润万家,深圳店,深圳店地址,2025-12-04,5.8元/斤,true
SL0852,P0852,天猫超市,线上商城,线上商城,2025-09-14,42.9元/斤,true
SL0853,P0853,华润万家,深圳店,深圳店地址,2025-12-04,37.3元/斤,true
SL0854,P0854,天猫超市,线上商城,线上商城,2025-10-21,33.9元/斤,true
SL0855,P0855,盒马鲜生,上海浦东店,上海浦东店地址,2025-10-05,34.8元/斤,true
SL0856,P0856,盒马鲜生,上海浦东店,上海浦东店地址,2025-11-20,11.3元/斤,true
SL0857,P0857,物美超市,北京丰台店,北京丰台店地址,2025-09-07,16.0元/斤,true
SL0858,P0858,物美超市,北京海淀店,北京海淀店地址,2025-10-09,9.8元/斤,true
SL0859,P0859,大润发,杭州店,杭州店地址,2025-12-23,19.2元/斤,true
SL0860,P0860,天猫超市,线上商城,线上商城,2025-08-19,34.7元/斤,false
SL0861,P0861,天猫超市,线上商城,线上商城,2025-12-12,49.3元/斤,true
SL0862,P0862,天猫超市,线上商城,线上商城,2025-08-25,7.7元/斤,true
SL0863,P0863,京东自营,线上商城,线上商城,2025-09-17,12.5元/斤,true
SL0864,P0864,京东自营,线上商城,线上商城,2025-10-22,19.2元/斤,false
SL0865,P0865,天猫超市,线上商城,线上商城,2025-09-07,38.9元/斤,true
SL0866,P0866,京东自营,线上商城,线上商城,2025-11-28,31.3元/斤,true
SL0867,P0867,大润发,无锡店,无锡店地址,2025-08-01,43.0元/斤,true
SL0868,P0868,华润万家,东莞店,东莞店地址,2025-08-21,38.2元/斤,true
SL0869,P0869,盒马鲜生,上海浦东店,上海浦东店地址,2025-08-16,34.4元/斤,true
SL0870,P0870,盒马鲜生,北京朝阳店,北京朝阳店地址,2025-10-22,33.9元/斤,true
SL0871,P0871,京东自营,线上商城,线上商城,2025-08-11,40.2元/斤,true
SL0872,P0872,永辉超市,成都春熙店,成都春熙店地址,2025-08-22,27.3元/斤,true
SL0873,P0873,物美超市,天津南开店,天津南开店地址,2025-08-21,30.3元/斤,true
SL0874,P0874,华润万家,广州店,广州店地址,2025-10-07,10.6元/斤,true
SL0875,P0875,盒马鲜生,深圳南山店,深圳南山店地址,2025-09-19,48.1元/斤,true
SL0876,P0876,京东自营,线上商城,线上商城,2025-10-06,8.9元/斤,true
SL0877,P0877,京东自营,线上商城,线上商城,2025-09-23,23.5元/斤,true
SL0878,P0878,天猫超市,线上商城,线上商城,2025-08-23,46.2元/斤,true
SL0879,P0879,京东自营,线上商城,线上商城,2025-12-04,9.8元/斤,true
SL0880,P0880,物美超市,天津南开店,天津南开店地址,2025-11-20,45.7元/斤,true
SL0881,P0881,永辉超市,西安高新店,西安高新店地址,2025-12-18,34.7元/斤,true
SL0882,P0882,华润万家,深圳店,深圳店地址,2025-09-01,22.5元/斤,true
SL0883,P0883,京东自营,线上商城,线上商城,2025-11-22,25.7元/斤,true
SL0884,P0884,物美超市,北京丰台店,北京丰台店地址,2025-08-01,9.5元/斤,true
SL0885,P0885,天猫超市,线上商城,线上商城,2025-09-12,12.3元/斤,true
SL0886,P0886,永辉超市,武汉光谷店,武汉光谷店地址,2025-10-18,44.8元/斤,true
SL0887,P0887,京东自营,线上商城,线上商城,2025-11-04,2.3元/斤,true
SL0888,P0888,大润发,无锡店,无锡店地址,2025-09-02,9.3元/斤,true
SL0889,P0889,京东自营,线上商城,线上商城,2025-09-15,19.1元/斤,true
SL0890,P0890,物美超市,北京丰台店,北京丰台店地址,2025-12-08,7.8元/斤,true
SL0891,P0891,盒马鲜生,广州天河店,广州天河店地址,2025-09-16,48.2元/斤,true
SL0892,P0892,永辉超市,西安高新店,西安高新店地址,2025-08-16,33.1元/斤,true
SL0893,P0893,永辉超市,成都春熙店,成都春熙店地址,2025-12-07,3.2元/斤,true
SL0894,P0894,华润万家,深圳店,深圳店地址,2025-10-04,37.5元/斤,true
SL0895,P0895,京东自营,线上商城,线上商城,2025-11-21,5.1元/斤,true
SL0896,P0896,华润万家,东莞店,东莞店地址,2025-10-06,26.5元/斤,true
SL0897,P0897,盒马鲜生,广州天河店,广州天河店地址,2025-11-20,16.2元/斤,true
SL0898,P0898,天猫超市,线上商城,线上商城,2025-11-05,34.7元/斤,true
SL0899,P0899,大润发,杭州店,杭州店地址,2025-09-06,42.2元/斤,true
SL0900,P0900,永辉超市,南京新街口店,南京新街口店地址,2025-08-05,16.0元/斤,true
SL0901,P0901,永辉超市,南京新街口店,南京新街口店地址,2025-12-07,35.9元/斤,true
SL0902,P0902,盒马鲜生,深圳南山店,深圳南山店地址,2025-12-04,37.8元/斤,true
SL0903,P0903,物美超市,天津南开店,天津南开店地址,2025-09-20,36.1元/斤,true
SL0904,P0904,永辉超市,武汉光谷店,武汉光谷店地址,2025-11-02,3.2元/斤,true
SL0905,P0905,京东自营,线上商城,线上商城,2025-12-08,6.2元/斤,true
SL0906,P0906,大润发,杭州店,杭州店地址,2025-09-14,32.1元/斤,true
SL0907,P0907,大润发,无锡店,无锡店地址,2025-08-12,16.1元/斤,true
SL0908,P0908,大润发,杭州店,杭州店地址,2025-10-05,15.2元/斤,true
SL0909,P0909,京东自营,线上商城,线上商城,2025-12-06,43.1元/斤,true
SL0910,P0910,华润万家,东莞店,东莞店地址,2025-12-01,8.4元/斤,true
SL0911,P0911,天猫超市,线上商城,线上商城,2025-09-13,4.4元/斤,true
SL0912,P0912,天猫超市,线上商城,线上商城,2025-12-22,24.4元/斤,true
SL0913,P0913,京东自营,线上商城,线上商城,2025-08-05,34.9元/斤,true
SL0914,P0914,大润发,无锡店,无锡店地址,2025-09-01,6.4元/斤,true
SL0915,P0915,大润发,苏州店,苏州店地址,2025-08-21,26.8元/斤,true
SL0916,P0916,盒马鲜生,上海浦东店,上海浦东店地址,2025-08-07,41.5元/斤,true
SL0917,P0917,物美超市,北京海淀店,北京海淀店地址,2025-12-23,3.7元/斤,true
SL0918,P0918,大润发,杭州店,杭州店地址,2025-09-07,19.0元/斤,true
SL0919,P0919,京东自营,线上商城,线上商城,2025-12-28,15.0元/斤,true
SL0920,P0920,物美超市,北京海淀店,北京海淀店地址,2025-10-05,42.1元/斤,true
SL0921,P0921,永辉超市,西安高新店,西安高新店地址,2025-11-16,37.2元/斤,true
SL0922,P0922,大润发,苏州店,苏州店地址,2025-11-21,26.7元/斤,true
SL0923,P0923,盒马鲜生,北京朝阳店,北京朝阳店地址,2025-09-24,22.7元/斤,true
SL0924,P0924,大润发,苏州店,苏州店地址,2025-10-07,48.6元/斤,true
SL0925,P0925,天猫超市,线上商城,线上商城,2025-09-19,9.9元/斤,true
SL0926,P0926,天猫超市,线上商城,线上商城,2025-09-16,15.5元/斤,true
SL0927,P0927,物美超市,北京丰台店,北京丰台店地址,2025-11-05,18.5元/斤,true
SL0928,P0928,盒马鲜生,广州天河店,广州天河店地址,2025-10-12,33.2元/斤,true
SL0929,P0929,京东自营,线上商城,线上商城,2025-10-09,25.5元/斤,true
SL0930,P0930,大润发,杭州店,杭州店地址,2025-09-22,18.8元/斤,true
SL0931,P0931,京东自营,线上商城,线上商城,2025-10-01,5.4元/斤,true
SL0932,P0932,天猫超市,线上商城,线上商城,2025-12-09,28.6元/斤,true
SL0933,P0933,京东自营,线上商城,线上商城,2025-10-24,20.4元/斤,true
SL0934,P0934,京东自营,线上商城,线上商城,2025-10-07,46.9元/斤,true
SL0935,P0935,华润万家,深圳店,深圳店地址,2025-09-12,2.9元/斤,true
SL0936,P0936,大润发,杭州店,杭州店地址,2025-08-18,17.9元/斤,true
SL0937,P0937,盒马鲜生,北京朝阳店,北京朝阳店地址,2025-12-26,15.4元/斤,true
SL0938,P0938,天猫超市,线上商城,线上商城,2025-08-17,21.8元/斤,true
SL0939,P0939,物美超市,天津南开店,天津南开店地址,2025-12-07,27.4元/斤,true
SL0940,P0940,盒马鲜生,深圳南山店,深圳南山店地址,2025-11-15,35.2元/斤,true
SL0941,P0941,盒马鲜生,北京朝阳店,北京朝阳店地址,2025-09-20,46.4元/斤,true
SL0942,P0942,天猫超市,线上商城,线上商城,2025-08-24,44.1元/斤,true
SL0943,P0943,京东自营,线上商城,线上商城,2025-09-19,43.8元/斤,true
SL0944,P0944,大润发,杭州店,杭州店地址,2025-11-24,45.9元/斤,true
SL0945,P0945,物美超市,天津南开店,天津南开店地址,2025-09-04,36.2元/斤,true
SL0946,P0946,物美超市,北京丰台店,北京丰台店地址,2025-12-18,32.8元/斤,true
SL0947,P0947,盒马鲜生,深圳南山店,深圳南山店地址,2025-08-01,11.2元/斤,true
SL0948,P0948,大润发,杭州店,杭州店地址,2025-12-19,24.0元/斤,true
SL0949,P0949,永辉超市,武汉光谷店,武汉光谷店地址,2025-12-06,39.0元/斤,true
SL0950,P0950,物美超市,北京丰台店,北京丰台店地址,2025-11-11,42.1元/斤,true
SL0951,P0951,物美超市,天津南开店,天津南开店地址,2025-09-25,2.3元/斤,true
SL0952,P0952,华润万家,深圳店,深圳店地址,2025-11-01,7.1元/斤,true
SL0953,P0953,天猫超市,线上商城,线上商城,2025-11-28,4.8元/斤,true
SL0954,P0954,大润发,无锡店,无锡店地址,2025-08-11,29.1元/斤,true
SL0955,P0955,大润发,苏州店,苏州店地址,2025-09-20,26.5元/斤,true
SL0956,P0956,盒马鲜生,北京朝阳店,北京朝阳店地址,2025-10-16,20.8元/斤,true
SL0957,P0957,大润发,杭州店,杭州店地址,2025-09-02,40.0元/斤,true
SL0958,P0958,天猫超市,线上商城,线上商城,2025-09-12,41.1元/斤,true
SL0959,P0959,永辉超市,成都春熙店,成都春熙店地址,2025-10-06,49.0元/斤,true
SL0960,P0960,华润万家,深圳店,深圳店地址,2025-10-15,8.0元/斤,true
SL0961,P0961,永辉超市,成都春熙店,成都春熙店地址,2025-10-18,15.2元/斤,true
SL0962,P0962,华润万家,深圳店,深圳店地址,2025-08-22,10.3元/斤,true
SL0963,P0963,物美超市,北京海淀店,北京海淀店地址,2025-12-11,5.4元/斤,true
SL0964,P0964,物美超市,天津南开店,天津南开店地址,2025-08-18,28.7元/斤,true
SL0965,P0965,大润发,苏州店,苏州店地址,2025-08-19,43.6元/斤,true
SL0966,P0966,大润发,苏州店,苏州店地址,2025-10-20,21.7元/斤,true
SL0967,P0967,物美超市,北京丰台店,北京丰台店地址,2025-08-12,12.8元/斤,true
SL0968,P0968,天猫超市,线上商城,线上商城,2025-12-24,21.9元/斤,true
SL0969,P0969,物美超市,北京丰台店,北京丰台店地址,2025-08-01,14.2元/斤,true
SL0970,P0970,大润发,苏州店,苏州店地址,2025-10-18,20.6元/斤,true
SL0971,P0971,华润万家,东莞店,东莞店地址,2025-09-03,45.7元/斤,true
SL0972,P0972,大润发,苏州店,苏州店地址,2025-08-05,21.7元/斤,true
SL0973,P0973,天猫超市,线上商城,线上商城,2025-11-22,38.6元/斤,true
SL0974,P0974,大润发,杭州店,杭州店地址,2025-08-13,2.1元/斤,true
SL0975,P0975,京东自营,线上商城,线上商城,2025-10-23,24.8元/斤,true
SL0976,P0976,永辉超市,西安高新店,西安高新店地址,2025-12-25,14.7元/斤,true
SL0977,P0977,华润万家,东莞店,东莞店地址,2025-08-19,42.9元/斤,true
SL0978,P0978,物美超市,北京丰台店,北京丰台店地址,2025-12-21,29.8元/斤,true
SL0979,P0979,华润万家,东莞店,东莞店地址,2025-11-05,19.0元/斤,true
SL0980,P0980,永辉超市,西安高新店,西安高新店地址,2025-10-12,40.6元/斤,true
SL0981,P0981,京东自营,线上商城,线上商城,2025-12-28,2.5元/斤,true
SL0982,P0982,永辉超市,成都春熙店,成都春熙店地址,2025-11-11,14.4元/斤,true
SL0983,P0983,华润万家,深圳店,深圳店地址,2025-10-20,7.9元/斤,true
SL0984,P0984,大润发,苏州店,苏州店地址,2025-09-05,25.3元/斤,true
SL0985,P0985,永辉超市,武汉光谷店,武汉光谷店地址,2025-12-16,8.7元/斤,true
SL0986,P0986,京东自营,线上商城,线上商城,2025-08-01,13.3元/斤,true
SL0987,P0987,京东自营,线上商城,线上商城,2025-10-26,33.4元/斤,true
SL0988,P0988,永辉超市,成都春熙店,成都春熙店地址,2025-09-05,42.5元/斤,true
SL0989,P0989,大润发,苏州店,苏州店地址,2025-12-09,47.2元/斤,true
SL0990,P0990,永辉超市,西安高新店,西安高新店地址,2025-11-23,30.2元/斤,true
SL0991,P0991,大润发,无锡店,无锡店地址,2025-08-10,42.4元/斤,true
SL0992,P0992,京东自营,线上商城,线上商城,2025-11-02,18.8元/斤,true
SL0993,P0993,盒马鲜生,北京朝阳店,北京朝阳店地址,2025-10-10,43.9元/斤,true
SL0994,P0994,大润发,无锡店,无锡店地址,2025-11-25,11.6元/斤,true
SL0995,P0995,大润发,杭州店,杭州店地址,2025-10-16,38.6元/斤,true
SL0996,P0996,永辉超市,南京新街口店,南京新街口店地址,2025-10-11,36.9元/斤,true
SL0997,P0997,华润万家,东莞店,东莞店地址,2025-12-19,31.1元/斤,true
SL0998,P0998,京东自营,线上商城,线上商城,2025-08-01,38.9元/斤,true
SL0999,P0999,物美超市,天津南开店,天津南开店地址,2025-12-18,32.1元/斤,true
SL1000,P1000,物美超市,北京丰台店,北京丰台店地址,2025-11-15,41.4元/斤,true
SL1001,P1001,大润发,无锡店,无锡店地址,2025-09-15,2.9元/斤,true
SL1002,P1002,大润发,无锡店,无锡店地址,2025-08-15,31.4元/斤,true
SL1003,P1003,物美超市,北京海淀店,北京海淀店地址,2025-10-12,8.8元/斤,true
SL1004,P1004,盒马鲜生,上海浦东店,上海浦东店地址,2025-09-15,38.0元/斤,true
SL1005,P1005,盒马鲜生,北京朝阳店,北京朝阳店地址,2025-09-08,18.2元/斤,true
SL1006,P1006,大润发,杭州店,杭州店地址,2025-08-04,4.6元/斤,true
SL1007,P1007,华润万家,深圳店,深圳店地址,2025-09-22,46.7元/斤,true
SL1008,P1008,京东自营,线上商城,线上商城,2025-09-26,16.5元/斤,true
SL1009,P1009,永辉超市,武汉光谷店,武汉光谷店地址,2025-08-05,46.6元/斤,true
SL1010,P1010,京东自营,线上商城,线上商城,2025-08-07,10.9元/斤,true
SL1011,P1011,京东自营,线上商城,线上商城,2025-08-08,43.0元/斤,true
SL1012,P1012,京东自营,线上商城,线上商城,2025-08-06,41.4元/斤,true
SL1013,P1013,天猫超市,线上商城,线上商城,2025-09-18,44.5元/斤,true
SL1014,P1014,天猫超市,线上商城,线上商城,2025-12-04,30.3元/斤,true
SL1015,P1015,永辉超市,成都春熙店,成都春熙店地址,2025-10-04,24.4元/斤,true
SL1016,P1016,华润万家,东莞店,东莞店地址,2025-11-01,5.0元/斤,true
SL1017,P1017,天猫超市,线上商城,线上商城,2025-08-10,42.8元/斤,true
SL1018,P1018,京东自营,线上商城,线上商城,2025-08-21,42.7元/斤,true
SL1019,P1019,大润发,苏州店,苏州店地址,2025-09-17,10.9元/斤,true
SL1020,P1020,天猫超市,线上商城,线上商城,2025-11-09,36.7元/斤,true
SL1021,P1021,天猫超市,线上商城,线上商城,2025-11-28,22.1元/斤,true
SL1022,P1022,华润万家,广州店,广州店地址,2025-08-05,40.3元/斤,true
SL1023,P1023,盒马鲜生,广州天河店,广州天河店地址,2025-09-15,39.7元/斤,true
SL1024,P1024,京东自营,线上商城,线上商城,2025-09-27,16.0元/斤,true
SL1025,P1025,华润万家,东莞店,东莞店地址,2025-09-19,17.2元/斤,false
SL1026,P1026,京东自营,线上商城,线上商城,2025-11-18,11.2元/斤,true
SL1027,P1027,天猫超市,线上商城,线上商城,2025-09-07,10.1元/斤,true
SL1028,P1028,天猫超市,线上商城,线上商城,2025-09-24,47.1元/斤,true
SL1029,P1029,盒马鲜生,广州天河店,广州天河店地址,2025-08-03,10.8元/斤,true
SL1030,P1030,华润万家,深圳店,深圳店地址,2025-09-11,9.5元/斤,true
SL1031,P1031,永辉超市,南京新街口店,南京新街口店地址,2025-11-08,31.9元/斤,true
SL1032,P1032,盒马鲜生,广州天河店,广州天河店地址,2025-10-15,36.1元/斤,true
SL1033,P1033,物美超市,北京海淀店,北京海淀店地址,2025-08-09,31.3元/斤,true
SL1034,P1034,物美超市,北京丰台店,北京丰台店地址,2025-12-09,36.7元/斤,true
SL1035,P1035,盒马鲜生,上海浦东店,上海浦东店地址,2025-12-18,21.3元/斤,false
SL1036,P1036,京东自营,线上商城,线上商城,2025-08-07,14.5元/斤,true
SL1037,P1037,盒马鲜生,广州天河店,广州天河店地址,2025-12-18,19.3元/斤,true
SL1038,P1038,永辉超市,武汉光谷店,武汉光谷店地址,2025-11-23,32.6元/斤,true
SL1039,P1039,物美超市,天津南开店,天津南开店地址,2025-12-14,37.6元/斤,true
SL1040,P1040,永辉超市,南京新街口店,南京新街口店地址,2025-08-04,7.5元/斤,true
SL1041,P1041,天猫超市,线上商城,线上商城,2025-08-05,7.6元/斤,true
SL1042,P1042,京东自营,线上商城,线上商城,2025-11-17,31.1元/斤,true
SL1043,P1043,华润万家,广州店,广州店地址,2025-10-28,11.3元/斤,true
SL1044,P1044,盒马鲜生,深圳南山店,深圳南山店地址,2025-11-02,9.9元/斤,true
SL1045,P1045,永辉超市,武汉光谷店,武汉光谷店地址,2025-12-01,49.7元/斤,true
SL1046,P1046,天猫超市,线上商城,线上商城,2025-09-20,27.9元/斤,true
SL1047,P1047,盒马鲜生,北京朝阳店,北京朝阳店地址,2025-10-24,28.6元/斤,true
SL1048,P1048,永辉超市,南京新街口店,南京新街口店地址,2025-12-21,27.1元/斤,true
SL1049,P1049,盒马鲜生,深圳南山店,深圳南山店地址,2025-09-24,49.7元/斤,true
SL1050,P1050,大润发,苏州店,苏州店地址,2025-08-28,36.0元/斤,true
SL1051,P1051,大润发,无锡店,无锡店地址,2025-12-07,5.3元/斤,true
SL1052,P1052,天猫超市,线上商城,线上商城,2025-08-15,7.4元/斤,true
SL1053,P1053,京东自营,线上商城,线上商城,2025-09-25,32.6元/斤,true
SL1054,P1054,永辉超市,成都春熙店,成都春熙店地址,2025-08-05,34.1元/斤,true
SL1055,P1055,大润发,无锡店,无锡店地址,2025-08-20,12.5元/斤,true
SL1056,P1056,永辉超市,成都春熙店,成都春熙店地址,2025-11-04,8.6元/斤,true
SL1057,P1057,天猫超市,线上商城,线上商城,2025-08-23,23.2元/斤,true
SL1058,P1058,天猫超市,线上商城,线上商城,2025-08-05,27.0元/斤,true
SL1059,P1059,大润发,无锡店,无锡店地址,2025-10-15,18.3元/斤,true
SL1060,P1060,华润万家,东莞店,东莞店地址,2025-12-20,27.7元/斤,true
SL1061,P1061,大润发,无锡店,无锡店地址,2025-08-26,46.5元/斤,true
SL1062,P1062,永辉超市,西安高新店,西安高新店地址,2025-08-14,3.7元/斤,true
SL1063,P1063,华润万家,东莞店,东莞店地址,2025-08-13,28.1元/斤,true
SL1064,P1064,天猫超市,线上商城,线上商城,2025-12-02,23.7元/斤,true
SL1065,P1065,永辉超市,西安高新店,西安高新店地址,2025-09-10,16.5元/斤,true
SL1066,P1066,物美超市,北京海淀店,北京海淀店地址,2025-12-08,28.7元/斤,true
SL1067,P1067,京东自营,线上商城,线上商城,2025-12-05,13.4元/斤,true
SL1068,P1068,永辉超市,成都春熙店,成都春熙店地址,2025-09-21,36.3元/斤,true
SL1069,P1069,华润万家,东莞店,东莞店地址,2025-09-07,11.2元/斤,true
SL1070,P1070,华润万家,广州店,广州店地址,2025-08-12,15.0元/斤,true
SL1071,P1071,天猫超市,线上商城,线上商城,2025-12-05,7.2元/斤,true
SL1072,P1072,天猫超市,线上商城,线上商城,2025-10-28,38.8元/斤,true
SL1073,P1073,物美超市,北京海淀店,北京海淀店地址,2025-08-22,23.2元/斤,true
SL1074,P1074,京东自营,线上商城,线上商城,2025-12-13,26.9元/斤,true
SL1075,P1075,天猫超市,线上商城,线上商城,2025-08-27,17.0元/斤,true
SL1076,P1076,京东自营,线上商城,线上商城,2025-10-22,12.9元/斤,true
SL1077,P1077,京东自营,线上商城,线上商城,2025-12-23,22.5元/斤,true
SL1078,P1078,永辉超市,成都春熙店,成都春熙店地址,2025-11-19,26.2元/斤,true
SL1079,P1079,华润万家,广州店,广州店地址,2025-09-08,14.3元/斤,true
SL1080,P1080,大润发,杭州店,杭州店地址,2025-08-26,26.8元/斤,true
SL1081,P1081,京东自营,线上商城,线上商城,2025-11-26,49.0元/斤,true
SL1082,P1082,盒马鲜生,上海浦东店,上海浦东店地址,2025-09-03,32.2元/斤,true
SL1083,P1083,盒马鲜生,广州天河店,广州天河店地址,2025-12-12,3.7元/斤,true
SL1084,P1084,天猫超市,线上商城,线上商城,2025-09-13,24.4元/斤,true
SL1085,P1085,盒马鲜生,深圳南山店,深圳南山店地址,2025-08-06,9.2元/斤,true
SL1086,P1086,大润发,杭州店,杭州店地址,2025-08-09,45.0元/斤,true
SL1087,P1087,天猫超市,线上商城,线上商城,2025-10-18,43.2元/斤,true
SL1088,P1088,大润发,苏州店,苏州店地址,2025-09-04,28.9元/斤,true
SL1089,P1089,天猫超市,线上商城,线上商城,2025-08-05,13.2元/斤,true
SL1090,P1090,京东自营,线上商城,线上商城,2025-12-20,34.1元/斤,true
SL1091,P1091,大润发,苏州店,苏州店地址,2025-12-11,42.9元/斤,true
SL1092,P1092,永辉超市,西安高新店,西安高新店地址,2025-11-05,47.0元/斤,true
SL1093,P1093,京东自营,线上商城,线上商城,2025-09-17,25.2元/斤,true
SL1094,P1094,京东自营,线上商城,线上商城,2025-12-12,25.1元/斤,true
SL1095,P1095,华润万家,广州店,广州店地址,2025-09-06,37.1元/斤,true
SL1096,P1096,华润万家,深圳店,深圳店地址,2025-10-14,43.1元/斤,true
SL1097,P1097,大润发,杭州店,杭州店地址,2025-11-16,12.2元/斤,true
SL1098,P1098,京东自营,线上商城,线上商城,2025-08-19,16.8元/斤,true
SL1099,P1099,大润发,杭州店,杭州店地址,2025-12-08,10.1元/斤,true
SL1100,P1100,华润万家,深圳店,深圳店地址,2025-12-20,24.0元/斤,true
SL1101,P1101,永辉超市,西安高新店,西安高新店地址,2025-12-27,23.0元/斤,true
SL1102,P1102,大润发,杭州店,杭州店地址,2025-08-19,34.5元/斤,true
SL1103,P1103,京东自营,线上商城,线上商城,2025-09-13,33.3元/斤,true
SL1104,P1104,天猫超市,线上商城,线上商城,2025-08-15,8.8元/斤,true
SL1105,P1105,京东自营,线上商城,线上商城,2025-11-04,6.7元/斤,true
SL1106,P1106,华润万家,东莞店,东莞店地址,2025-12-13,43.6元/斤,true
SL1107,P1107,京东自营,线上商城,线上商城,2025-12-07,26.7元/斤,true
SL1108,P1108,物美超市,北京丰台店,北京丰台店地址,2025-12-05,29.2元/斤,true
SL1109,P1109,天猫超市,线上商城,线上商城,2025-11-20,31.3元/斤,true
SL1110,P1110,天猫超市,线上商城,线上商城,2025-11-12,22.8元/斤,true
SL1111,P1111,物美超市,北京海淀店,北京海淀店地址,2025-08-21,45.2元/斤,true
SL1112,P1112,京东自营,线上商城,线上商城,2025-08-27,46.0元/斤,true
SL1113,P1113,物美超市,北京丰台店,北京丰台店地址,2025-11-25,33.5元/斤,true
SL1114,P1114,盒马鲜生,上海浦东店,上海浦东店地址,2025-10-22,18.2元/斤,true
SL1115,P1115,京东自营,线上商城,线上商城,2025-09-07,42.2元/斤,true
SL1116,P1116,永辉超市,西安高新店,西安高新店地址,2025-12-27,13.2元/斤,true
SL1117,P1117,天猫超市,线上商城,线上商城,2025-08-08,15.8元/斤,true
SL1118,P1118,盒马鲜生,北京朝阳店,北京朝阳店地址,2025-11-28,8.8元/斤,true
SL1119,P1119,京东自营,线上商城,线上商城,2025-11-03,28.6元/斤,true
SL1120,P1120,盒马鲜生,北京朝阳店,北京朝阳店地址,2025-08-11,11.7元/斤,true
SL1121,P1121,物美超市,北京丰台店,北京丰台店地址,2025-12-24,7.8元/斤,true
SL1122,P1122,京东自营,线上商城,线上商城,2025-10-01,28.0元/斤,true
SL1123,P1123,永辉超市,西安高新店,西安高新店地址,2025-12-15,20.5元/斤,true
SL1124,P1124,永辉超市,成都春熙店,成都春熙店地址,2025-12-09,17.6元/斤,true
SL1125,P1125,物美超市,天津南开店,天津南开店地址,2025-11-09,2.3元/斤,true
SL1126,P1126,物美超市,天津南开店,天津南开店地址,2025-10-08,22.9元/斤,true
SL1127,P1127,永辉超市,成都春熙店,成都春熙店地址,2025-11-28,13.9元/斤,true
SL1128,P1128,永辉超市,成都春熙店,成都春熙店地址,2025-09-05,21.9元/斤,true
SL1129,P1129,盒马鲜生,上海浦东店,上海浦东店地址,2025-12-09,29.3元/斤,true
SL1130,P1130,大润发,无锡店,无锡店地址,2025-08-18,45.6元/斤,true
SL1131,P1131,物美超市,北京丰台店,北京丰台店地址,2025-08-02,14.7元/斤,true
SL1132,P1132,物美超市,北京丰台店,北京丰台店地址,2025-12-21,24.5元/斤,true
SL1133,P1133,永辉超市,武汉光谷店,武汉光谷店地址,2025-09-04,29.5元/斤,true
SL1134,P1134,华润万家,深圳店,深圳店地址,2025-09-06,35.8元/斤,true
SL1135,P1135,物美超市,北京丰台店,北京丰台店地址,2025-10-22,42.3元/斤,true
SL1136,P1136,京东自营,线上商城,线上商城,2025-10-28,31.4元/斤,true
SL1137,P1137,天猫超市,线上商城,线上商城,2025-11-24,19.0元/斤,true
SL1138,P1138,大润发,苏州店,苏州店地址,2025-09-17,31.6元/斤,true
SL1139,P1139,大润发,无锡店,无锡店地址,2025-10-08,25.6元/斤,false
SL1140,P1140,大润发,杭州店,杭州店地址,2025-12-05,26.3元/斤,true
SL1141,P1141,永辉超市,武汉光谷店,武汉光谷店地址,2025-08-20,16.5元/斤,true
SL1142,P1142,物美超市,北京丰台店,北京丰台店地址,2025-11-18,5.0元/斤,true
SL1143,P1143,物美超市,天津南开店,天津南开店地址,2025-11-06,30.0元/斤,true
SL1144,P1144,物美超市,天津南开店,天津南开店地址,2025-12-23,32.0元/斤,true
SL1145,P1145,物美超市,北京丰台店,北京丰台店地址,2025-08-02,37.9元/斤,true
SL1146,P1146,天猫超市,线上商城,线上商城,2025-08-17,33.6元/斤,true
SL1147,P1147,永辉超市,西安高新店,西安高新店地址,2025-10-05,25.8元/斤,true
SL1148,P1148,大润发,无锡店,无锡店地址,2025-12-21,34.3元/斤,true
SL1149,P1149,物美超市,北京丰台店,北京丰台店地址,2025-12-13,19.0元/斤,true
SL1150,P1150,大润发,苏州店,苏州店地址,2025-09-24,21.1元/斤,true
SL1151,P1151,大润发,苏州店,苏州店地址,2025-08-13,45.9元/斤,true
SL1152,P1152,盒马鲜生,广州天河店,广州天河店地址,2025-11-20,29.2元/斤,true
SL1153,P1153,天猫超市,线上商城,线上商城,2025-08-21,9.6元/斤,true
SL1154,P1154,京东自营,线上商城,线上商城,2025-09-28,7.8元/斤,true
SL1155,P1155,京东自营,线上商城,线上商城,2025-11-24,49.4元/斤,true
SL1156,P1156,盒马鲜生,上海浦东店,上海浦东店地址,2025-11-11,31.1元/斤,true
SL1157,P1157,永辉超市,武汉光谷店,武汉光谷店地址,2025-10-05,31.5元/斤,true
SL1158,P1158,华润万家,广州店,广州店地址,2025-11-27,43.7元/斤,true
SL1159,P1159,天猫超市,线上商城,线上商城,2025-10-16,47.5元/斤,true
SL1160,P1160,大润发,苏州店,苏州店地址,2025-10-01,43.1元/斤,true
SL1161,P1161,物美超市,天津南开店,天津南开店地址,2025-09-04,15.7元/斤,true
SL1162,P1162,华润万家,广州店,广州店地址,2025-11-11,27.5元/斤,true
SL1163,P1163,盒马鲜生,深圳南山店,深圳南山店地址,2025-11-21,35.3元/斤,true
SL1164,P1164,物美超市,天津南开店,天津南开店地址,2025-10-15,25.7元/斤,true
SL1165,P1165,物美超市,北京丰台店,北京丰台店地址,2025-11-07,26.3元/斤,true
SL1166,P1166,华润万家,深圳店,深圳店地址,2025-08-14,28.1元/斤,true
SL1167,P1167,大润发,无锡店,无锡店地址,2025-09-13,3.8元/斤,true
SL1168,P1168,物美超市,北京丰台店,北京丰台店地址,2025-09-16,29.6元/斤,true
SL1169,P1169,盒马鲜生,深圳南山店,深圳南山店地址,2025-09-14,14.4元/斤,true
SL1170,P1170,物美超市,北京丰台店,北京丰台店地址,2025-11-05,44.4元/斤,true
SL1171,P1171,大润发,无锡店,无锡店地址,2025-12-10,24.6元/斤,true
SL1172,P1172,京东自营,线上商城,线上商城,2025-11-07,49.4元/斤,true
SL1173,P1173,大润发,苏州店,苏州店地址,2025-09-28,36.7元/斤,true
SL1174,P1174,京东自营,线上商城,线上商城,2025-12-11,19.5元/斤,true
SL1175,P1175,大润发,苏州店,苏州店地址,2025-10-08,37.7元/斤,true
SL1176,P1176,京东自营,线上商城,线上商城,2025-10-20,46.7元/斤,true
SL1177,P1177,盒马鲜生,广州天河店,广州天河店地址,2025-09-20,11.2元/斤,true
SL1178,P1178,物美超市,天津南开店,天津南开店地址,2025-11-22,8.4元/斤,true
SL1179,P1179,物美超市,天津南开店,天津南开店地址,2025-11-21,15.1元/斤,true
SL1180,P1180,盒马鲜生,广州天河店,广州天河店地址,2025-08-26,26.2元/斤,true
SL1181,P1181,京东自营,线上商城,线上商城,2025-10-19,49.9元/斤,true
SL1182,P1182,京东自营,线上商城,线上商城,2025-12-12,43.8元/斤,true
SL1183,P1183,大润发,无锡店,无锡店地址,2025-12-04,28.2元/斤,true
SL1184,P1184,大润发,苏州店,苏州店地址,2025-10-26,7.7元/斤,true
SL1185,P1185,京东自营,线上商城,线上商城,2025-12-24,16.1元/斤,true
SL1186,P1186,大润发,杭州店,杭州店地址,2025-10-18,17.7元/斤,true
SL1187,P1187,天猫超市,线上商城,线上商城,2025-11-08,42.0元/斤,true
SL1188,P1188,天猫超市,线上商城,线上商城,2025-12-19,6.5元/斤,true
SL1189,P1189,华润万家,东莞店,东莞店地址,2025-12-10,14.0元/斤,true
SL1190,P1190,京东自营,线上商城,线上商城,2025-11-01,24.8元/斤,true
SL1191,P1191,永辉超市,武汉光谷店,武汉光谷店地址,2025-09-14,15.0元/斤,true
SL1192,P1192,大润发,无锡店,无锡店地址,2025-12-19,21.0元/斤,true
SL1193,P1193,盒马鲜生,上海浦东店,上海浦东店地址,2025-12-18,45.4元/斤,true
SL1194,P1194,盒马鲜生,深圳南山店,深圳南山店地址,2025-08-10,5.2元/斤,true
SL1195,P1195,永辉超市,西安高新店,西安高新店地址,2025-10-25,16.9元/斤,true
SL1196,P1196,华润万家,广州店,广州店地址,2025-10-05,27.0元/斤,true
SL1197,P1197,华润万家,广州店,广州店地址,2025-09-10,7.5元/斤,true
SL1198,P1198,华润万家,东莞店,东莞店地址,2025-09-28,20.8元/斤,true
SL1199,P1199,天猫超市,线上商城,线上商城,2025-12-09,15.8元/斤,true
SL1200,P1200,盒马鲜生,北京朝阳店,北京朝阳店地址,2025-10-07,11.0元/斤,true
