product_id,trace_code,product_name,category,batch_no,create_time,overall_qualified
P0001,56B2B385FF8EF870,土豆,蔬菜,土豆202512310001,2025-05-16 14:00:00,true
P0002,694257FD24B8DF45,白菜,蔬菜,白菜202512310002,2025-04-12 12:00:00,true
P0003,EC535F8B59614FBB,豆角,蔬菜,豆角202512310003,2025-05-10 13:00:00,true
P0004,2C97DFC5F97C174B,大豆,粮食,大豆202512310004,2025-10-01 18:00:00,true
P0005,BCD58A7A9E7F8E9D,草莓,水果,草莓202512310005,2025-05-03 10:00:00,true
P0006,7A3A125202C1873F,红富士苹果,水果,红富202512310006,2025-09-03 16:00:00,true
P0007,1A858D9A15077ECB,芒果,水果,芒果202512310007,2025-10-27 18:00:00,true
P0008,199374D33A38CDC6,草莓,水果,草莓202512310008,2025-02-19 11:00:00,true
P0009,4327397FEB3ACBF1,辣椒,蔬菜,辣椒202512310009,2025-07-28 16:00:00,true
P0010,9D9AC414DCDB8D46,柚子,水果,柚子202512310010,2025-03-23 11:00:00,true
P0011,4152BB1ABE08C6C5,土豆,蔬菜,土豆202512310011,2025-05-11 09:00:00,true
P0012,D0EEDFA513D01B0C,芒果,水果,芒果202512310012,2025-05-17 09:00:00,true
P0013,E01A9EBEAE6FA0FC,樱桃,水果,樱桃202512310013,2025-08-25 12:00:00,true
P0014,8FD227CD969331E7,梨,水果,梨202512310014,2025-03-19 12:00:00,true
P0015,42BB801FB0A57701,玉米,粮食,玉米202512310015,2025-02-18 12:00:00,true
P0016,E10896F7254B1D77,西红柿,蔬菜,西红202512310016,2025-09-26 18:00:00,true
P0017,C02E864FED8845DD,香蕉,水果,香蕉202512310017,2025-08-14 09:00:00,true
P0018,792F4FFAB11DD811,柚子,水果,柚子202512310018,2025-09-24 09:00:00,true
P0019,A27A0773D8E31DBA,西瓜,水果,西瓜202512310019,2025-04-09 15:00:00,true
P0020,2B14ACF5831DA95C,猕猴桃,水果,猕猴202512310020,2025-01-01 15:00:00,true
P0021,3369264E70194E08,柚子,水果,柚子202512310021,2025-06-18 10:00:00,true
P0022,55CBCA5B7E0DC150,芒果,水果,芒果202512310022,2025-12-23 09:00:00,true
P0023,1C7FFC6347CFC0DA,樱桃,水果,樱桃202512310023,2025-08-19 18:00:00,true
P0024,4583A6D21E2DA540,梨,水果,梨202512310024,2025-05-17 13:00:00,true
P0025,0D4579391CC47E19,白菜,蔬菜,白菜202512310025,2025-06-21 17:00:00,true
P0026,2EB3134F564E092A,红薯,粮食,红薯202512310026,2025-06-12 14:00:00,true
P0027,A70A59CC0AF4A47D,菠菜,蔬菜,菠菜202512310027,2025-01-25 18:00:00,true
P0028,E219C3F99B182015,燕麦,粮食,燕麦202512310028,2025-06-08 10:00:00,true
P0029,6BCE7C478996905A,豆角,蔬菜,豆角202512310029,2025-09-11 14:00:00,true
P0030,1B9AF4C51C486AFD,红富士苹果,水果,红富202512310030,2025-05-08 08:00:00,true
P0031,1CCF3D7BE52DB029,菠菜,蔬菜,菠菜202512310031,2025-01-16 17:00:00,true
P0032,B4BF09B9AFE61D65,有机番茄,蔬菜,有机202512310032,2025-04-20 15:00:00,true
P0033,9C10BC111F95BAEC,土豆,蔬菜,土豆202512310033,2025-09-22 13:00:00,true
P0034,907CEA191613422B,白菜,蔬菜,白菜202512310034,2025-12-12 14:00:00,true
P0035,D244037230519230,红薯,粮食,红薯202512310035,2025-05-11 15:00:00,true
P0036,44E1E1D8AD6D3F31,土豆,蔬菜,土豆202512310036,2025-08-24 08:00:00,true
P0037,8FB0028C3A5246EA,红富士苹果,水果,红富202512310037,2025-03-28 14:00:00,true
P0038,0318C2FD7CBB71C0,东北大米,粮食,东北202512310038,2025-12-07 14:00:00,true
P0039,BEC1A78CFD1A1EB2,大豆,粮食,大豆202512310039,2025-11-22 18:00:00,true
P0040,74942132FC60725F,葡萄,水果,葡萄202512310040,2025-09-28 11:00:00,true
P0041,C96E6D956DBA230F,柚子,水果,柚子202512310041,2025-08-15 17:00:00,true
P0042,BB8A63736A0FA17F,西瓜,水果,西瓜202512310042,2025-06-25 11:00:00,true
P0043,F1C8ED9F3C50C113,西瓜,水果,西瓜202512310043,2025-08-08 15:00:00,true
P0044,5F44B5386F791AF3,花生,粮食,花生202512310044,2025-07-08 16:00:00,true
P0045,0C74F6910F798DE4,土豆,蔬菜,土豆202512310045,2025-07-15 13:00:00,true
P0046,516876A6254D4F51,玉米,粮食,玉米202512310046,2025-07-11 12:00:00,true
P0047,BB85AE66417D5736,草莓,水果,草莓202512310047,2025-12-03 11:00:00,true
P0048,BB9C03CC5D851084,辣椒,蔬菜,辣椒202512310048,2025-10-05 10:00:00,true
P0049,AF8DA86BB9AD6F94,猕猴桃,水果,猕猴202512310049,2025-06-24 18:00:00,true
P0050,2B5101EF9C2DC9F3,小麦,粮食,小麦202512310050,2025-12-08 11:00:00,true
P0051,B2B94E12C88A7F09,西红柿,蔬菜,西红202512310051,2025-09-09 09:00:00,true
P0052,CC1257A21733DC8B,花生,粮食,花生202512310052,2025-03-22 18:00:00,true
P0053,76E85E238E0D85BA,芒果,水果,芒果202512310053,2025-12-11 12:00:00,true
P0054,A2D8CDF90FDBDB03,东北大米,粮食,东北202512310054,2025-03-19 17:00:00,true
P0055,C0733B25262F5AF6,草莓,水果,草莓202512310055,2025-12-28 17:00:00,true
P0056,B1C2D8497695D2EF,西瓜,水果,西瓜202512310056,2025-04-24 18:00:00,true
P0057,57BF677F21BF7106,西瓜,水果,西瓜202512310057,2025-12-05 18:00:00,true
P0058,6B7F8C230E59A541,白菜,蔬菜,白菜202512310058,2025-10-28 16:00:00,true
P0059,5395142A7E7F8FD7,芒果,水果,芒果202512310059,2025-05-05 10:00:00,true
P0060,1EDF7BE380CC6664,梨,水果,梨202512310060,2025-08-25 13:00:00,true
P0061,84E918D4720A4BE6,芒果,水果,芒果202512310061,2025-10-06 14:00:00,true
P0062,9088426830A832D9,胡萝卜,蔬菜,胡萝202512310062,2025-10-23 16:00:00,true
P0063,8A461874738B8B78,玉米,粮食,玉米202512310063,2025-02-22 17:00:00,true
P0064,CBFFF12463C38C41,橙子,水果,橙子202512310064,2025-11-24 08:00:00,true
P0065,A9B1F904FA6F0E00,葡萄,水果,葡萄202512310065,2025-02-01 08:00:00,true
P0066,AB571B376FEE5ED4,东北大米,粮食,东北202512310066,2025-11-20 08:00:00,true
P0067,208D623699C4E162,茄子,蔬菜,茄子202512310067,2025-10-26 18:00:00,true
P0068,8EEFFBA1BA48F922,黄瓜,蔬菜,黄瓜202512310068,2025-06-06 13:00:00,true
P0069,6765B53C4E2EFAF7,土豆,蔬菜,土豆202512310069,2025-07-02 12:00:00,true
P0070,461970720AF5E38E,芒果,水果,芒果202512310070,2025-07-27 11:00:00,true
P0071,72AD7D9E17CDB604,樱桃,水果,樱桃202512310071,2025-07-13 09:00:00,true
P0072,3B43F5717DF6E4D4,猕猴桃,水果,猕猴202512310072,2025-01-22 15:00:00,true
P0073,EF5250728CB54885,桃子,水果,桃子202512310073,2025-11-10 11:00:00,true
P0074,F7ED55BA7809D91C,梨,水果,梨202512310074,2025-05-12 09:00:00,true
P0075,81F2BEA875ECFEC8,草莓,水果,草莓202512310075,2025-11-24 09:00:00,true
P0076,5C598BA6A9B59F8D,胡萝卜,蔬菜,胡萝202512310076,2025-05-26 12:00:00,true
P0077,658C0FE563D3DCDC,大豆,粮食,大豆202512310077,2025-05-21 14:00:00,true
P0078,A6088D73A6F9C6E6,土豆,蔬菜,土豆202512310078,2025-04-08 16:00:00,true
P0079,6219FFA0E85B8E92,芒果,水果,芒果202512310079,2025-09-18 12:00:00,true
P0080,05DE487CC9EF4826,土豆,蔬菜,土豆202512310080,2025-04-05 11:00:00,true
P0081,575BDB07BB71BC22,柚子,水果,柚子202512310081,2025-07-19 14:00:00,true
P0082,6720A692E23C5F31,豆角,蔬菜,豆角202512310082,2025-04-20 11:00:00,true
P0083,CBF1D83F069380C7,猕猴桃,水果,猕猴202512310083,2025-05-06 14:00:00,true
P0084,E6732E75CE9D25E1,土豆,蔬菜,土豆202512310084,2025-04-15 13:00:00,false
P0085,2EFD137D4196389A,小麦,粮食,小麦202512310085,2025-05-12 09:00:00,false
P0086,7FAD02549061AE57,有机番茄,蔬菜,有机202512310086,2025-04-09 10:00:00,true
P0087,294AEA16FEDFE618,茄子,蔬菜,茄子202512310087,2025-11-05 13:00:00,true
P0088,0DC89B89538C5085,红富士苹果,水果,红富202512310088,2025-09-16 09:00:00,true
P0089,CDF050C3991C5840,黄瓜,蔬菜,黄瓜202512310089,2025-10-28 08:00:00,true
P0090,86C0B7B745670D5F,梨,水果,梨202512310090,2025-10-03 13:00:00,true
P0091,67E669A2E2F8E5EA,橙子,水果,橙子202512310091,2025-06-20 08:00:00,true
P0092,80994BE430E6FF88,红富士苹果,水果,红富202512310092,2025-10-23 17:00:00,true
P0093,7C534223C516C0F0,东北大米,粮食,东北202512310093,2025-01-05 18:00:00,true
P0094,6EECB02F7C6FBC94,香蕉,水果,香蕉202512310094,2025-12-26 12:00:00,true
P0095,A3A684291B2E0ED4,胡萝卜,蔬菜,胡萝202512310095,2025-04-22 17:00:00,false
P0096,0142CD56296368E7,土豆,蔬菜,土豆202512310096,2025-04-12 13:00:00,true
P0097,16BF241DBDC6E190,菠菜,蔬菜,菠菜202512310097,2025-01-04 12:00:00,true
P0098,F1F0D991953E5287,白菜,蔬菜,白菜202512310098,2025-12-03 09:00:00,true
P0099,4625CA0FE20EF40C,黄瓜,蔬菜,黄瓜202512310099,2025-12-13 16:00:00,true
P0100,F5FC848E9E9648D7,有机番茄,蔬菜,有机202512310100,2025-06-20 16:00:00,true
P0101,C09EB0422943CA40,桃子,水果,桃子202512310101,2025-12-19 08:00:00,true
P0102,41F6813966C94905,土豆,蔬菜,土豆202512310102,2025-08-12 15:00:00,true
P0103,88EFB3985A44302D,葡萄,水果,葡萄202512310103,2025-12-14 15:00:00,true
P0104,0ACCBDEF61B9AB05,红薯,粮食,红薯202512310104,2025-12-08 10:00:00,true
P0105,3E832DB0EFEA010C,茄子,蔬菜,茄子202512310105,2025-07-09 12:00:00,true
P0106,253AA288B50EA568,草莓,水果,草莓202512310106,2025-04-20 09:00:00,true
P0107,25802073693AB2B2,胡萝卜,蔬菜,胡萝202512310107,2025-06-06 13:00:00,true
P0108,9B8EEC6AE7FBD99C,柚子,水果,柚子202512310108,2025-12-22 18:00:00,false
P0109,740704EDE22D285E,茄子,蔬菜,茄子202512310109,2025-03-13 15:00:00,true
P0110,24C9FF2DC03962A9,桃子,水果,桃子202512310110,2025-09-20 13:00:00,true
P0111,F90C54840C3A1346,草莓,水果,草莓202512310111,2025-11-10 08:00:00,true
P0112,90B96C20C45EBC4C,土豆,蔬菜,土豆202512310112,2025-03-06 11:00:00,true
P0113,0DFEE4F4977DC6BF,茄子,蔬菜,茄子202512310113,2025-02-26 09:00:00,true
P0114,0EF106549FC6EC8B,红薯,粮食,红薯202512310114,2025-05-13 09:00:00,true
P0115,C4B3476FEB6D4020,玉米,粮食,玉米202512310115,2025-12-26 12:00:00,true
P0116,0D4E29472B3FAE6D,香蕉,水果,香蕉202512310116,2025-04-25 18:00:00,true
P0117,AA8B6B797CB82F92,茄子,蔬菜,茄子202512310117,2025-03-20 10:00:00,true
P0118,E1AF66A141673DBA,橙子,水果,橙子202512310118,2025-08-08 16:00:00,true
P0119,3A9A8C11370952E5,大豆,粮食,大豆202512310119,2025-01-05 10:00:00,true
P0120,B6B37B957313649B,西瓜,水果,西瓜202512310120,2025-02-08 14:00:00,true
P0121,55D713B8AB0B1270,大豆,粮食,大豆202512310121,2025-03-13 10:00:00,true
P0122,09B8D8A5B6B2ADA7,芹菜,蔬菜,芹菜202512310122,2025-01-26 09:00:00,true
P0123,39AE884DAA510C29,有机番茄,蔬菜,有机202512310123,2025-07-15 09:00:00,true
P0124,FD7FDC11DC870059,茄子,蔬菜,茄子202512310124,2025-08-06 14:00:00,true
P0125,690FA7BC980A5509,梨,水果,梨202512310125,2025-11-07 17:00:00,true
P0126,13D7BFAE6F184A2E,葡萄,水果,葡萄202512310126,2025-04-02 18:00:00,true
P0127,0B0F52F83BEABB75,豆角,蔬菜,豆角202512310127,2025-06-22 10:00:00,true
P0128,C4E1FB34540E07C2,豆角,蔬菜,豆角202512310128,2025-01-22 15:00:00,true
P0129,CEEBF18A4384847D,土豆,蔬菜,土豆202512310129,2025-06-24 17:00:00,true
P0130,BAA35DC0CE9F17F2,大豆,粮食,大豆202512310130,2025-07-15 09:00:00,true
P0131,F512E3380854EE9D,橙子,水果,橙子202512310131,2025-02-21 12:00:00,true
P0132,4F7933CAEC7A85AA,白菜,蔬菜,白菜202512310132,2025-06-23 16:00:00,true
P0133,5E1DCE7260FA9309,草莓,水果,草莓202512310133,2025-10-18 12:00:00,true
P0134,3B8FACE854DDB16E,东北大米,粮食,东北202512310134,2025-01-05 18:00:00,true
P0135,64764AEF9FCD2616,花生,粮食,花生202512310135,2025-03-25 12:00:00,true
P0136,D64EC67A6F0633E1,红富士苹果,水果,红富202512310136,2025-07-19 12:00:00,true
P0137,8169E8898F075E75,有机番茄,蔬菜,有机202512310137,2025-01-11 15:00:00,true
P0138,B7FAF7FA7A24BE2D,柚子,水果,柚子202512310138,2025-12-12 16:00:00,true
P0139,50AEC30D67D85655,花生,粮食,花生202512310139,2025-12-27 08:00:00,true
P0140,BEB411EEF8291173,梨,水果,梨202512310140,2025-07-13 09:00:00,true
P0141,E06EB81EC837E6EA,西红柿,蔬菜,西红202512310141,2025-11-21 17:00:00,true
P0142,5DE5E3832ACC58ED,樱桃,水果,樱桃202512310142,2025-09-28 17:00:00,true
P0143,C65EBD850E661B78,猕猴桃,水果,猕猴202512310143,2025-10-15 10:00:00,true
P0144,4D285AD72F80A4BF,葡萄,水果,葡萄202512310144,2025-08-28 16:00:00,true
P0145,987B117D87789FE9,葡萄,水果,葡萄202512310145,2025-03-22 09:00:00,true
P0146,5326A5FB6200A7C0,辣椒,蔬菜,辣椒202512310146,2025-04-12 11:00:00,true
P0147,333E10D72DBC2256,芒果,水果,芒果202512310147,2025-04-20 10:00:00,true
P0148,541C3AB7F374046A,橙子,水果,橙子202512310148,2025-10-20 10:00:00,true
P0149,5A121A28C02F1CB7,胡萝卜,蔬菜,胡萝202512310149,2025-06-10 09:00:00,true
P0150,3D221706F3CE17E8,东北大米,粮食,东北202512310150,2025-01-21 11:00:00,true
P0151,E537E0F7C29BB8F8,草莓,水果,草莓202512310151,2025-02-25 08:00:00,true
P0152,489F6CA2E7DCC5F2,土豆,蔬菜,土豆202512310152,2025-12-13 14:00:00,true
P0153,794981155822A003,土豆,蔬菜,土豆202512310153,2025-07-09 18:00:00,true
P0154,5AFE6249055D92C8,草莓,水果,草莓202512310154,2025-01-28 11:00:00,true
P0155,BF0731140D048038,桃子,水果,桃子202512310155,2025-07-21 11:00:00,true
P0156,9FF9D8C2231D1816,红富士苹果,水果,红富202512310156,2025-03-28 11:00:00,true
P0157,32EE874B8105717F,小麦,粮食,小麦202512310157,2025-09-20 18:00:00,true
P0158,EF01E081CD82A645,葡萄,水果,葡萄202512310158,2025-12-16 16:00:00,true
P0159,988322B14BE931F1,白菜,蔬菜,白菜202512310159,2025-06-20 15:00:00,true
P0160,5A54BF13E9E2E0C9,大豆,粮食,大豆202512310160,2025-12-21 09:00:00,true
P0161,28ABE5101CBF1653,梨,水果,梨202512310161,2025-02-26 18:00:00,true
P0162,5C836B92CD7F7B23,大豆,粮食,大豆202512310162,2025-08-25 12:00:00,true
P0163,F937108197C5C2C1,草莓,水果,草莓202512310163,2025-12-13 16:00:00,true
P0164,A9E529FB921BB5D5,橙子,水果,橙子202512310164,2025-01-23 12:00:00,true
P0165,E2FEDE8F47C5C2FF,花生,粮食,花生202512310165,2025-04-18 12:00:00,true
P0166,0DFAC7BD9EC9CA60,草莓,水果,草莓202512310166,2025-02-11 09:00:00,true
P0167,C7DE8C4AB3807AC2,猕猴桃,水果,猕猴202512310167,2025-12-13 15:00:00,true
P0168,3178F3596440858D,红薯,粮食,红薯202512310168,2025-11-20 11:00:00,true
P0169,95098834A7C74866,豆角,蔬菜,豆角202512310169,2025-01-14 16:00:00,true
P0170,BBECE90ABB195E11,有机番茄,蔬菜,有机202512310170,2025-05-19 15:00:00,true
P0171,4B64F11C95993921,东北大米,粮食,东北202512310171,2025-04-17 08:00:00,true
P0172,A3CBD032A13C6EED,有机番茄,蔬菜,有机202512310172,2025-12-15 13:00:00,true
P0173,33742B43DB632D8A,大豆,粮食,大豆202512310173,2025-10-14 16:00:00,true
P0174,97EC85E9173ECE96,大豆,粮食,大豆202512310174,2025-01-26 18:00:00,true
P0175,4B9FBEFEA1A7FDE4,辣椒,蔬菜,辣椒202512310175,2025-03-20 08:00:00,true
P0176,987C85B739107420,辣椒,蔬菜,辣椒202512310176,2025-01-24 15:00:00,true
P0177,3AFA7B15E3D77FE9,香蕉,水果,香蕉202512310177,2025-08-14 10:00:00,true
P0178,32D38DBF11D7D00C,柚子,水果,柚子202512310178,2025-03-27 13:00:00,true
P0179,F19CC27D41F480AC,有机番茄,蔬菜,有机202512310179,2025-04-14 13:00:00,true
P0180,63B92BFFB71DAEB0,黄瓜,蔬菜,黄瓜202512310180,2025-11-26 15:00:00,true
P0181,181F557544CAC8E9,茄子,蔬菜,茄子202512310181,2025-06-20 18:00:00,false
P0182,3E67B0A077489357,燕麦,粮食,燕麦202512310182,2025-12-12 14:00:00,true
P0183,345B09FC36DE2EB1,小麦,粮食,小麦202512310183,2025-08-23 12:00:00,true
P0184,370E0B615F467D3C,橙子,水果,橙子202512310184,2025-12-05 11:00:00,true
P0185,8305261A5E0E93F5,草莓,水果,草莓202512310185,2025-06-10 10:00:00,true
P0186,6C14325BACCF33D4,有机番茄,蔬菜,有机202512310186,2025-09-20 09:00:00,true
P0187,95E27457538BD076,白菜,蔬菜,白菜202512310187,2025-05-18 15:00:00,true
P0188,4D275ECB3CEC6EF4,黄瓜,蔬菜,黄瓜202512310188,2025-01-23 08:00:00,true
P0189,1BE8F898C57204A8,玉米,粮食,玉米202512310189,2025-07-18 11:00:00,true
P0190,0E129130FD3676DD,橙子,水果,橙子202512310190,2025-03-18 17:00:00,true
P0191,92DD668D9E6BF51C,有机番茄,蔬菜,有机202512310191,2025-11-08 14:00:00,true
P0192,0FA36336583C6950,燕麦,粮食,燕麦202512310192,2025-03-12 12:00:00,true
P0193,29CE230F91C6A632,小麦,粮食,小麦202512310193,2025-07-15 16:00:00,true
P0194,9405637253D17A5C,燕麦,粮食,燕麦202512310194,2025-07-10 16:00:00,true
P0195,B07DCA4D317A187C,白菜,蔬菜,白菜202512310195,2025-10-19 08:00:00,true
P0196,9BCDF02150CA064E,辣椒,蔬菜,辣椒202512310196,2025-09-09 08:00:00,true
P0197,8CAF2DF9E438D433,梨,水果,梨202512310197,2025-02-23 17:00:00,true
P0198,FD90F77E0BE4E5F9,西瓜,水果,西瓜202512310198,2025-06-09 14:00:00,true
P0199,BBB45C7F42BB7F1E,茄子,蔬菜,茄子202512310199,2025-11-21 14:00:00,true
P0200,9F1CF724C43D9F85,橙子,水果,橙子202512310200,2025-09-23 18:00:00,true
P0201,67CF0B31D41E89D4,花生,粮食,花生202512310201,2025-10-02 16:00:00,true
P0202,0536C1447BBB35E8,芒果,水果,芒果202512310202,2025-04-26 18:00:00,true
P0203,3F0C70FA11AE0170,猕猴桃,水果,猕猴202512310203,2025-09-19 18:00:00,true
P0204,7056A66AF18951ED,猕猴桃,水果,猕猴202512310204,2025-10-01 13:00:00,true
P0205,3ECC138C23D4C478,芒果,水果,芒果202512310205,2025-02-24 08:00:00,true
P0206,861EBB2C023ABED5,白菜,蔬菜,白菜202512310206,2025-04-05 10:00:00,true
P0207,A7DAFE6930EE26C1,猕猴桃,水果,猕猴202512310207,2025-01-19 12:00:00,true
P0208,94FBB04513BB54B9,有机番茄,蔬菜,有机202512310208,2025-02-05 16:00:00,true
P0209,94CBDD514AF3C073,芒果,水果,芒果202512310209,2025-08-01 18:00:00,true
P0210,E69AFC73B25253F1,有机番茄,蔬菜,有机202512310210,2025-03-19 12:00:00,true
P0211,59D5F08A30EDE161,红薯,粮食,红薯202512310211,2025-09-17 18:00:00,true
P0212,AA8445D2D0FEF7B5,大豆,粮食,大豆202512310212,2025-04-16 16:00:00,true
P0213,68E7F6EE9B611ED9,梨,水果,梨202512310213,2025-06-06 13:00:00,true
P0214,F366953410E9071B,红富士苹果,水果,红富202512310214,2025-08-17 15:00:00,true
P0215,00CEB4260A121232,梨,水果,梨202512310215,2025-05-02 09:00:00,true
P0216,6D34B12E06EC7D8E,豆角,蔬菜,豆角202512310216,2025-02-16 14:00:00,true
P0217,E5614F300162847D,土豆,蔬菜,土豆202512310217,2025-01-13 14:00:00,true
P0218,FB667696BBDB2612,柚子,水果,柚子202512310218,2025-09-07 08:00:00,true
P0219,3CC4BC22E75A12A4,有机番茄,蔬菜,有机202512310219,2025-04-24 17:00:00,true
P0220,A75DFFD2B992900B,柚子,水果,柚子202512310220,2025-02-21 14:00:00,true
P0221,9690178AC98FFB55,有机番茄,蔬菜,有机202512310221,2025-06-21 16:00:00,true
P0222,258BB58BBD075E95,东北大米,粮食,东北202512310222,2025-09-22 09:00:00,true
P0223,B385A4ECF7F31722,梨,水果,梨202512310223,2025-10-05 14:00:00,true
P0224,18F978CC050EE0CD,胡萝卜,蔬菜,胡萝202512310224,2025-06-01 09:00:00,false
P0225,4296C6F387ED5DB0,小麦,粮食,小麦202512310225,2025-12-09 16:00:00,true
P0226,E467B591B78F0A66,芒果,水果,芒果202512310226,2025-07-04 17:00:00,true
P0227,DE0B6E3756DD4DF2,柚子,水果,柚子202512310227,2025-12-20 13:00:00,true
P0228,1B8E8F722CC8E974,香蕉,水果,香蕉202512310228,2025-05-27 08:00:00,true
P0229,500C60EF753894ED,桃子,水果,桃子202512310229,2025-01-11 10:00:00,true
P0230,C02CF88F470A7CFA,菠菜,蔬菜,菠菜202512310230,2025-02-16 14:00:00,true
P0231,A7B6C68999B7D523,樱桃,水果,樱桃202512310231,2025-04-22 14:00:00,true
P0232,BBB0209256AF1877,豆角,蔬菜,豆角202512310232,2025-07-13 17:00:00,true
P0233,6235EA75E3637A0E,柚子,水果,柚子202512310233,2025-12-23 10:00:00,true
P0234,28D09A4A75771734,梨,水果,梨202512310234,2025-08-21 11:00:00,true
P0235,6DB514C5DD1DF4A4,草莓,水果,草莓202512310235,2025-05-28 10:00:00,true
P0236,63AFA8906F42D28A,樱桃,水果,樱桃202512310236,2025-04-15 14:00:00,false
P0237,7981A890E5721656,猕猴桃,水果,猕猴202512310237,2025-06-01 11:00:00,true
P0238,505C999652FCF3C2,燕麦,粮食,燕麦202512310238,2025-02-15 12:00:00,true
P0239,507620F0888F7F36,芹菜,蔬菜,芹菜202512310239,2025-10-04 09:00:00,true
P0240,AAD140B49CAAA0AD,芒果,水果,芒果202512310240,2025-02-27 12:00:00,true
P0241,EEB823185B1E99CD,红薯,粮食,红薯202512310241,2025-02-23 08:00:00,true
P0242,AEAB21C139F3BC7C,柚子,水果,柚子202512310242,2025-12-02 10:00:00,true
P0243,D28551AF22B8051D,东北大米,粮食,东北202512310243,2025-07-08 16:00:00,true
P0244,5B090D1A8129B03D,柚子,水果,柚子202512310244,2025-09-04 08:00:00,true
P0245,4E38DDA7387249C9,红薯,粮食,红薯202512310245,2025-12-28 16:00:00,true
P0246,D2A1372185B7BB48,芹菜,蔬菜,芹菜202512310246,2025-06-17 15:00:00,true
P0247,7741DAFA017CCB56,西红柿,蔬菜,西红202512310247,2025-01-11 13:00:00,true
P0248,4C512722FE564D1D,樱桃,水果,樱桃202512310248,2025-12-22 17:00:00,true
P0249,5FB0A5C71E056E71,葡萄,水果,葡萄202512310249,2025-06-07 15:00:00,true
P0250,1A283D8354568577,豆角,蔬菜,豆角202512310250,2025-12-16 12:00:00,true
P0251,2FB450E8CE7800AB,辣椒,蔬菜,辣椒202512310251,2025-10-17 11:00:00,true
P0252,71E6325DE3722B38,猕猴桃,水果,猕猴202512310252,2025-05-05 10:00:00,true
P0253,69F323B901AF2FE2,豆角,蔬菜,豆角202512310253,2025-05-28 17:00:00,true
P0254,398618BB23155539,红富士苹果,水果,红富202512310254,2025-03-01 11:00:00,true
P0255,97BCDCD490B6B63C,樱桃,水果,樱桃202512310255,2025-12-18 15:00:00,true
P0256,B426EA32F60F9F44,白菜,蔬菜,白菜202512310256,2025-01-09 14:00:00,true
P0257,AA1C958D774EF606,小麦,粮食,小麦202512310257,2025-04-11 13:00:00,true
P0258,EEB002157952ACDE,玉米,粮食,玉米202512310258,2025-07-24 08:00:00,true
P0259,7F7F761B880D65D5,黄瓜,蔬菜,黄瓜202512310259,2025-03-15 13:00:00,true
P0260,A9EBC1E9944C7849,燕麦,粮食,燕麦202512310260,2025-09-24 11:00:00,true
P0261,1C7F06F00A66760D,菠菜,蔬菜,菠菜202512310261,2025-09-15 08:00:00,true
P0262,4D94111A2EDAA23D,红薯,粮食,红薯202512310262,2025-01-04 12:00:00,true
P0263,0EC3E5618969EF39,红薯,粮食,红薯202512310263,2025-08-15 10:00:00,true
P0264,D23D81756F5AFCE4,红薯,粮食,红薯202512310264,2025-01-10 11:00:00,true
P0265,3EB279547264F28F,有机番茄,蔬菜,有机202512310265,2025-06-17 11:00:00,true
P0266,F3AED44C2E396293,茄子,蔬菜,茄子202512310266,2025-02-17 10:00:00,true
P0267,42CDE80F0D045724,菠菜,蔬菜,菠菜202512310267,2025-06-11 16:00:00,true
P0268,43C38A7573602CA0,红富士苹果,水果,红富202512310268,2025-04-13 10:00:00,true
P0269,0AFC1888AC0C12C7,东北大米,粮食,东北202512310269,2025-01-06 18:00:00,true
P0270,A04FE27809C194D9,梨,水果,梨202512310270,2025-08-28 12:00:00,true
P0271,1BA5F1C4DDC3F8F4,小麦,粮食,小麦202512310271,2025-01-20 14:00:00,true
P0272,3D8D8C88FFC5F0D7,芒果,水果,芒果202512310272,2025-07-23 17:00:00,true
P0273,A3082FDB6FD32B26,红富士苹果,水果,红富202512310273,2025-03-28 18:00:00,true
P0274,13383E94B806FF13,梨,水果,梨202512310274,2025-11-23 17:00:00,true
P0275,81C538F2F6BD2619,玉米,粮食,玉米202512310275,2025-09-02 15:00:00,true
P0276,1896CCF86AA6A03E,葡萄,水果,葡萄202512310276,2025-10-03 16:00:00,true
P0277,6446052DFBC4ECFC,西瓜,水果,西瓜202512310277,2025-10-18 13:00:00,true
P0278,428677E862AE3ACF,燕麦,粮食,燕麦202512310278,2025-06-11 10:00:00,true
P0279,79B935227201AD17,辣椒,蔬菜,辣椒202512310279,2025-09-17 13:00:00,true
P0280,F7A13716D25B4D4B,胡萝卜,蔬菜,胡萝202512310280,2025-03-22 15:00:00,true
P0281,D327DC1F85EA58FA,桃子,水果,桃子202512310281,2025-12-05 11:00:00,true
P0282,38B02C638DBE72D6,茄子,蔬菜,茄子202512310282,2025-08-23 16:00:00,true
P0283,1C628FEBB26B563E,樱桃,水果,樱桃202512310283,2025-10-03 18:00:00,true
P0284,087AB52A907E075D,黄瓜,蔬菜,黄瓜202512310284,2025-02-09 13:00:00,true
P0285,1037820D18A4172A,小麦,粮食,小麦202512310285,2025-04-25 16:00:00,true
P0286,A8EDA68B39D31D4E,豆角,蔬菜,豆角202512310286,2025-01-25 09:00:00,true
P0287,56F941E2B0CC1973,东北大米,粮食,东北202512310287,2025-08-23 08:00:00,true
P0288,FF6A806DD9F0FD81,红富士苹果,水果,红富202512310288,2025-01-08 18:00:00,true
P0289,9D8DF89097A0E7B9,黄瓜,蔬菜,黄瓜202512310289,2025-04-21 11:00:00,true
P0290,81E03D46161A39D6,辣椒,蔬菜,辣椒202512310290,2025-07-21 10:00:00,true
P0291,A4742ED8F7E38B68,土豆,蔬菜,土豆202512310291,2025-12-10 15:00:00,true
P0292,9B8677FC50BB4A22,葡萄,水果,葡萄202512310292,2025-10-25 15:00:00,true
P0293,167A8DDBC8785D21,红富士苹果,水果,红富202512310293,2025-12-07 14:00:00,true
P0294,D6D85A0AC2CE54F0,花生,粮食,花生202512310294,2025-08-07 12:00:00,true
P0295,E8DD93C94DB67C41,桃子,水果,桃子202512310295,2025-10-11 08:00:00,true
P0296,87AB8BC05C04DBD0,土豆,蔬菜,土豆202512310296,2025-12-17 16:00:00,true
P0297,17448D37D567BDA5,西瓜,水果,西瓜202512310297,2025-05-06 09:00:00,true
P0298,214ED92D4E7D4E9C,香蕉,水果,香蕉202512310298,2025-10-17 13:00:00,true
P0299,E5B6775519B5765D,红富士苹果,水果,红富202512310299,2025-01-10 09:00:00,true
P0300,CF171AC0310E3C98,橙子,水果,橙子202512310300,2025-07-24 15:00:00,true
P0301,A17A951D89843B2D,芹菜,蔬菜,芹菜202512310301,2025-01-27 15:00:00,true
P0302,8E0F821E06495921,芹菜,蔬菜,芹菜202512310302,2025-05-28 18:00:00,true
P0303,2672B35CF21796AD,小麦,粮食,小麦202512310303,2025-05-18 17:00:00,true
P0304,BAFF64E09B235F80,樱桃,水果,樱桃202512310304,2025-10-24 08:00:00,true
P0305,149A401A61AC620B,东北大米,粮食,东北202512310305,2025-11-19 15:00:00,true
P0306,03553DB4B85E2DE4,芒果,水果,芒果202512310306,2025-07-22 11:00:00,true
P0307,6E94A76B47F0C4C5,大豆,粮食,大豆202512310307,2025-11-03 09:00:00,true
P0308,6515B7E1501C42AD,橙子,水果,橙子202512310308,2025-11-25 08:00:00,true
P0309,95C227D5E6568E28,花生,粮食,花生202512310309,2025-11-11 14:00:00,true
P0310,46FC6E8C218A0CD1,菠菜,蔬菜,菠菜202512310310,2025-05-24 09:00:00,true
P0311,9C24CE66B2C3641A,胡萝卜,蔬菜,胡萝202512310311,2025-02-12 09:00:00,true
P0312,5DA556AAEF252C45,东北大米,粮食,东北202512310312,2025-11-09 12:00:00,true
P0313,B36C463D8A412E21,菠菜,蔬菜,菠菜202512310313,2025-02-06 11:00:00,true
P0314,5B7EDCE1FE80225D,茄子,蔬菜,茄子202512310314,2025-05-02 11:00:00,true
P0315,CC6F622B2D56CFDB,白菜,蔬菜,白菜202512310315,2025-09-17 11:00:00,true
P0316,8678D54B1884687D,有机番茄,蔬菜,有机202512310316,2025-10-10 14:00:00,true
P0317,01AFADBA9DFDEB2A,白菜,蔬菜,白菜202512310317,2025-02-18 08:00:00,true
P0318,50FFA8004B48A48D,菠菜,蔬菜,菠菜202512310318,2025-04-13 17:00:00,true
P0319,7B7D04B69D0FA2EC,橙子,水果,橙子202512310319,2025-04-04 09:00:00,true
P0320,DC421BEAB938F10F,豆角,蔬菜,豆角202512310320,2025-06-12 17:00:00,true
P0321,9A84A8AD37D3DDD2,香蕉,水果,香蕉202512310321,2025-03-26 15:00:00,true
P0322,B3AC254902B31A63,草莓,水果,草莓202512310322,2025-08-11 16:00:00,true
P0323,0B145237F71B4C82,东北大米,粮食,东北202512310323,2025-07-16 10:00:00,true
P0324,683F819353824BDD,西瓜,水果,西瓜202512310324,2025-05-12 08:00:00,true
P0325,075E0B2E58E6CBAE,黄瓜,蔬菜,黄瓜202512310325,2025-09-13 14:00:00,true
P0326,8293BBCEC6CE8E7A,葡萄,水果,葡萄202512310326,2025-09-27 12:00:00,true
P0327,56DECAA9A0CC180E,红薯,粮食,红薯202512310327,2025-05-12 09:00:00,true
P0328,4AFEEDB64D7C4FA9,橙子,水果,橙子202512310328,2025-08-10 12:00:00,true
P0329,3BE2BD2C9ED2C02E,芹菜,蔬菜,芹菜202512310329,2025-01-14 17:00:00,true
P0330,C5F181A1FE60B66C,大豆,粮食,大豆202512310330,2025-01-01 17:00:00,true
P0331,978C8B7B16878E9E,香蕉,水果,香蕉202512310331,2025-12-21 10:00:00,true
P0332,D43034407F6319B8,燕麦,粮食,燕麦202512310332,2025-07-09 17:00:00,true
P0333,89C7F322BADA80CD,芹菜,蔬菜,芹菜202512310333,2025-02-20 17:00:00,true
P0334,7956BC59D60AD648,菠菜,蔬菜,菠菜202512310334,2025-03-15 15:00:00,true
P0335,313686166DEE5CBF,柚子,水果,柚子202512310335,2025-01-20 16:00:00,false
P0336,10FB85C74E6A9AEA,辣椒,蔬菜,辣椒202512310336,2025-02-17 12:00:00,true
P0337,E1FC9ED617EF8CCD,樱桃,水果,樱桃202512310337,2025-08-26 08:00:00,true
P0338,5902C7C53B3157FB,芹菜,蔬菜,芹菜202512310338,2025-06-11 12:00:00,true
P0339,01FE83EBADE4FDB0,橙子,水果,橙子202512310339,2025-07-16 17:00:00,true
P0340,543CDFA10637B41F,菠菜,蔬菜,菠菜202512310340,2025-07-03 13:00:00,true
P0341,052B891D6A520A1B,土豆,蔬菜,土豆202512310341,2025-08-22 13:00:00,true
P0342,781830118AC1933A,黄瓜,蔬菜,黄瓜202512310342,2025-02-16 15:00:00,true
P0343,0D3BDED36AA5EEF1,燕麦,粮食,燕麦202512310343,2025-03-24 16:00:00,true
P0344,5969F067A453A7D3,草莓,水果,草莓202512310344,2025-02-25 11:00:00,true
P0345,336268E4EFB91E25,芹菜,蔬菜,芹菜202512310345,2025-05-06 17:00:00,true
P0346,7B4849214A19B38A,芹菜,蔬菜,芹菜202512310346,2025-09-23 12:00:00,true
P0347,FE60E1A67E710B3B,黄瓜,蔬菜,黄瓜202512310347,2025-12-22 15:00:00,true
P0348,95AC6E4E3D3518E4,葡萄,水果,葡萄202512310348,2025-04-04 18:00:00,true
P0349,0BD858DABDFF06C4,梨,水果,梨202512310349,2025-11-12 12:00:00,true
P0350,9935D4807202A51B,菠菜,蔬菜,菠菜202512310350,2025-02-27 13:00:00,true
P0351,7ECEE086AB572140,胡萝卜,蔬菜,胡萝202512310351,2025-09-03 13:00:00,true
P0352,DF76D35625A19F60,豆角,蔬菜,豆角202512310352,2025-03-03 10:00:00,true
P0353,173EC6ABD2C90A5F,西红柿,蔬菜,西红202512310353,2025-09-01 10:00:00,true
P0354,17A98B4C763EA031,豆角,蔬菜,豆角202512310354,2025-01-12 16:00:00,true
P0355,9B9FB0EA589DCBF7,葡萄,水果,葡萄202512310355,2025-03-25 13:00:00,true
P0356,DC8B3E6B74AA86E0,小麦,粮食,小麦202512310356,2025-02-01 13:00:00,true
P0357,ADC804516838DF1B,有机番茄,蔬菜,有机202512310357,2025-08-23 12:00:00,true
P0358,5C2C541B8CE9CE2B,香蕉,水果,香蕉202512310358,2025-10-03 12:00:00,true
P0359,F587062C830793E2,花生,粮食,花生202512310359,2025-09-16 16:00:00,true
P0360,30B2EE2CE34F9886,黄瓜,蔬菜,黄瓜202512310360,2025-08-17 11:00:00,true
P0361,A0FAC17CE13B5DBA,西瓜,水果,西瓜202512310361,2025-03-27 13:00:00,true
P0362,51AB7BE7518EB4F5,桃子,水果,桃子202512310362,2025-09-03 14:00:00,true
P0363,31022AAC87122F02,樱桃,水果,樱桃202512310363,2025-08-26 14:00:00,true
P0364,5C92D3B2B888F7B4,黄瓜,蔬菜,黄瓜202512310364,2025-05-12 18:00:00,true
P0365,E444592CF3C78A51,黄瓜,蔬菜,黄瓜202512310365,2025-12-13 17:00:00,true
P0366,D47DDDC821ACD791,西瓜,水果,西瓜202512310366,2025-03-12 17:00:00,true
P0367,2B1250C5A42E7071,大豆,粮食,大豆202512310367,2025-09-17 18:00:00,true
P0368,BFCFC6B0FB1A6A53,有机番茄,蔬菜,有机202512310368,2025-07-22 08:00:00,true
P0369,72CDB6F1B813A746,芒果,水果,芒果202512310369,2025-03-09 15:00:00,true
P0370,3467DE299BC1D0B2,红富士苹果,水果,红富202512310370,2025-03-27 13:00:00,true
P0371,BBFC08F95BFBEC7D,茄子,蔬菜,茄子202512310371,2025-05-05 12:00:00,true
P0372,C068B21BFFCC88B3,东北大米,粮食,东北202512310372,2025-08-22 12:00:00,true
P0373,3445B7A632664E15,香蕉,水果,香蕉202512310373,2025-01-01 14:00:00,false
P0374,D28B19D612253FFB,柚子,水果,柚子202512310374,2025-10-16 16:00:00,true
P0375,F174DBE4F429BACD,红富士苹果,水果,红富202512310375,2025-01-08 13:00:00,true
P0376,B221417F95659EAC,小麦,粮食,小麦202512310376,2025-11-24 14:00:00,true
P0377,B01302CA03E33495,小麦,粮食,小麦202512310377,2025-02-12 13:00:00,false
P0378,F17CC745612FDCE3,西红柿,蔬菜,西红202512310378,2025-05-17 17:00:00,true
P0379,2F6ED73FDEF201BE,柚子,水果,柚子202512310379,2025-04-02 16:00:00,true
P0380,47CBA85B057DBA0A,猕猴桃,水果,猕猴202512310380,2025-04-11 16:00:00,true
P0381,101C7B848D1D9ED2,桃子,水果,桃子202512310381,2025-10-11 11:00:00,true
P0382,69E9BE4FA1000994,大豆,粮食,大豆202512310382,2025-05-22 18:00:00,true
P0383,6FDDC207C10C77E3,豆角,蔬菜,豆角202512310383,2025-10-11 08:00:00,true
P0384,EA13ED4EC5F1E360,香蕉,水果,香蕉202512310384,2025-07-28 18:00:00,true
P0385,D096611DECBE26B9,樱桃,水果,樱桃202512310385,2025-07-12 15:00:00,true
P0386,F85519285B2CEC59,西红柿,蔬菜,西红202512310386,2025-03-18 09:00:00,true
P0387,B68BCD88FDD9BB34,草莓,水果,草莓202512310387,2025-06-10 17:00:00,true
P0388,BD38795E75F8D00F,桃子,水果,桃子202512310388,2025-04-18 09:00:00,true
P0389,435E12A4283FD037,红富士苹果,水果,红富202512310389,2025-01-23 09:00:00,true
P0390,82F5467408B41454,桃子,水果,桃子202512310390,2025-11-15 16:00:00,true
P0391,3A14211983C975FE,白菜,蔬菜,白菜202512310391,2025-05-03 13:00:00,true
P0392,404C7081E24A1FD8,梨,水果,梨202512310392,2025-08-01 17:00:00,true
P0393,B1791DA7BE6E153C,樱桃,水果,樱桃202512310393,2025-01-20 13:00:00,true
P0394,284565D885BEEE9E,燕麦,粮食,燕麦202512310394,2025-09-21 16:00:00,true
P0395,AB940B39439D575E,葡萄,水果,葡萄202512310395,2025-09-13 18:00:00,false
P0396,657AB8744E9AA831,黄瓜,蔬菜,黄瓜202512310396,2025-12-16 18:00:00,true
P0397,C7CB17F12AE56806,花生,粮食,花生202512310397,2025-05-15 16:00:00,true
P0398,36B85EEDABC7D762,香蕉,水果,香蕉202512310398,2025-12-23 13:00:00,true
P0399,59AE0305CC04EDCF,芒果,水果,芒果202512310399,2025-01-10 12:00:00,true
P0400,864BBBC3D332C461,土豆,蔬菜,土豆202512310400,2025-03-27 08:00:00,true
P0401,42061044D7D44221,葡萄,水果,葡萄202512310401,2025-03-09 17:00:00,true
P0402,B03FFF6AB006E579,豆角,蔬菜,豆角202512310402,2025-03-08 13:00:00,true
P0403,20FC465F3795B5FD,小麦,粮食,小麦202512310403,2025-08-23 13:00:00,true
P0404,C3D7F752B32C6B05,西红柿,蔬菜,西红202512310404,2025-08-15 15:00:00,true
P0405,06F6BA7FC357A122,燕麦,粮食,燕麦202512310405,2025-12-04 16:00:00,true
P0406,49C40C74CDE0FC6F,柚子,水果,柚子202512310406,2025-12-11 13:00:00,true
P0407,709507F52F1ACB95,茄子,蔬菜,茄子202512310407,2025-05-05 15:00:00,true
P0408,D1096F5D5F900741,葡萄,水果,葡萄202512310408,2025-05-09 14:00:00,true
P0409,B0451555F7DB6830,黄瓜,蔬菜,黄瓜202512310409,2025-10-20 14:00:00,true
P0410,ED0011D997DC7257,大豆,粮食,大豆202512310410,2025-11-12 17:00:00,true
P0411,A67C84CE236B062A,土豆,蔬菜,土豆202512310411,2025-06-10 17:00:00,true
P0412,7EB902FAB9BE3E8C,辣椒,蔬菜,辣椒202512310412,2025-02-04 13:00:00,true
P0413,0111094C83C51F93,红薯,粮食,红薯202512310413,2025-11-25 09:00:00,true
P0414,B690F09AE0943E63,红富士苹果,水果,红富202512310414,2025-02-12 13:00:00,true
P0415,B9A64FDA03753843,菠菜,蔬菜,菠菜202512310415,2025-12-16 14:00:00,false
P0416,4D333570D4EF1993,红薯,粮食,红薯202512310416,2025-04-07 10:00:00,true
P0417,154D379AADDD67E7,芒果,水果,芒果202512310417,2025-10-18 18:00:00,true
P0418,4D998781551BB364,黄瓜,蔬菜,黄瓜202512310418,2025-02-11 15:00:00,true
P0419,4C30AA07CE29ACE3,香蕉,水果,香蕉202512310419,2025-08-21 16:00:00,true
P0420,FD65E498AB587FBE,黄瓜,蔬菜,黄瓜202512310420,2025-02-06 14:00:00,true
P0421,C08D6C02E8EC98B5,红薯,粮食,红薯202512310421,2025-02-02 09:00:00,true
P0422,D7ECA12B298354BA,西红柿,蔬菜,西红202512310422,2025-06-03 08:00:00,true
P0423,2E65CF18DF27E905,桃子,水果,桃子202512310423,2025-02-18 09:00:00,true
P0424,4EEFDA4163FD8721,黄瓜,蔬菜,黄瓜202512310424,2025-12-02 14:00:00,true
P0425,4DDBB6E7627B3D1E,土豆,蔬菜,土豆202512310425,2025-06-26 11:00:00,true
P0426,BE3B29DB63938D85,西红柿,蔬菜,西红202512310426,2025-06-22 10:00:00,true
P0427,BF11C2B0BEFC35C7,草莓,水果,草莓202512310427,2025-07-08 15:00:00,true
P0428,F0AE1C45AC0AC06A,葡萄,水果,葡萄202512310428,2025-11-04 09:00:00,true
P0429,87A857B7C31D9ABB,东北大米,粮食,东北202512310429,2025-04-21 14:00:00,true
P0430,D04524E2969E2EF1,有机番茄,蔬菜,有机202512310430,2025-12-12 12:00:00,true
P0431,977892AF58290D0D,西红柿,蔬菜,西红202512310431,2025-10-24 10:00:00,true
P0432,A1B2097FD70A74AA,大豆,粮食,大豆202512310432,2025-12-23 16:00:00,true
P0433,7BE31CC7052876BD,菠菜,蔬菜,菠菜202512310433,2025-01-05 15:00:00,true
P0434,C30C3486E1217C38,菠菜,蔬菜,菠菜202512310434,2025-11-27 12:00:00,true
P0435,8A8A4ABF0A36BF3F,桃子,水果,桃子202512310435,2025-06-08 13:00:00,true
P0436,D5C864B6E12F606A,柚子,水果,柚子202512310436,2025-11-25 14:00:00,true
P0437,80E56FB892A1E8C9,桃子,水果,桃子202512310437,2025-07-28 15:00:00,true
P0438,B99E1811519217C6,花生,粮食,花生202512310438,2025-09-11 16:00:00,true
P0439,FC95D8B8362414EE,梨,水果,梨202512310439,2025-06-21 14:00:00,true
P0440,71647B73A756752D,芒果,水果,芒果202512310440,2025-08-09 12:00:00,true
P0441,426AD1E95E16C30F,大豆,粮食,大豆202512310441,2025-03-07 15:00:00,true
P0442,F1E7F64477D45296,橙子,水果,橙子202512310442,2025-04-24 15:00:00,true
P0443,8521CF0D92FEA753,猕猴桃,水果,猕猴202512310443,2025-11-04 12:00:00,true
P0444,88A103D623035FA3,芹菜,蔬菜,芹菜202512310444,2025-08-17 16:00:00,true
P0445,3BBD240974D74214,小麦,粮食,小麦202512310445,2025-07-05 17:00:00,true
P0446,31E825641930ABB9,大豆,粮食,大豆202512310446,2025-02-08 14:00:00,true
P0447,98B06AEB4F670C7D,东北大米,粮食,东北202512310447,2025-07-07 16:00:00,true
P0448,D5BB6BF2E50307E6,花生,粮食,花生202512310448,2025-08-17 17:00:00,true
P0449,EA8BCE517014F599,草莓,水果,草莓202512310449,2025-01-20 14:00:00,true
P0450,A9AEDD4C7A2C441E,橙子,水果,橙子202512310450,2025-05-28 16:00:00,true
P0451,BCD804FBEE86EED5,红薯,粮食,红薯202512310451,2025-12-07 09:00:00,true
P0452,3FDED56C34110A5D,草莓,水果,草莓202512310452,2025-06-27 12:00:00,true
P0453,5F79E71B01A79ADE,黄瓜,蔬菜,黄瓜202512310453,2025-04-23 18:00:00,true
P0454,278E6216F63063F0,西红柿,蔬菜,西红202512310454,2025-04-18 09:00:00,true
P0455,0EAA6B011A281B9C,西红柿,蔬菜,西红202512310455,2025-04-27 09:00:00,true
P0456,8A755E8060183121,小麦,粮食,小麦202512310456,2025-11-15 11:00:00,true
P0457,AFB2DB0B12299EB3,茄子,蔬菜,茄子202512310457,2025-09-10 08:00:00,true
P0458,F441FD976899A5CF,土豆,蔬菜,土豆202512310458,2025-09-27 17:00:00,true
P0459,9A0D32DE4AC893BD,桃子,水果,桃子202512310459,2025-07-25 17:00:00,true
P0460,A7B47B4FAD485244,梨,水果,梨202512310460,2025-09-10 11:00:00,true
P0461,277EA1BA238F107C,大豆,粮食,大豆202512310461,2025-03-11 08:00:00,true
P0462,9CBAFDB9D4FE8246,西瓜,水果,西瓜202512310462,2025-03-18 12:00:00,true
P0463,DAEE275DB332C7C8,草莓,水果,草莓202512310463,2025-10-08 18:00:00,true
P0464,334CA7A1934CA284,猕猴桃,水果,猕猴202512310464,2025-07-17 10:00:00,true
P0465,9E78957ABDF00477,梨,水果,梨202512310465,2025-09-08 09:00:00,true
P0466,051A61D5A877667B,红薯,粮食,红薯202512310466,2025-07-22 12:00:00,false
P0467,EC5B77C88C064C01,樱桃,水果,樱桃202512310467,2025-10-20 08:00:00,true
P0468,AE611525BA097A67,红薯,粮食,红薯202512310468,2025-07-07 15:00:00,true
P0469,5CBC189C79692B4C,桃子,水果,桃子202512310469,2025-09-14 10:00:00,false
P0470,D1E595F284469781,胡萝卜,蔬菜,胡萝202512310470,2025-06-14 11:00:00,true
P0471,EE7B168EAC7EFD55,黄瓜,蔬菜,黄瓜202512310471,2025-08-08 08:00:00,true
P0472,30B846C8FF01FE36,草莓,水果,草莓202512310472,2025-11-13 13:00:00,true
P0473,F7BAF798F81DD9E5,土豆,蔬菜,土豆202512310473,2025-01-26 11:00:00,true
P0474,A348995D3ABF3E8E,白菜,蔬菜,白菜202512310474,2025-02-12 17:00:00,true
P0475,D3B98A6FC92BAD7E,茄子,蔬菜,茄子202512310475,2025-10-24 08:00:00,true
P0476,F0668DBBBC57DD9B,红富士苹果,水果,红富202512310476,2025-07-25 14:00:00,true
P0477,5E24201C279B0C4C,樱桃,水果,樱桃202512310477,2025-03-13 17:00:00,true
P0478,92AD16E629E4BFE4,橙子,水果,橙子202512310478,2025-04-20 18:00:00,true
P0479,AD992A64FA03D5AB,柚子,水果,柚子202512310479,2025-05-17 15:00:00,true
P0480,358AA8F16B687F9F,芹菜,蔬菜,芹菜202512310480,2025-07-24 10:00:00,true
P0481,5A8BCA1154ECB6B2,土豆,蔬菜,土豆202512310481,2025-08-17 11:00:00,true
P0482,EEF450EFEFA06ACE,西红柿,蔬菜,西红202512310482,2025-08-20 09:00:00,true
P0483,CAAD645A0222D756,芒果,水果,芒果202512310483,2025-09-15 15:00:00,true
P0484,9E6318ED21FDEFD0,小麦,粮食,小麦202512310484,2025-05-16 12:00:00,true
P0485,1F7AB221C47DBF30,柚子,水果,柚子202512310485,2025-05-24 11:00:00,true
P0486,7583EDE136387FF1,西瓜,水果,西瓜202512310486,2025-06-10 08:00:00,true
P0487,A61ED0AE91CA9BD8,豆角,蔬菜,豆角202512310487,2025-01-21 09:00:00,true
P0488,F58C33D425B72491,芹菜,蔬菜,芹菜202512310488,2025-07-14 13:00:00,true
P0489,CF7DC5A62C5566AF,香蕉,水果,香蕉202512310489,2025-03-13 08:00:00,true
P0490,F772F6D919C2DDDA,辣椒,蔬菜,辣椒202512310490,2025-07-08 18:00:00,true
P0491,CF64015B0924691D,有机番茄,蔬菜,有机202512310491,2025-10-22 16:00:00,true
P0492,9C00F4F3EA8D1472,有机番茄,蔬菜,有机202512310492,2025-03-13 10:00:00,true
P0493,99B192D40D08B512,草莓,水果,草莓202512310493,2025-04-18 09:00:00,true
P0494,16D593BE10EDE43F,豆角,蔬菜,豆角202512310494,2025-08-04 15:00:00,true
P0495,BEC56C8F19FC89E1,葡萄,水果,葡萄202512310495,2025-05-17 08:00:00,true
P0496,01BDE621EF2A5AB1,有机番茄,蔬菜,有机202512310496,2025-08-06 14:00:00,false
P0497,DAA48F74943811E8,芒果,水果,芒果202512310497,2025-04-07 10:00:00,true
P0498,A758024DC246D9F4,猕猴桃,水果,猕猴202512310498,2025-07-17 10:00:00,true
P0499,8E58DA86801A7505,香蕉,水果,香蕉202512310499,2025-04-16 18:00:00,true
P0500,A2D4C5B175969BC4,樱桃,水果,樱桃202512310500,2025-05-01 11:00:00,true
P0501,1CFCD36D6FE21B31,燕麦,粮食,燕麦202512310501,2025-05-23 09:00:00,true
P0502,67DF4F0F94F81860,白菜,蔬菜,白菜202512310502,2025-05-04 18:00:00,true
P0503,CA2D42F9B85F44C1,西红柿,蔬菜,西红202512310503,2025-02-05 17:00:00,true
P0504,6649A2EAEB3CF0DD,樱桃,水果,樱桃202512310504,2025-03-27 14:00:00,true
P0505,C305FF8439F27D45,白菜,蔬菜,白菜202512310505,2025-09-28 13:00:00,true
P0506,0A4B351669383431,土豆,蔬菜,土豆202512310506,2025-07-27 11:00:00,true
P0507,DBDCCEF96D2B9531,芹菜,蔬菜,芹菜202512310507,2025-02-18 15:00:00,true
P0508,839136D78D50589A,橙子,水果,橙子202512310508,2025-11-08 18:00:00,true
P0509,AB588382F4580DBA,猕猴桃,水果,猕猴202512310509,2025-02-19 17:00:00,true
P0510,2C1CECE98D5F745F,橙子,水果,橙子202512310510,2025-10-11 16:00:00,true
P0511,B32F65A7B0E49FE5,猕猴桃,水果,猕猴202512310511,2025-12-20 11:00:00,true
P0512,76D4BAC796E45A01,辣椒,蔬菜,辣椒202512310512,2025-11-14 18:00:00,true
P0513,917E5E3DF07D1316,樱桃,水果,樱桃202512310513,2025-03-11 18:00:00,true
P0514,98B3BC46177FCCFD,橙子,水果,橙子202512310514,2025-08-17 17:00:00,true
P0515,2603D6154537455C,大豆,粮食,大豆202512310515,2025-02-17 14:00:00,true
P0516,6661295FE0ABE7BD,芹菜,蔬菜,芹菜202512310516,2025-02-14 15:00:00,true
P0517,4EDF76B8DE5FFD3E,东北大米,粮食,东北202512310517,2025-05-11 08:00:00,true
P0518,86F3FC0DCF6A4B6A,芒果,水果,芒果202512310518,2025-12-09 15:00:00,true
P0519,F00F104A002C1836,黄瓜,蔬菜,黄瓜202512310519,2025-03-15 15:00:00,true
P0520,126E8360086C07F1,燕麦,粮食,燕麦202512310520,2025-06-10 11:00:00,true
P0521,BB0A8F6615FA9726,菠菜,蔬菜,菠菜202512310521,2025-05-13 12:00:00,true
P0522,F4F7BB144F5D8FE4,红富士苹果,水果,红富202512310522,2025-10-23 17:00:00,true
P0523,074683AA3AAC9A37,柚子,水果,柚子202512310523,2025-01-28 12:00:00,true
P0524,93DE125F8CE6F5BC,东北大米,粮食,东北202512310524,2025-06-07 09:00:00,true
P0525,2B2A13B96F83D2CE,豆角,蔬菜,豆角202512310525,2025-08-09 16:00:00,true
P0526,F8196DEAE86DE3F8,小麦,粮食,小麦202512310526,2025-11-04 17:00:00,true
P0527,6A34F19095A99C9E,茄子,蔬菜,茄子202512310527,2025-04-05 08:00:00,true
P0528,5DCDD97F73FFD8D6,小麦,粮食,小麦202512310528,2025-06-25 13:00:00,true
P0529,D73D501734C854A4,小麦,粮食,小麦202512310529,2025-03-10 14:00:00,true
P0530,CB5BBE58DC7E319D,柚子,水果,柚子202512310530,2025-01-15 08:00:00,true
P0531,949CE9C11DF1381B,小麦,粮食,小麦202512310531,2025-01-13 11:00:00,true
P0532,C9C62869906335A2,香蕉,水果,香蕉202512310532,2025-03-20 11:00:00,true
P0533,A039324AFE5A5531,辣椒,蔬菜,辣椒202512310533,2025-06-05 10:00:00,true
P0534,AFC91AEB0C70BE5A,芒果,水果,芒果202512310534,2025-04-05 15:00:00,true
P0535,794DA5A2513DAEBF,黄瓜,蔬菜,黄瓜202512310535,2025-12-07 10:00:00,true
P0536,B7018D153116A606,胡萝卜,蔬菜,胡萝202512310536,2025-09-04 15:00:00,true
P0537,88534AA3E58F624F,芒果,水果,芒果202512310537,2025-03-27 09:00:00,false
P0538,4C35343C6DFC180E,土豆,蔬菜,土豆202512310538,2025-12-05 10:00:00,true
P0539,CEA8A1E51ADFEFF0,土豆,蔬菜,土豆202512310539,2025-03-28 14:00:00,true
P0540,CE65111FBEFB3745,小麦,粮食,小麦202512310540,2025-11-02 14:00:00,true
P0541,01B106680B08D4E8,大豆,粮食,大豆202512310541,2025-05-20 12:00:00,true
P0542,B0F050D0AB69CCBF,芹菜,蔬菜,芹菜202512310542,2025-06-19 08:00:00,true
P0543,E44EEC50B320D119,白菜,蔬菜,白菜202512310543,2025-06-28 16:00:00,true
P0544,79764F1CDA128242,花生,粮食,花生202512310544,2025-09-10 14:00:00,true
P0545,5D3E095A69F367AF,芹菜,蔬菜,芹菜202512310545,2025-10-12 12:00:00,true
P0546,7D29F3325D5ADB1A,花生,粮食,花生202512310546,2025-01-17 17:00:00,true
P0547,6723E799B16888E9,芹菜,蔬菜,芹菜202512310547,2025-03-19 08:00:00,true
P0548,1B0234F57DD012AA,葡萄,水果,葡萄202512310548,2025-11-14 16:00:00,true
P0549,E5C8725E4C78E09D,大豆,粮食,大豆202512310549,2025-06-27 14:00:00,true
P0550,ABC99ABE085A1AB0,辣椒,蔬菜,辣椒202512310550,2025-02-27 18:00:00,true
P0551,0472E45E52BD5165,芒果,水果,芒果202512310551,2025-10-26 18:00:00,true
P0552,9C2742545E342EFE,西瓜,水果,西瓜202512310552,2025-05-13 11:00:00,true
P0553,02EDB87037033BEB,玉米,粮食,玉米202512310553,2025-09-08 14:00:00,true
P0554,BEF13613AC088118,西红柿,蔬菜,西红202512310554,2025-12-25 13:00:00,true
P0555,84EC2E7B03E63369,辣椒,蔬菜,辣椒202512310555,2025-06-24 18:00:00,false
P0556,441B57C891503BF3,大豆,粮食,大豆202512310556,2025-08-28 16:00:00,true
P0557,0F037B850AA758C7,香蕉,水果,香蕉202512310557,2025-03-09 15:00:00,true
P0558,01C9CBE308E72891,梨,水果,梨202512310558,2025-01-01 13:00:00,true
P0559,20E689EFAF259F2C,菠菜,蔬菜,菠菜202512310559,2025-10-19 11:00:00,true
P0560,F01B9B5F72938F17,猕猴桃,水果,猕猴202512310560,2025-05-13 11:00:00,true
P0561,A494C255719D15CB,有机番茄,蔬菜,有机202512310561,2025-04-25 11:00:00,true
P0562,CA9D38E7BA259159,东北大米,粮食,东北202512310562,2025-03-04 17:00:00,true
P0563,24967E35AAE93793,葡萄,水果,葡萄202512310563,2025-06-04 09:00:00,true
P0564,EBCAA1ED13DD28B3,芒果,水果,芒果202512310564,2025-07-28 18:00:00,true
P0565,C624ECE7A80F6DBE,白菜,蔬菜,白菜202512310565,2025-03-10 08:00:00,true
P0566,36BD29B86E0EC535,芹菜,蔬菜,芹菜202512310566,2025-12-21 16:00:00,true
P0567,C823ED39E42A0E15,大豆,粮食,大豆202512310567,2025-07-03 14:00:00,true
P0568,37154298D7878900,大豆,粮食,大豆202512310568,2025-06-16 17:00:00,true
P0569,C442878CBC325114,玉米,粮食,玉米202512310569,2025-03-19 10:00:00,true
P0570,A4081F09E46A65C0,豆角,蔬菜,豆角202512310570,2025-10-01 13:00:00,true
P0571,AADB7BA2DBD29FC4,胡萝卜,蔬菜,胡萝202512310571,2025-01-27 13:00:00,true
P0572,3B99CD29C043F92B,西红柿,蔬菜,西红202512310572,2025-07-16 09:00:00,true
P0573,8DC38EC3327CD05F,白菜,蔬菜,白菜202512310573,2025-01-03 10:00:00,true
P0574,554C0C30FE275932,西瓜,水果,西瓜202512310574,2025-04-10 10:00:00,true
P0575,B91D3B5003487504,花生,粮食,花生202512310575,2025-06-12 08:00:00,true
P0576,D04D4E82B371AB15,西红柿,蔬菜,西红202512310576,2025-11-15 13:00:00,true
P0577,3E6C9369B04AEA0F,西瓜,水果,西瓜202512310577,2025-01-19 18:00:00,true
P0578,FDC2ACFBC0773201,土豆,蔬菜,土豆202512310578,2025-06-25 15:00:00,true
P0579,54E32A932C25D3D1,西瓜,水果,西瓜202512310579,2025-09-20 15:00:00,true
P0580,A02C81C9258E5FD2,黄瓜,蔬菜,黄瓜202512310580,2025-11-20 09:00:00,true
P0581,A5C1AE322E5247C0,芒果,水果,芒果202512310581,2025-11-18 08:00:00,true
P0582,8B87E607B7F16258,菠菜,蔬菜,菠菜202512310582,2025-01-09 14:00:00,true
P0583,84FF5AEDC93933F6,玉米,粮食,玉米202512310583,2025-06-18 17:00:00,true
P0584,F863D9152CAB9F61,草莓,水果,草莓202512310584,2025-10-10 14:00:00,true
P0585,8F7502DDD8B3AE60,东北大米,粮食,东北202512310585,2025-10-04 16:00:00,true
P0586,AF2D6742D023DC78,红富士苹果,水果,红富202512310586,2025-05-09 10:00:00,true
P0587,6F2A2AA2AE59D2F3,橙子,水果,橙子202512310587,2025-02-05 11:00:00,true
P0588,73059FF0D96332B4,胡萝卜,蔬菜,胡萝202512310588,2025-08-18 08:00:00,true
P0589,0D6C03BC9BEDE5C2,芹菜,蔬菜,芹菜202512310589,2025-04-01 12:00:00,true
P0590,372199BE77D09EC1,黄瓜,蔬菜,黄瓜202512310590,2025-06-27 08:00:00,true
P0591,EA70681F9BC20093,东北大米,粮食,东北202512310591,2025-09-26 14:00:00,true
P0592,ECF864CAD356E114,桃子,水果,桃子202512310592,2025-05-18 09:00:00,true
P0593,052E2804D5C96A94,芒果,水果,芒果202512310593,2025-09-10 18:00:00,true
P0594,E5CDBA6786B80999,红富士苹果,水果,红富202512310594,2025-06-04 12:00:00,true
P0595,2D7AA53F49851B1C,黄瓜,蔬菜,黄瓜202512310595,2025-12-16 18:00:00,true
P0596,07DA15948272375B,菠菜,蔬菜,菠菜202512310596,2025-03-26 13:00:00,true
P0597,E7B64DB7584135F1,柚子,水果,柚子202512310597,2025-04-09 16:00:00,true
P0598,9C479D73727C833A,茄子,蔬菜,茄子202512310598,2025-04-05 10:00:00,true
P0599,A4B2A98FB2E3978C,草莓,水果,草莓202512310599,2025-12-23 17:00:00,true
P0600,E1AD9CB02236208C,有机番茄,蔬菜,有机202512310600,2025-12-17 16:00:00,true
P0601,DEF65B075C1DB01F,东北大米,粮食,东北202512310601,2025-11-14 17:00:00,true
P0602,43C11DF5B07B0B5D,柚子,水果,柚子202512310602,2025-04-09 17:00:00,true
P0603,E8F86A6528AD9EE5,西红柿,蔬菜,西红202512310603,2025-07-08 18:00:00,true
P0604,CE48BC76ABDA16A2,花生,粮食,花生202512310604,2025-04-28 14:00:00,true
P0605,EB4BEC1F87A128C0,芹菜,蔬菜,芹菜202512310605,2025-06-07 11:00:00,true
P0606,51A24FFFBCC72EF9,豆角,蔬菜,豆角202512310606,2025-04-23 18:00:00,true
P0607,8C76B1C148409D8D,燕麦,粮食,燕麦202512310607,2025-10-12 11:00:00,true
P0608,D25FDBE56E3351ED,樱桃,水果,樱桃202512310608,2025-11-21 13:00:00,true
P0609,2E4F8C6A383943A3,葡萄,水果,葡萄202512310609,2025-12-12 14:00:00,true
P0610,C41A9AD6A17AD049,红薯,粮食,红薯202512310610,2025-12-04 13:00:00,true
P0611,D9F9368102AB404B,香蕉,水果,香蕉202512310611,2025-01-04 16:00:00,true
P0612,F657809652A89066,红富士苹果,水果,红富202512310612,2025-10-05 12:00:00,true
P0613,DA8A1299B46666B8,西瓜,水果,西瓜202512310613,2025-08-19 09:00:00,true
P0614,0EB22E75F393C101,菠菜,蔬菜,菠菜202512310614,2025-08-19 13:00:00,true
P0615,2E1CEAFDF071B5BB,猕猴桃,水果,猕猴202512310615,2025-04-16 17:00:00,true
P0616,D11B80B116E1EE2B,大豆,粮食,大豆202512310616,2025-11-26 17:00:00,true
P0617,0E3AE1E546F694B2,小麦,粮食,小麦202512310617,2025-02-23 17:00:00,true
P0618,B13CDA011DF4726C,芹菜,蔬菜,芹菜202512310618,2025-07-25 15:00:00,true
P0619,10599DF80601CCD2,白菜,蔬菜,白菜202512310619,2025-01-28 17:00:00,true
P0620,5160332339EC5FFD,猕猴桃,水果,猕猴202512310620,2025-12-13 18:00:00,true
P0621,6954C6F83E0D1070,猕猴桃,水果,猕猴202512310621,2025-06-02 08:00:00,true
P0622,B1B1A408395EED15,草莓,水果,草莓202512310622,2025-08-24 11:00:00,true
P0623,8F3EF6474EC967CF,黄瓜,蔬菜,黄瓜202512310623,2025-11-19 09:00:00,true
P0624,72008FCC121880C0,梨,水果,梨202512310624,2025-03-07 11:00:00,true
P0625,9E1AE0850F9D0D13,胡萝卜,蔬菜,胡萝202512310625,2025-02-10 12:00:00,true
P0626,36EEBA11C66DE90E,菠菜,蔬菜,菠菜202512310626,2025-05-21 13:00:00,true
P0627,3539620CEE911142,玉米,粮食,玉米202512310627,2025-06-01 15:00:00,true
P0628,71AEAFA9C5A7248A,大豆,粮食,大豆202512310628,2025-05-02 13:00:00,true
P0629,CC1E3847A9495356,草莓,水果,草莓202512310629,2025-01-23 11:00:00,true
P0630,50F427BB8968D76C,黄瓜,蔬菜,黄瓜202512310630,2025-04-09 17:00:00,true
P0631,21DEBC11435077E7,柚子,水果,柚子202512310631,2025-11-25 08:00:00,true
P0632,A1FDEFBB0E9D45E5,花生,粮食,花生202512310632,2025-10-22 08:00:00,true
P0633,ADC69D2FDDDC47DF,土豆,蔬菜,土豆202512310633,2025-10-22 14:00:00,true
P0634,CDECC5A22618EB29,东北大米,粮食,东北202512310634,2025-11-01 18:00:00,true
P0635,72E634172A036225,猕猴桃,水果,猕猴202512310635,2025-06-08 14:00:00,true
P0636,1FDBB2129D191268,西红柿,蔬菜,西红202512310636,2025-10-24 09:00:00,true
P0637,8CE857A1A93F1C76,胡萝卜,蔬菜,胡萝202512310637,2025-11-02 16:00:00,true
P0638,8D4674F22DDEF7F0,香蕉,水果,香蕉202512310638,2025-04-25 13:00:00,true
P0639,54373970862D007C,大豆,粮食,大豆202512310639,2025-01-16 15:00:00,true
P0640,BF58CCF5C3B52215,菠菜,蔬菜,菠菜202512310640,2025-01-15 11:00:00,true
P0641,525739CE80C09A6B,茄子,蔬菜,茄子202512310641,2025-12-08 17:00:00,true
P0642,FE74AA23F9CA2B27,黄瓜,蔬菜,黄瓜202512310642,2025-05-05 09:00:00,true
P0643,EC404BE288A1F765,花生,粮食,花生202512310643,2025-05-26 12:00:00,true
P0644,AF1B29CCC6359850,豆角,蔬菜,豆角202512310644,2025-06-24 18:00:00,true
P0645,4BA6218B88DA5A60,土豆,蔬菜,土豆202512310645,2025-05-06 15:00:00,true
P0646,04F68CC885A32FFD,香蕉,水果,香蕉202512310646,2025-06-04 18:00:00,true
P0647,E16FEB077CCBCC6C,玉米,粮食,玉米202512310647,2025-11-27 12:00:00,true
P0648,8E77593AECC90014,草莓,水果,草莓202512310648,2025-08-25 09:00:00,true
P0649,FE9E5536337B05E4,红富士苹果,水果,红富202512310649,2025-09-13 18:00:00,false
P0650,2CB02428B2222B31,柚子,水果,柚子202512310650,2025-09-20 11:00:00,true
P0651,E479455D2D80484E,白菜,蔬菜,白菜202512310651,2025-06-21 10:00:00,true
P0652,39A6500BECF3A731,有机番茄,蔬菜,有机202512310652,2025-01-22 13:00:00,true
P0653,81311AA5BE2655FD,黄瓜,蔬菜,黄瓜202512310653,2025-12-17 12:00:00,true
P0654,5D41156CE3380A9B,燕麦,粮食,燕麦202512310654,2025-03-25 15:00:00,true
P0655,2DBB66D30A751E42,小麦,粮食,小麦202512310655,2025-11-13 16:00:00,true
P0656,34F3E3037E0C2FAD,芒果,水果,芒果202512310656,2025-02-20 15:00:00,true
P0657,41E305C7C84743E6,桃子,水果,桃子202512310657,2025-10-26 14:00:00,true
P0658,06E2E2D93A3A4402,草莓,水果,草莓202512310658,2025-08-06 08:00:00,true
P0659,163AE1FDE3C98FC7,茄子,蔬菜,茄子202512310659,2025-09-09 09:00:00,true
P0660,92682C25656B42E1,梨,水果,梨202512310660,2025-01-08 18:00:00,true
P0661,31DC43DBBBB3086F,猕猴桃,水果,猕猴202512310661,2025-07-12 15:00:00,true
P0662,890742D6D45F00F4,红富士苹果,水果,红富202512310662,2025-04-19 17:00:00,true
P0663,C75B724443E0924C,红富士苹果,水果,红富202512310663,2025-04-15 18:00:00,true
P0664,86EF20F4A2C68712,黄瓜,蔬菜,黄瓜202512310664,2025-02-06 14:00:00,true
P0665,F3455BFD1C8BDE11,橙子,水果,橙子202512310665,2025-02-20 10:00:00,true
P0666,0331CCA79CBC627D,豆角,蔬菜,豆角202512310666,2025-04-03 16:00:00,true
P0667,1FD4005E1971C529,茄子,蔬菜,茄子202512310667,2025-06-08 13:00:00,true
P0668,CCFAD754F6659F2B,葡萄,水果,葡萄202512310668,2025-11-05 08:00:00,true
P0669,232062F813EDE588,芒果,水果,芒果202512310669,2025-06-03 11:00:00,true
P0670,A40DF697CEE0530F,菠菜,蔬菜,菠菜202512310670,2025-09-05 08:00:00,true
P0671,18E06710AD91A48C,黄瓜,蔬菜,黄瓜202512310671,2025-08-12 17:00:00,true
P0672,DA4D9E5D9B3E1C63,小麦,粮食,小麦202512310672,2025-05-28 18:00:00,true
P0673,D561D27C692D6962,红富士苹果,水果,红富202512310673,2025-07-23 09:00:00,true
P0674,E40B8A01C3433111,西瓜,水果,西瓜202512310674,2025-02-11 13:00:00,true
P0675,F49052425E9A4EE7,香蕉,水果,香蕉202512310675,2025-07-20 10:00:00,true
P0676,597ADDD248F51D64,西红柿,蔬菜,西红202512310676,2025-09-24 16:00:00,true
P0677,9ECE0B97653A57B9,土豆,蔬菜,土豆202512310677,2025-07-17 11:00:00,true
P0678,4019EFE33DE96F58,香蕉,水果,香蕉202512310678,2025-06-17 12:00:00,true
P0679,A205C125CA5E27AC,葡萄,水果,葡萄202512310679,2025-01-11 13:00:00,true
P0680,0127C6A4E03F3232,草莓,水果,草莓202512310680,2025-01-13 16:00:00,true
P0681,891E3ECD594125D1,大豆,粮食,大豆202512310681,2025-10-10 14:00:00,true
P0682,3EB06D9FA97CCF1F,红薯,粮食,红薯202512310682,2025-04-03 11:00:00,true
P0683,9969664AADBA3B93,西红柿,蔬菜,西红202512310683,2025-07-03 11:00:00,true
P0684,E0C7EBC709B55498,黄瓜,蔬菜,黄瓜202512310684,2025-12-08 10:00:00,true
P0685,EF88339FBD0CAE7D,燕麦,粮食,燕麦202512310685,2025-12-22 10:00:00,true
P0686,B56BA1DE3B604E36,燕麦,粮食,燕麦202512310686,2025-05-01 18:00:00,true
P0687,C44D780BE7BB2F97,辣椒,蔬菜,辣椒202512310687,2025-03-03 12:00:00,true
P0688,C024BE9000F074D2,草莓,水果,草莓202512310688,2025-09-24 08:00:00,true
P0689,DC9ACD5E8E81E233,樱桃,水果,樱桃202512310689,2025-12-13 12:00:00,true
P0690,E964C4766B805847,有机番茄,蔬菜,有机202512310690,2025-03-20 10:00:00,true
P0691,2D0E0F4A02896C76,花生,粮食,花生202512310691,2025-11-18 13:00:00,true
P0692,756FECB4091D8D07,梨,水果,梨202512310692,2025-07-18 16:00:00,true
P0693,380CE6343D4AAD17,黄瓜,蔬菜,黄瓜202512310693,2025-09-12 10:00:00,true
P0694,C615C7F00F57E55C,菠菜,蔬菜,菠菜202512310694,2025-02-13 12:00:00,true
P0695,05F8230B388C0E82,葡萄,水果,葡萄202512310695,2025-06-07 15:00:00,true
P0696,F473CEF6C9E669DD,茄子,蔬菜,茄子202512310696,2025-10-25 15:00:00,true
P0697,FABA4E5A80394953,土豆,蔬菜,土豆202512310697,2025-11-18 18:00:00,true
P0698,5B3852B8831A684C,西瓜,水果,西瓜202512310698,2025-04-09 14:00:00,true
P0699,11B25AEEC822242C,小麦,粮食,小麦202512310699,2025-02-09 12:00:00,true
P0700,587E5AE70F2FF6DA,橙子,水果,橙子202512310700,2025-08-24 17:00:00,true
P0701,16C2812F9B3C6C14,樱桃,水果,樱桃202512310701,2025-07-10 18:00:00,true
P0702,FE5C2A1A6794B4EB,桃子,水果,桃子202512310702,2025-10-26 09:00:00,true
P0703,62BB85DA8AC3C516,香蕉,水果,香蕉202512310703,2025-02-12 15:00:00,false
P0704,DC0B39FB7B5C2E17,红薯,粮食,红薯202512310704,2025-08-02 15:00:00,true
P0705,391AD338807467E9,西瓜,水果,西瓜202512310705,2025-05-26 17:00:00,true
P0706,D6D9B560338DC4DA,茄子,蔬菜,茄子202512310706,2025-04-19 14:00:00,true
P0707,A9F91F3072494646,红薯,粮食,红薯202512310707,2025-04-11 14:00:00,true
P0708,EFB0B3553E820F1A,辣椒,蔬菜,辣椒202512310708,2025-01-03 09:00:00,true
P0709,2B05148F1FFBF04E,土豆,蔬菜,土豆202512310709,2025-09-13 16:00:00,true
P0710,48CCE574C4660FAD,豆角,蔬菜,豆角202512310710,2025-07-14 13:00:00,true
P0711,AD9AB089191118A7,猕猴桃,水果,猕猴202512310711,2025-05-15 11:00:00,false
P0712,6A964045F268807D,玉米,粮食,玉米202512310712,2025-06-04 11:00:00,true
P0713,7D125185AE483B12,有机番茄,蔬菜,有机202512310713,2025-03-11 17:00:00,true
P0714,DC9443A765505972,土豆,蔬菜,土豆202512310714,2025-09-23 10:00:00,true
P0715,398D7276945B43DF,樱桃,水果,樱桃202512310715,2025-06-15 14:00:00,true
P0716,3A6FA0FCF8F0273B,有机番茄,蔬菜,有机202512310716,2025-04-15 15:00:00,false
P0717,F6EF53FA15C12910,菠菜,蔬菜,菠菜202512310717,2025-03-12 17:00:00,true
P0718,2FD920B81C423E1B,豆角,蔬菜,豆角202512310718,2025-03-20 08:00:00,true
P0719,1AD1756AD64F3C5F,桃子,水果,桃子202512310719,2025-07-02 11:00:00,true
P0720,1A9778E1E41F5414,玉米,粮食,玉米202512310720,2025-03-06 18:00:00,true
P0721,3122A795A6A03D74,红富士苹果,水果,红富202512310721,2025-04-19 12:00:00,true
P0722,95D25CCC3C3D7745,黄瓜,蔬菜,黄瓜202512310722,2025-01-13 16:00:00,true
P0723,443BD67D403EF76E,胡萝卜,蔬菜,胡萝202512310723,2025-05-09 10:00:00,true
P0724,2820AB3F31027C82,西红柿,蔬菜,西红202512310724,2025-11-01 13:00:00,true
P0725,6D371DAD5B927A98,柚子,水果,柚子202512310725,2025-10-11 14:00:00,true
P0726,0F282CEF08406F78,芒果,水果,芒果202512310726,2025-02-25 14:00:00,true
P0727,AE67CB833AB63B59,葡萄,水果,葡萄202512310727,2025-04-10 12:00:00,true
P0728,D2DB2ADF7D441586,茄子,蔬菜,茄子202512310728,2025-11-13 15:00:00,true
P0729,42B64CCC103D0E39,梨,水果,梨202512310729,2025-11-05 16:00:00,true
P0730,19A3A3C65F8E46C8,西瓜,水果,西瓜202512310730,2025-04-11 15:00:00,true
P0731,DE8499C4D857F3FA,大豆,粮食,大豆202512310731,2025-12-27 09:00:00,true
P0732,D1C5E2DBC3073D3B,辣椒,蔬菜,辣椒202512310732,2025-02-04 09:00:00,true
P0733,F1AED24F029FFB68,辣椒,蔬菜,辣椒202512310733,2025-09-08 09:00:00,true
P0734,FE05E28523E9FE98,橙子,水果,橙子202512310734,2025-06-27 17:00:00,true
P0735,4439B36DE0FBDA4A,西瓜,水果,西瓜202512310735,2025-06-27 15:00:00,true
P0736,016C4544FD7CF4E3,桃子,水果,桃子202512310736,2025-08-25 16:00:00,true
P0737,7632E754E2B7C760,芹菜,蔬菜,芹菜202512310737,2025-09-03 11:00:00,true
P0738,8ADD86BA9E4EEF0B,有机番茄,蔬菜,有机202512310738,2025-04-01 12:00:00,true
P0739,38F174E49566A589,西红柿,蔬菜,西红202512310739,2025-09-05 12:00:00,true
P0740,E638B62321515760,猕猴桃,水果,猕猴202512310740,2025-01-28 12:00:00,true
P0741,37B7C5FD6C1ACA9F,菠菜,蔬菜,菠菜202512310741,2025-08-01 12:00:00,true
P0742,0939C0A7B735AF17,玉米,粮食,玉米202512310742,2025-07-01 14:00:00,true
P0743,06680875435F83BA,红富士苹果,水果,红富202512310743,2025-08-16 17:00:00,true
P0744,29FEC14B3285A484,葡萄,水果,葡萄202512310744,2025-08-20 15:00:00,true
P0745,6E7CE46491C5328F,芒果,水果,芒果202512310745,2025-04-20 13:00:00,true
P0746,058EC6053E4A237F,黄瓜,蔬菜,黄瓜202512310746,2025-05-21 18:00:00,true
P0747,7903645E10782E4D,辣椒,蔬菜,辣椒202512310747,2025-04-18 08:00:00,true
P0748,7F53AE5C1D0B3DC8,小麦,粮食,小麦202512310748,2025-10-10 11:00:00,true
P0749,702F0A57031EAD80,芒果,水果,芒果202512310749,2025-03-24 15:00:00,true
P0750,F9B1A73FD7B287F2,白菜,蔬菜,白菜202512310750,2025-01-15 09:00:00,true
P0751,D483C882507DADF8,大豆,粮食,大豆202512310751,2025-08-17 13:00:00,true
P0752,F6290BC256EA7398,玉米,粮食,玉米202512310752,2025-09-27 16:00:00,true
P0753,581813409BDCFAB9,辣椒,蔬菜,辣椒202512310753,2025-03-03 14:00:00,true
P0754,234E8C7477FBE6D6,菠菜,蔬菜,菠菜202512310754,2025-01-12 10:00:00,true
P0755,D4F8D5802F8C1BD0,小麦,粮食,小麦202512310755,2025-10-19 13:00:00,true
P0756,DC79B0119010307B,西红柿,蔬菜,西红202512310756,2025-03-14 12:00:00,true
P0757,118C9859D92257D7,辣椒,蔬菜,辣椒202512310757,2025-10-16 10:00:00,true
P0758,29A9B064AAFC2F17,茄子,蔬菜,茄子202512310758,2025-04-11 10:00:00,true
P0759,5FB68FD425ADADA7,大豆,粮食,大豆202512310759,2025-11-24 08:00:00,true
P0760,30D6609A453B0378,小麦,粮食,小麦202512310760,2025-03-26 13:00:00,true
P0761,642E3ADD15264AAC,辣椒,蔬菜,辣椒202512310761,2025-09-08 15:00:00,false
P0762,7E420EFCDAFDFBE7,大豆,粮食,大豆202512310762,2025-07-07 15:00:00,true
P0763,1178304F95613A3D,东北大米,粮食,东北202512310763,2025-10-27 13:00:00,true
P0764,321BC3E44DECEB7F,辣椒,蔬菜,辣椒202512310764,2025-11-05 10:00:00,true
P0765,0F80A9C14716C3EC,猕猴桃,水果,猕猴202512310765,2025-01-08 08:00:00,true
P0766,8572DEF587E51D39,葡萄,水果,葡萄202512310766,2025-06-06 18:00:00,false
P0767,29E392FF6089A964,小麦,粮食,小麦202512310767,2025-11-21 17:00:00,true
P0768,CB733CC7251237FF,桃子,水果,桃子202512310768,2025-07-24 10:00:00,true
P0769,12CCA2A93D61B5F6,橙子,水果,橙子202512310769,2025-12-07 12:00:00,true
P0770,1C01BCA57D8BC082,小麦,粮食,小麦202512310770,2025-06-12 17:00:00,true
P0771,EF2350E61E82ED3F,猕猴桃,水果,猕猴202512310771,2025-06-04 14:00:00,true
P0772,4B6424F4D8D5CAE8,有机番茄,蔬菜,有机202512310772,2025-08-16 13:00:00,true
P0773,4CDEF6BDFCB58184,茄子,蔬菜,茄子202512310773,2025-08-23 17:00:00,true
P0774,CF31E90708C31DB0,桃子,水果,桃子202512310774,2025-10-24 10:00:00,true
P0775,0C113FA30279D566,茄子,蔬菜,茄子202512310775,2025-03-21 18:00:00,true
P0776,FBA39EE657C64F90,红富士苹果,水果,红富202512310776,2025-03-06 08:00:00,true
P0777,1D096488760831D4,大豆,粮食,大豆202512310777,2025-09-12 09:00:00,true
P0778,5A959FC5F8549804,红薯,粮食,红薯202512310778,2025-01-07 14:00:00,true
P0779,D81E38CEC46AF53E,梨,水果,梨202512310779,2025-12-19 11:00:00,true
P0780,50BA7C5C0A286D9C,梨,水果,梨202512310780,2025-02-14 16:00:00,true
P0781,72BE9A0B5DB3F539,黄瓜,蔬菜,黄瓜202512310781,2025-02-01 16:00:00,true
P0782,5747169A07D04708,玉米,粮食,玉米202512310782,2025-04-11 13:00:00,true
P0783,C4D8DEA26B2490EF,小麦,粮食,小麦202512310783,2025-01-27 15:00:00,true
P0784,08B6371A3B124C5D,桃子,水果,桃子202512310784,2025-11-16 15:00:00,true
P0785,DCE328841E1484FF,玉米,粮食,玉米202512310785,2025-04-20 10:00:00,true
P0786,FD8EE8DD4EF2654F,有机番茄,蔬菜,有机202512310786,2025-07-09 14:00:00,true
P0787,F0876091CDDC6A2E,胡萝卜,蔬菜,胡萝202512310787,2025-10-10 14:00:00,true
P0788,549B676CF218D334,西瓜,水果,西瓜202512310788,2025-06-17 17:00:00,true
P0789,EB88C3970BD1ACD6,燕麦,粮食,燕麦202512310789,2025-03-13 09:00:00,true
P0790,B8B88B00887F7A63,橙子,水果,橙子202512310790,2025-03-19 09:00:00,true
P0791,AB2C010886653B12,草莓,水果,草莓202512310791,2025-05-04 17:00:00,true
P0792,2FC8591C4C9B4632,白菜,蔬菜,白菜202512310792,2025-10-18 18:00:00,true
P0793,5F21EAC215D0E55E,桃子,水果,桃子202512310793,2025-12-24 15:00:00,true
P0794,4C81F9BCDB26B20E,大豆,粮食,大豆202512310794,2025-10-08 11:00:00,true
P0795,EE0D35ADB6C83EBB,红富士苹果,水果,红富202512310795,2025-07-02 14:00:00,true
P0796,C9AEC06D9BA63553,芒果,水果,芒果202512310796,2025-02-21 17:00:00,true
P0797,A5CBC634BEED3817,西红柿,蔬菜,西红202512310797,2025-05-14 14:00:00,true
P0798,D320BF8708130384,燕麦,粮食,燕麦202512310798,2025-08-24 16:00:00,true
P0799,CBBBCB9A7A3A72BC,胡萝卜,蔬菜,胡萝202512310799,2025-05-13 13:00:00,true
P0800,5100ECD766DB852C,白菜,蔬菜,白菜202512310800,2025-05-14 16:00:00,true
P0801,89A45626166CDE7C,辣椒,蔬菜,辣椒202512310801,2025-09-12 09:00:00,true
P0802,51BC155BC2B5847A,玉米,粮食,玉米202512310802,2025-06-26 12:00:00,true
P0803,E606C13640AE4C6E,葡萄,水果,葡萄202512310803,2025-04-25 09:00:00,true
P0804,3175F18BC15E6056,芹菜,蔬菜,芹菜202512310804,2025-08-03 18:00:00,true
P0805,4A14CB2DEBB3A0AD,柚子,水果,柚子202512310805,2025-07-07 16:00:00,true
P0806,B2AF8114FA8CFCF7,西瓜,水果,西瓜202512310806,2025-02-14 14:00:00,true
P0807,6F03E8573C5DA441,芒果,水果,芒果202512310807,2025-11-06 12:00:00,true
P0808,B2539BE5085F83AB,燕麦,粮食,燕麦202512310808,2025-07-09 15:00:00,true
P0809,D58CBAA021CD514A,有机番茄,蔬菜,有机202512310809,2025-07-08 12:00:00,true
P0810,21B2A1698FD2C86E,香蕉,水果,香蕉202512310810,2025-10-10 10:00:00,true
P0811,1D4AE9194A35551F,葡萄,水果,葡萄202512310811,2025-08-03 16:00:00,true
P0812,2182AF06DC19FA86,芹菜,蔬菜,芹菜202512310812,2025-02-22 12:00:00,true
P0813,58B6C5B596760BA3,红薯,粮食,红薯202512310813,2025-06-07 08:00:00,true
P0814,463521B8C5347F64,草莓,水果,草莓202512310814,2025-04-22 13:00:00,true
P0815,3F3E48BF242DCCDC,辣椒,蔬菜,辣椒202512310815,2025-08-24 12:00:00,true
P0816,4E8329816837C11E,豆角,蔬菜,豆角202512310816,2025-11-05 18:00:00,true
P0817,3336C0A9502CD6AC,葡萄,水果,葡萄202512310817,2025-06-28 14:00:00,true
P0818,F6805B1370E8E2C4,辣椒,蔬菜,辣椒202512310818,2025-06-15 13:00:00,true
P0819,F6C9B02DBD8C87EC,东北大米,粮食,东北202512310819,2025-03-12 15:00:00,true
P0820,5C4AF40FF100204A,豆角,蔬菜,豆角202512310820,2025-10-28 14:00:00,true
P0821,BD315E1849CAD51B,豆角,蔬菜,豆角202512310821,2025-01-21 18:00:00,true
P0822,9A2542D26FF2A94B,红薯,粮食,红薯202512310822,2025-05-13 09:00:00,true
P0823,696C3A1BC79146CE,香蕉,水果,香蕉202512310823,2025-08-06 14:00:00,true
P0824,F5279F9983675573,燕麦,粮食,燕麦202512310824,2025-03-23 18:00:00,true
P0825,623F41F1F98FAD2F,玉米,粮食,玉米202512310825,2025-06-11 17:00:00,true
P0826,2EF47DDF68E636AA,大豆,粮食,大豆202512310826,2025-11-12 08:00:00,true
P0827,168FD904A298EEB1,胡萝卜,蔬菜,胡萝202512310827,2025-08-16 12:00:00,true
P0828,4530F48EA38D1AAD,土豆,蔬菜,土豆202512310828,2025-01-09 12:00:00,true
P0829,3C15594A20A4B982,红富士苹果,水果,红富202512310829,2025-09-26 18:00:00,true
P0830,A59D30E2E44D0C8B,芹菜,蔬菜,芹菜202512310830,2025-11-25 12:00:00,true
P0831,AAC2A25A3E0D60E0,红薯,粮食,红薯202512310831,2025-05-28 16:00:00,true
P0832,95121D363E731BDC,红富士苹果,水果,红富202512310832,2025-04-07 13:00:00,true
P0833,606584A5CEFB3756,辣椒,蔬菜,辣椒202512310833,2025-10-13 13:00:00,true
P0834,8C6F364E8C9E05E5,大豆,粮食,大豆202512310834,2025-11-25 12:00:00,true
P0835,C001F236EF0F9A83,香蕉,水果,香蕉202512310835,2025-08-23 09:00:00,true
P0836,1810239F89761447,花生,粮食,花生202512310836,2025-10-17 16:00:00,true
P0837,94DB1560D1CED604,豆角,蔬菜,豆角202512310837,2025-06-05 08:00:00,true
P0838,398882A2FCF61543,东北大米,粮食,东北202512310838,2025-12-14 10:00:00,true
P0839,5AE2D024C9732BA9,芒果,水果,芒果202512310839,2025-02-26 17:00:00,true
P0840,F13A2AFD8A236687,红富士苹果,水果,红富202512310840,2025-11-04 10:00:00,true
P0841,AD91673B66677921,东北大米,粮食,东北202512310841,2025-06-27 12:00:00,true
P0842,0A207AFF1A9948B1,香蕉,水果,香蕉202512310842,2025-01-23 14:00:00,true
P0843,DB627488E5F82644,香蕉,水果,香蕉202512310843,2025-12-06 16:00:00,true
P0844,4A4C008644D43FE3,桃子,水果,桃子202512310844,2025-03-09 08:00:00,true
P0845,19663F7931829872,西红柿,蔬菜,西红202512310845,2025-04-18 08:00:00,true
P0846,D5D6D5F4ECD1B117,豆角,蔬菜,豆角202512310846,2025-10-02 13:00:00,true
P0847,E2A2CE73A46704FD,玉米,粮食,玉米202512310847,2025-03-18 18:00:00,true
P0848,87B63824100BED05,燕麦,粮食,燕麦202512310848,2025-04-16 16:00:00,true
P0849,7594F6C6D75B24DE,柚子,水果,柚子202512310849,2025-06-20 10:00:00,true
P0850,0C8FB1E960AC5F6C,西瓜,水果,西瓜202512310850,2025-02-25 15:00:00,true
P0851,91F798DB81E94FA1,芹菜,蔬菜,芹菜202512310851,2025-06-16 17:00:00,true
P0852,63743D0AA492FA17,东北大米,粮食,东北202512310852,2025-01-15 11:00:00,true
P0853,531B5A1CA4665BB0,草莓,水果,草莓202512310853,2025-11-28 14:00:00,true
P0854,C0DE6192F203A64B,芒果,水果,芒果202512310854,2025-03-03 10:00:00,true
P0855,45A13AB72452DF5C,猕猴桃,水果,猕猴202512310855,2025-11-10 15:00:00,true
P0856,9BC65E60D3AF71EB,香蕉,水果,香蕉202512310856,2025-12-21 18:00:00,true
P0857,79ADCC78B5A02A4D,西瓜,水果,西瓜202512310857,2025-09-27 16:00:00,true
P0858,C76CC49E063E1A8D,梨,水果,梨202512310858,2025-11-17 09:00:00,true
P0859,C89012AB50328464,玉米,粮食,玉米202512310859,2025-06-21 18:00:00,true
P0860,5FDF07E9B47058DC,香蕉,水果,香蕉202512310860,2025-07-27 15:00:00,true
P0861,AD55965851B25FF3,胡萝卜,蔬菜,胡萝202512310861,2025-04-22 09:00:00,true
P0862,75A1D90D2F65BA15,白菜,蔬菜,白菜202512310862,2025-08-05 09:00:00,true
P0863,84D25FFA8CBF29F1,茄子,蔬菜,茄子202512310863,2025-03-24 10:00:00,true
P0864,5CACE17FB6782F1C,西红柿,蔬菜,西红202512310864,2025-07-22 12:00:00,true
P0865,3706798F8B9F4007,柚子,水果,柚子202512310865,2025-11-27 08:00:00,true
P0866,372F401EFA574268,燕麦,粮食,燕麦202512310866,2025-12-18 13:00:00,true
P0867,AACBD7342400F633,土豆,蔬菜,土豆202512310867,2025-06-24 10:00:00,true
P0868,3B917C22967678D4,芹菜,蔬菜,芹菜202512310868,2025-11-17 11:00:00,true
P0869,5BB4B49A53F7B0DB,柚子,水果,柚子202512310869,2025-02-15 09:00:00,true
P0870,5DC2176609551883,豆角,蔬菜,豆角202512310870,2025-06-26 13:00:00,true
P0871,B2A10E64AB1C1C7D,芒果,水果,芒果202512310871,2025-08-13 10:00:00,true
P0872,0B1590AB02E9F36A,猕猴桃,水果,猕猴202512310872,2025-02-26 08:00:00,true
P0873,51BC4E42FA824E01,柚子,水果,柚子202512310873,2025-05-27 11:00:00,true
P0874,F61333C8D50A8535,菠菜,蔬菜,菠菜202512310874,2025-10-23 09:00:00,true
P0875,7FCF344A1DCE7371,辣椒,蔬菜,辣椒202512310875,2025-12-28 18:00:00,true
P0876,66ADCEF0675D1466,芹菜,蔬菜,芹菜202512310876,2025-08-28 17:00:00,true
P0877,2D01050C3BF7D747,西瓜,水果,西瓜202512310877,2025-11-08 10:00:00,true
P0878,86A9D119F1605A8F,玉米,粮食,玉米202512310878,2025-08-25 17:00:00,true
P0879,F21C462FEEA219A8,红薯,粮食,红薯202512310879,2025-08-12 14:00:00,true
P0880,D7734D6BF0FED967,香蕉,水果,香蕉202512310880,2025-10-16 16:00:00,true
P0881,9BA59E89E59B99C9,辣椒,蔬菜,辣椒202512310881,2025-02-16 11:00:00,true
P0882,DEC710A897696D09,桃子,水果,桃子202512310882,2025-07-17 12:00:00,true
P0883,6920543803C0CF47,辣椒,蔬菜,辣椒202512310883,2025-04-27 16:00:00,true
P0884,6B8A1E7C5E436DB9,草莓,水果,草莓202512310884,2025-01-01 13:00:00,true
P0885,23C6DDFAAFBDC19E,猕猴桃,水果,猕猴202512310885,2025-02-28 13:00:00,true
P0886,A12D802AE27E20C0,葡萄,水果,葡萄202512310886,2025-09-20 09:00:00,true
P0887,DE7BFC1BE13618AD,大豆,粮食,大豆202512310887,2025-07-09 13:00:00,true
P0888,8E27D06129FD7305,橙子,水果,橙子202512310888,2025-05-21 14:00:00,true
P0889,CF122D121587AFD9,花生,粮食,花生202512310889,2025-07-16 18:00:00,true
P0890,991913A237CFD63C,茄子,蔬菜,茄子202512310890,2025-06-20 14:00:00,true
P0891,C96A53BF60FEAA11,土豆,蔬菜,土豆202512310891,2025-11-17 17:00:00,true
P0892,3C4F86A97ECF5DA7,香蕉,水果,香蕉202512310892,2025-02-18 10:00:00,true
P0893,00896BD5231A0D2B,花生,粮食,花生202512310893,2025-10-16 15:00:00,true
P0894,6BB2952F7DB34C76,猕猴桃,水果,猕猴202512310894,2025-03-03 08:00:00,true
P0895,86B11964482AE706,辣椒,蔬菜,辣椒202512310895,2025-03-03 10:00:00,true
P0896,74CAF6F5A7C4B895,白菜,蔬菜,白菜202512310896,2025-11-25 13:00:00,true
P0897,A19323A99CD9CAED,橙子,水果,橙子202512310897,2025-10-17 16:00:00,true
P0898,50D622656E96224E,红薯,粮食,红薯202512310898,2025-12-09 08:00:00,true
P0899,6BF8E62BF9601E25,燕麦,粮食,燕麦202512310899,2025-10-01 08:00:00,true
P0900,6F29023FEA53AB66,西红柿,蔬菜,西红202512310900,2025-03-10 11:00:00,true
P0901,D7D533E8C2E5FC91,芹菜,蔬菜,芹菜202512310901,2025-09-07 13:00:00,true
P0902,D50E60CAB0BA56D1,柚子,水果,柚子202512310902,2025-04-11 11:00:00,true
P0903,F45F60A211B177E3,花生,粮食,花生202512310903,2025-01-03 15:00:00,true
P0904,0CF3C4774F754CF1,茄子,蔬菜,茄子202512310904,2025-10-02 17:00:00,true
P0905,01FF9654F219F41C,花生,粮食,花生202512310905,2025-01-13 08:00:00,true
P0906,A442640492CA7E59,芒果,水果,芒果202512310906,2025-10-15 10:00:00,true
P0907,09BACE51B473DF2E,香蕉,水果,香蕉202512310907,2025-07-25 09:00:00,true
P0908,638A62A8D05B7F1E,红薯,粮食,红薯202512310908,2025-01-14 16:00:00,true
P0909,59EB3EB10F861867,豆角,蔬菜,豆角202512310909,2025-05-06 14:00:00,true
P0910,9F259BAF10E41454,樱桃,水果,樱桃202512310910,2025-05-12 10:00:00,true
P0911,2086D1A6FCF07154,菠菜,蔬菜,菠菜202512310911,2025-05-17 13:00:00,true
P0912,8978A8AC0C182E83,西瓜,水果,西瓜202512310912,2025-02-07 14:00:00,true
P0913,311401AF630CCB56,胡萝卜,蔬菜,胡萝202512310913,2025-03-25 08:00:00,true
P0914,C7191A92832AE2CB,黄瓜,蔬菜,黄瓜202512310914,2025-03-21 08:00:00,true
P0915,C8648F4CFD20B993,辣椒,蔬菜,辣椒202512310915,2025-09-02 15:00:00,true
P0916,AC34460FBEAD2941,胡萝卜,蔬菜,胡萝202512310916,2025-06-19 17:00:00,true
P0917,EAE8BF443D8CA0CF,大豆,粮食,大豆202512310917,2025-12-03 18:00:00,true
P0918,88F86FF5A06532A5,草莓,水果,草莓202512310918,2025-09-13 10:00:00,false
P0919,F0962082AC50ACF9,土豆,蔬菜,土豆202512310919,2025-07-22 11:00:00,true
P0920,D341FE587AF77EC6,红薯,粮食,红薯202512310920,2025-01-10 08:00:00,true
P0921,0015313ABCC8F9C0,橙子,水果,橙子202512310921,2025-12-06 11:00:00,true
P0922,12B68259D338317A,红富士苹果,水果,红富202512310922,2025-01-21 10:00:00,true
P0923,9207B738F3736055,土豆,蔬菜,土豆202512310923,2025-05-27 11:00:00,true
P0924,25FB12E61E9A9A96,菠菜,蔬菜,菠菜202512310924,2025-09-10 08:00:00,true
P0925,7BDFB18D64A36282,茄子,蔬菜,茄子202512310925,2025-12-05 13:00:00,true
P0926,C8649EDEC1426674,红富士苹果,水果,红富202512310926,2025-05-09 18:00:00,true
P0927,33C1B87A3536EB73,有机番茄,蔬菜,有机202512310927,2025-05-23 10:00:00,true
P0928,A468CC7FEE447820,西红柿,蔬菜,西红202512310928,2025-02-08 17:00:00,true
P0929,9FCDD276EFB38119,西瓜,水果,西瓜202512310929,2025-01-02 08:00:00,true
P0930,BB0E5699BA5A7776,花生,粮食,花生202512310930,2025-10-18 11:00:00,true
P0931,C945D97D87321080,香蕉,水果,香蕉202512310931,2025-04-02 15:00:00,true
P0932,FAD57403DDA83734,红富士苹果,水果,红富202512310932,2025-07-11 09:00:00,true
P0933,A5D4AB55D4CB6C2F,西瓜,水果,西瓜202512310933,2025-12-18 14:00:00,true
P0934,1365058A3A17E457,小麦,粮食,小麦202512310934,2025-12-04 09:00:00,true
P0935,0CAFC0F12D7ED90B,红富士苹果,水果,红富202512310935,2025-12-07 18:00:00,true
P0936,C0E90382C6430665,花生,粮食,花生202512310936,2025-03-23 14:00:00,true
P0937,BC5662CCA4DFF52C,香蕉,水果,香蕉202512310937,2025-12-25 15:00:00,true
P0938,4B8300C37E1A7D77,芹菜,蔬菜,芹菜202512310938,2025-02-04 16:00:00,true
P0939,0EB2FEB2E9A5D335,草莓,水果,草莓202512310939,2025-09-26 08:00:00,true
P0940,89AD704678C7E9A0,樱桃,水果,樱桃202512310940,2025-02-02 15:00:00,true
P0941,7808EA4641527E90,西瓜,水果,西瓜202512310941,2025-03-28 16:00:00,true
P0942,50BCDBE5C6813E7B,土豆,蔬菜,土豆202512310942,2025-02-01 13:00:00,true
P0943,6AC5E10860F5C43B,梨,水果,梨202512310943,2025-09-16 12:00:00,true
P0944,4A3CA8CD986D7296,黄瓜,蔬菜,黄瓜202512310944,2025-02-18 12:00:00,true
P0945,873599044C5892E2,黄瓜,蔬菜,黄瓜202512310945,2025-10-14 14:00:00,true
P0946,6F4624F89A027B5C,桃子,水果,桃子202512310946,2025-03-20 11:00:00,true
P0947,520533DCA959C12E,胡萝卜,蔬菜,胡萝202512310947,2025-02-07 12:00:00,true
P0948,50FF8B92611D10EF,燕麦,粮食,燕麦202512310948,2025-03-25 16:00:00,true
P0949,3F10B4EA8FFD5528,草莓,水果,草莓202512310949,2025-08-28 16:00:00,false
P0950,1B9EC1C32495CB01,菠菜,蔬菜,菠菜202512310950,2025-12-20 18:00:00,true
P0951,F096E84BA9E98270,柚子,水果,柚子202512310951,2025-04-25 16:00:00,true
P0952,B1DC865619D885A0,芹菜,蔬菜,芹菜202512310952,2025-04-10 09:00:00,true
P0953,79F2473C4D4BE51B,辣椒,蔬菜,辣椒202512310953,2025-04-08 12:00:00,true
P0954,D7074C1F6BEF4F69,菠菜,蔬菜,菠菜202512310954,2025-03-23 16:00:00,true
P0955,D1E4A8760D932B14,大豆,粮食,大豆202512310955,2025-06-25 14:00:00,false
P0956,BE24442EB3AD4706,小麦,粮食,小麦202512310956,2025-07-19 11:00:00,true
P0957,233173E5F0F2DB1E,小麦,粮食,小麦202512310957,2025-10-03 11:00:00,true
P0958,8E757E7D03E0B7B2,草莓,水果,草莓202512310958,2025-02-04 10:00:00,true
P0959,B973CDA2F15CAE07,土豆,蔬菜,土豆202512310959,2025-04-14 14:00:00,true
P0960,391F62E18AD7D425,猕猴桃,水果,猕猴202512310960,2025-01-22 17:00:00,true
P0961,406E27900860D727,西红柿,蔬菜,西红202512310961,2025-06-07 10:00:00,true
P0962,E79ED243C7443019,辣椒,蔬菜,辣椒202512310962,2025-06-23 08:00:00,true
P0963,DEE9FADA79399BA6,茄子,蔬菜,茄子202512310963,2025-05-03 14:00:00,true
P0964,AECA54C7003CE538,猕猴桃,水果,猕猴202512310964,2025-11-06 10:00:00,true
P0965,30F4AAAA0A1AAD9F,土豆,蔬菜,土豆202512310965,2025-03-14 09:00:00,true
P0966,72B7A351573DD59F,燕麦,粮食,燕麦202512310966,2025-08-02 17:00:00,true
P0967,508CEA23841E1C6E,菠菜,蔬菜,菠菜202512310967,2025-12-13 10:00:00,true
P0968,DEC41273767745BD,樱桃,水果,樱桃202512310968,2025-06-22 15:00:00,true
P0969,C464D2EC625894A5,桃子,水果,桃子202512310969,2025-07-22 15:00:00,true
P0970,FEA0D998F26533AF,芒果,水果,芒果202512310970,2025-11-17 18:00:00,true
P0971,9BA49486536ADD06,芹菜,蔬菜,芹菜202512310971,2025-05-03 14:00:00,true
P0972,5F8C3D9F4820F4D8,樱桃,水果,樱桃202512310972,2025-07-28 11:00:00,true
P0973,9D784ACCC4BB017A,桃子,水果,桃子202512310973,2025-12-25 18:00:00,true
P0974,E14E82347B6EE224,葡萄,水果,葡萄202512310974,2025-04-18 08:00:00,true
P0975,C3EA60E5BD6F0E75,燕麦,粮食,燕麦202512310975,2025-09-05 10:00:00,true
P0976,5A4078D1F700E530,有机番茄,蔬菜,有机202512310976,2025-09-15 11:00:00,true
P0977,337063C7ABB84FCF,胡萝卜,蔬菜,胡萝202512310977,2025-05-05 13:00:00,true
P0978,378EAB7E00774E4C,红薯,粮食,红薯202512310978,2025-10-04 18:00:00,true
P0979,EE96D40EDA42971A,胡萝卜,蔬菜,胡萝202512310979,2025-05-05 10:00:00,true
P0980,A7977A5887815DC1,梨,水果,梨202512310980,2025-03-11 08:00:00,true
P0981,4E5B7F13F7E482C0,梨,水果,梨202512310981,2025-04-26 11:00:00,true
P0982,8F59ACEE42E82E0F,菠菜,蔬菜,菠菜202512310982,2025-01-09 09:00:00,true
P0983,715C312BE9AA623F,红薯,粮食,红薯202512310983,2025-03-11 18:00:00,true
P0984,3358B6359B58A63C,白菜,蔬菜,白菜202512310984,2025-02-06 13:00:00,true
P0985,5FC886EC21E43A8E,桃子,水果,桃子202512310985,2025-01-05 14:00:00,true
P0986,6ACD6AA5A3CB746F,白菜,蔬菜,白菜202512310986,2025-03-13 12:00:00,true
P0987,CB62CCEAB84DA7CD,白菜,蔬菜,白菜202512310987,2025-12-28 18:00:00,true
P0988,F74DDEB70AB3490F,红薯,粮食,红薯202512310988,2025-09-20 10:00:00,true
P0989,BB6B20CD95EAE27E,桃子,水果,桃子202512310989,2025-10-07 12:00:00,true
P0990,09C6645B2D2A292D,芹菜,蔬菜,芹菜202512310990,2025-11-11 18:00:00,true
P0991,D3C2B3E3083337E6,东北大米,粮食,东北202512310991,2025-08-20 10:00:00,true
P0992,76CD58F71A287181,猕猴桃,水果,猕猴202512310992,2025-08-19 10:00:00,true
P0993,906AB66B6A1308E3,有机番茄,蔬菜,有机202512310993,2025-04-15 18:00:00,true
P0994,CD8865A8EBF2A846,葡萄,水果,葡萄202512310994,2025-09-12 08:00:00,true
P0995,B0BF6A6061E3E7F2,菠菜,蔬菜,菠菜202512310995,2025-07-12 14:00:00,true
P0996,CE9EC76AC395E2D6,红富士苹果,水果,红富202512310996,2025-04-10 13:00:00,true
P0997,4870C3F0BEE78524,东北大米,粮食,东北202512310997,2025-11-19 18:00:00,true
P0998,4C01A189B2D4CC5E,红富士苹果,水果,红富202512310998,2025-10-16 09:00:00,true
P0999,4D7D3C70A513ACEC,樱桃,水果,樱桃202512310999,2025-08-26 18:00:00,true
P1000,C7ED99EEBD59EFFA,樱桃,水果,樱桃202512311000,2025-12-26 17:00:00,true
P1001,D19A143B59EEB4F5,西红柿,蔬菜,西红202512311001,2025-06-10 09:00:00,true
P1002,8FCD9E4CDB85C37E,花生,粮食,花生202512311002,2025-03-21 15:00:00,true
P1003,7767827643EB73A9,香蕉,水果,香蕉202512311003,2025-05-08 15:00:00,true
P1004,9664D5B39817DDC1,樱桃,水果,樱桃202512311004,2025-07-20 18:00:00,true
P1005,DCACA03457604F12,西瓜,水果,西瓜202512311005,2025-07-14 12:00:00,true
P1006,A54551F83EA9A4D4,樱桃,水果,樱桃202512311006,2025-08-13 15:00:00,true
P1007,03D3A2A34094334A,燕麦,粮食,燕麦202512311007,2025-06-07 13:00:00,true
P1008,DB20666D40B5C22F,玉米,粮食,玉米202512311008,2025-12-15 13:00:00,true
P1009,5C4644EDCD7EFDF3,西红柿,蔬菜,西红202512311009,2025-07-10 17:00:00,false
P1010,17DC75C502D04992,梨,水果,梨202512311010,2025-07-28 09:00:00,true
P1011,3AA82CBC811F9C60,花生,粮食,花生202512311011,2025-11-03 14:00:00,true
P1012,431544B27E3EC40A,樱桃,水果,樱桃202512311012,2025-08-12 16:00:00,true
P1013,31C3A8222554480C,辣椒,蔬菜,辣椒202512311013,2025-10-16 16:00:00,true
P1014,2BF852D4655982BF,桃子,水果,桃子202512311014,2025-04-19 13:00:00,true
P1015,8FE16F81726D97B3,芒果,水果,芒果202512311015,2025-12-13 18:00:00,true
P1016,BFB8D9411874352D,芹菜,蔬菜,芹菜202512311016,2025-10-11 11:00:00,true
P1017,20A95ABC587B7A6A,茄子,蔬菜,茄子202512311017,2025-01-27 14:00:00,false
P1018,B515F9A76E30D335,豆角,蔬菜,豆角202512311018,2025-05-06 09:00:00,true
P1019,402938C51E0D7266,菠菜,蔬菜,菠菜202512311019,2025-06-09 16:00:00,true
P1020,95C4C0B44D2D7038,桃子,水果,桃子202512311020,2025-05-12 09:00:00,true
P1021,7D8EC14D90B21182,梨,水果,梨202512311021,2025-10-27 09:00:00,true
P1022,2CAC31BF8C6617FE,芒果,水果,芒果202512311022,2025-01-28 15:00:00,true
P1023,B7AC1AB7DA8736EF,燕麦,粮食,燕麦202512311023,2025-07-01 13:00:00,true
P1024,CC6CE48331EABDFF,猕猴桃,水果,猕猴202512311024,2025-07-03 12:00:00,true
P1025,63C41C78AD6E34EF,葡萄,水果,葡萄202512311025,2025-11-17 14:00:00,true
P1026,5E1697CA6AF91141,香蕉,水果,香蕉202512311026,2025-02-03 11:00:00,true
P1027,97E3DA6616DFB15C,花生,粮食,花生202512311027,2025-01-18 12:00:00,true
P1028,2FA4EA9D2AFE2EB8,大豆,粮食,大豆202512311028,2025-10-26 16:00:00,true
P1029,E543456C6B8E6C00,土豆,蔬菜,土豆202512311029,2025-02-14 16:00:00,true
P1030,52B8BA492CA3FCA8,辣椒,蔬菜,辣椒202512311030,2025-03-02 08:00:00,true
P1031,02F5595F4E080E9A,猕猴桃,水果,猕猴202512311031,2025-09-14 09:00:00,true
P1032,0753622ED00E88A0,黄瓜,蔬菜,黄瓜202512311032,2025-09-24 13:00:00,true
P1033,67AD007A29403ABD,梨,水果,梨202512311033,2025-08-24 12:00:00,true
P1034,BD50BB027CB7CAC1,葡萄,水果,葡萄202512311034,2025-09-09 15:00:00,true
P1035,35574074AC4D35D8,辣椒,蔬菜,辣椒202512311035,2025-11-24 18:00:00,true
P1036,AC5D4C86FAD613C9,东北大米,粮食,东北202512311036,2025-11-17 11:00:00,true
P1037,D773079C7686A610,白菜,蔬菜,白菜202512311037,2025-12-03 18:00:00,true
P1038,27C303328258DC27,橙子,水果,橙子202512311038,2025-04-14 15:00:00,true
P1039,77C190D0C3AE0098,西瓜,水果,西瓜202512311039,2025-07-16 16:00:00,true
P1040,D3F6F7538EA80EF6,燕麦,粮食,燕麦202512311040,2025-06-02 16:00:00,true
P1041,07271918A4F1FA48,黄瓜,蔬菜,黄瓜202512311041,2025-04-07 17:00:00,true
P1042,77011E7CD42A59E6,花生,粮食,花生202512311042,2025-08-07 08:00:00,true
P1043,795BF63DEB5DD48C,大豆,粮食,大豆202512311043,2025-02-23 11:00:00,true
P1044,461B63B5A025E5C6,白菜,蔬菜,白菜202512311044,2025-08-14 17:00:00,true
P1045,23BDB350A7C69CF8,茄子,蔬菜,茄子202512311045,2025-11-11 14:00:00,true
P1046,5EE1686A226187AD,柚子,水果,柚子202512311046,2025-06-26 16:00:00,true
P1047,7A0502D578E052C9,花生,粮食,花生202512311047,2025-08-06 14:00:00,true
P1048,5088E0DF92BD647D,柚子,水果,柚子202512311048,2025-03-01 17:00:00,true
P1049,E7C969601BB6491A,大豆,粮食,大豆202512311049,2025-06-20 13:00:00,true
P1050,24792098383EFA17,东北大米,粮食,东北202512311050,2025-08-26 10:00:00,true
P1051,29B5855FF36DFD83,有机番茄,蔬菜,有机202512311051,2025-06-27 12:00:00,true
P1052,4D8475164F44A59A,东北大米,粮食,东北202512311052,2025-07-09 14:00:00,true
P1053,54A3C2A55FE58146,香蕉,水果,香蕉202512311053,2025-11-10 13:00:00,true
P1054,7BE3F93B049E9A79,大豆,粮食,大豆202512311054,2025-05-03 17:00:00,true
P1055,E1A5A59C09C5DEE0,红薯,粮食,红薯202512311055,2025-02-02 15:00:00,true
P1056,75F0EC50052A5648,草莓,水果,草莓202512311056,2025-02-07 08:00:00,true
P1057,0185ED3EFEC362B2,小麦,粮食,小麦202512311057,2025-01-01 09:00:00,true
P1058,40EB1239EA7F6D20,梨,水果,梨202512311058,2025-12-18 11:00:00,true
P1059,742B873C31C77F6C,柚子,水果,柚子202512311059,2025-07-20 17:00:00,true
P1060,3CD36450FB563CEF,芹菜,蔬菜,芹菜202512311060,2025-09-10 18:00:00,true
P1061,9129CD906D79161B,芹菜,蔬菜,芹菜202512311061,2025-03-17 11:00:00,true
P1062,243AF96C483023C4,燕麦,粮食,燕麦202512311062,2025-08-01 16:00:00,true
P1063,F5EC1CF02C4C7DF4,柚子,水果,柚子202512311063,2025-10-28 12:00:00,true
P1064,CF5446E41FA25E3D,香蕉,水果,香蕉202512311064,2025-07-07 12:00:00,true
P1065,51610211EBE58EF0,葡萄,水果,葡萄202512311065,2025-02-14 11:00:00,true
P1066,31357B2CE6D846EA,红薯,粮食,红薯202512311066,2025-09-20 18:00:00,true
P1067,774301BCA1BBD34B,西瓜,水果,西瓜202512311067,2025-04-10 17:00:00,true
P1068,AEFBC82F46FD4C74,柚子,水果,柚子202512311068,2025-11-10 11:00:00,true
P1069,DCB3BB149D227330,菠菜,蔬菜,菠菜202512311069,2025-05-08 08:00:00,true
P1070,0E26EE63589682A3,茄子,蔬菜,茄子202512311070,2025-01-12 13:00:00,true
P1071,C80F070285B505BD,东北大米,粮食,东北202512311071,2025-12-11 13:00:00,true
P1072,81CA386B8948E81C,草莓,水果,草莓202512311072,2025-12-01 08:00:00,true
P1073,7E98719CDC638DB4,西瓜,水果,西瓜202512311073,2025-07-03 14:00:00,true
P1074,5551F9AF18909AEF,香蕉,水果,香蕉202512311074,2025-02-07 16:00:00,true
P1075,B26ED5EF0A6F5F9B,芹菜,蔬菜,芹菜202512311075,2025-06-03 10:00:00,true
P1076,A91A28589458CA7C,香蕉,水果,香蕉202512311076,2025-06-02 08:00:00,true
P1077,624FECB51872F4F1,西红柿,蔬菜,西红202512311077,2025-04-07 15:00:00,true
P1078,DC30C96543FC1111,葡萄,水果,葡萄202512311078,2025-08-12 13:00:00,true
P1079,BEB1FF4DD1F01B0C,香蕉,水果,香蕉202512311079,2025-09-16 15:00:00,true
P1080,45079C6EA06A4909,柚子,水果,柚子202512311080,2025-11-25 18:00:00,true
P1081,B013FA009E64C551,西红柿,蔬菜,西红202512311081,2025-03-21 10:00:00,true
P1082,7D73D5F6424A0DB8,芒果,水果,芒果202512311082,2025-04-05 17:00:00,true
P1083,947348C259D59B76,猕猴桃,水果,猕猴202512311083,2025-04-01 09:00:00,true
P1084,496A3F82F75A0F9A,红富士苹果,水果,红富202512311084,2025-11-14 15:00:00,true
P1085,784A9A6E9B27BD30,芒果,水果,芒果202512311085,2025-06-26 09:00:00,true
P1086,5D94F08B2E7E5113,黄瓜,蔬菜,黄瓜202512311086,2025-08-04 15:00:00,true
P1087,2BAD0519680CD191,豆角,蔬菜,豆角202512311087,2025-06-07 18:00:00,true
P1088,D42AE941FE8868D3,西瓜,水果,西瓜202512311088,2025-04-27 10:00:00,true
P1089,D8E8727F1F095402,草莓,水果,草莓202512311089,2025-07-08 17:00:00,true
P1090,01B5C64DB7021162,猕猴桃,水果,猕猴202512311090,2025-11-19 13:00:00,true
P1091,28CE790C65120681,香蕉,水果,香蕉202512311091,2025-06-19 13:00:00,true
P1092,C559901A542EE802,香蕉,水果,香蕉202512311092,2025-02-02 12:00:00,true
P1093,BFA33823F7938846,猕猴桃,水果,猕猴202512311093,2025-12-02 16:00:00,true
P1094,DF351BC471DA37D6,花生,粮食,花生202512311094,2025-05-09 14:00:00,true
P1095,CB7AB53AC6077763,樱桃,水果,樱桃202512311095,2025-12-19 16:00:00,true
P1096,82ED89F35FAF6014,花生,粮食,花生202512311096,2025-10-28 17:00:00,true
P1097,91207DB58A12957B,红薯,粮食,红薯202512311097,2025-09-25 08:00:00,true
P1098,C31FA11618F63662,小麦,粮食,小麦202512311098,2025-08-22 16:00:00,true
P1099,6B0AA67467D68C20,樱桃,水果,樱桃202512311099,2025-08-01 10:00:00,true
P1100,2B0FDA2643F4F584,红薯,粮食,红薯202512311100,2025-04-27 14:00:00,true
P1101,79AF3BB14FE94966,梨,水果,梨202512311101,2025-08-14 18:00:00,true
P1102,AB3C01D686E1FD0C,柚子,水果,柚子202512311102,2025-02-28 18:00:00,true
P1103,B51A63D318A471EF,豆角,蔬菜,豆角202512311103,2025-03-18 14:00:00,true
P1104,972507AE5CD4B88A,东北大米,粮食,东北202512311104,2025-05-23 10:00:00,true
P1105,8BDF9854EA5A27D2,大豆,粮食,大豆202512311105,2025-05-01 13:00:00,true
P1106,0DF63C6538883E7D,红富士苹果,水果,红富202512311106,2025-08-22 17:00:00,true
P1107,70B9B87592DCEBE7,土豆,蔬菜,土豆202512311107,2025-07-23 13:00:00,true
P1108,F6F133F0F371C74C,西瓜,水果,西瓜202512311108,2025-11-15 11:00:00,true
P1109,5824CA18938ADB57,猕猴桃,水果,猕猴202512311109,2025-06-27 13:00:00,true
P1110,073CF009599E4920,桃子,水果,桃子202512311110,2025-11-02 09:00:00,true
P1111,9C8BED49D4F5A70F,猕猴桃,水果,猕猴202512311111,2025-06-16 11:00:00,true
P1112,F6AF8EF02F4F78F3,东北大米,粮食,东北202512311112,2025-07-13 15:00:00,true
P1113,EC8508761444CA10,玉米,粮食,玉米202512311113,2025-11-26 09:00:00,true
P1114,5F807802088BF93B,香蕉,水果,香蕉202512311114,2025-05-11 14:00:00,true
P1115,17D20B1FB2A495D8,桃子,水果,桃子202512311115,2025-04-25 13:00:00,true
P1116,2F0249BB160B3C6B,草莓,水果,草莓202512311116,2025-10-10 15:00:00,true
P1117,1C152F93C8FBB3D9,豆角,蔬菜,豆角202512311117,2025-01-13 18:00:00,true
P1118,6353B49EE3353D7F,辣椒,蔬菜,辣椒202512311118,2025-05-09 14:00:00,true
P1119,ADDD822F76C45055,白菜,蔬菜,白菜202512311119,2025-03-25 09:00:00,true
P1120,E04337B9BEE9A0E4,玉米,粮食,玉米202512311120,2025-10-11 18:00:00,true
P1121,1504BBE3E232C017,西红柿,蔬菜,西红202512311121,2025-01-17 11:00:00,true
P1122,148118AF947AAD7C,小麦,粮食,小麦202512311122,2025-12-10 09:00:00,true
P1123,0ED88800B50D0E9F,西瓜,水果,西瓜202512311123,2025-09-16 11:00:00,true
P1124,F9B98E8B253244FB,东北大米,粮食,东北202512311124,2025-05-16 17:00:00,true
P1125,A3BEB47FECB8DA2B,香蕉,水果,香蕉202512311125,2025-11-02 13:00:00,true
P1126,58A3B6B861A1BD65,西瓜,水果,西瓜202512311126,2025-11-19 09:00:00,true
P1127,0CEC3EDAAA9C3B85,香蕉,水果,香蕉202512311127,2025-06-05 09:00:00,true
P1128,2525F87AD0B33EEA,豆角,蔬菜,豆角202512311128,2025-11-03 08:00:00,true
P1129,C17D42DB942ACC3E,胡萝卜,蔬菜,胡萝202512311129,2025-09-15 15:00:00,false
P1130,9E6D625E1C284092,西红柿,蔬菜,西红202512311130,2025-03-19 10:00:00,true
P1131,50047A6B042A9436,东北大米,粮食,东北202512311131,2025-05-11 11:00:00,true
P1132,508CD8E7DB6489A8,白菜,蔬菜,白菜202512311132,2025-02-16 13:00:00,true
P1133,20048D0ED032CE53,香蕉,水果,香蕉202512311133,2025-01-28 11:00:00,true
P1134,9254CD0D9EA298E6,花生,粮食,花生202512311134,2025-08-23 12:00:00,false
P1135,F7ECAAF90187632D,红富士苹果,水果,红富202512311135,2025-07-05 09:00:00,true
P1136,C60FAF0B40737667,茄子,蔬菜,茄子202512311136,2025-08-13 09:00:00,true
P1137,43219201C8951C15,芹菜,蔬菜,芹菜202512311137,2025-08-06 12:00:00,true
P1138,AE744298C779F3E3,西红柿,蔬菜,西红202512311138,2025-04-28 10:00:00,true
P1139,2B46668E4F7FF139,柚子,水果,柚子202512311139,2025-12-22 17:00:00,true
P1140,0B766AB11C2D9926,燕麦,粮食,燕麦202512311140,2025-01-24 10:00:00,true
P1141,ACEA80C02EE58C18,西瓜,水果,西瓜202512311141,2025-04-15 08:00:00,true
P1142,92E169C7A9950B93,豆角,蔬菜,豆角202512311142,2025-11-09 12:00:00,true
P1143,03247D4038A9F5A6,茄子,蔬菜,茄子202512311143,2025-01-16 08:00:00,true
P1144,E53788B9C7FDD048,橙子,水果,橙子202512311144,2025-04-05 15:00:00,true
P1145,5C51C8FC8DA340BA,胡萝卜,蔬菜,胡萝202512311145,2025-09-22 10:00:00,true
P1146,97EF9E57171DB32A,辣椒,蔬菜,辣椒202512311146,2025-08-18 13:00:00,true
P1147,4755C6D549BA5978,柚子,水果,柚子202512311147,2025-10-19 09:00:00,true
P1148,00DB8E92BAA21E91,草莓,水果,草莓202512311148,2025-12-17 12:00:00,true
P1149,A4643C7073FDF9F7,芹菜,蔬菜,芹菜202512311149,2025-09-17 10:00:00,true
P1150,73E1785A9AA7308E,西红柿,蔬菜,西红202512311150,2025-08-06 11:00:00,true
P1151,8CD36BCF4ADC1137,燕麦,粮食,燕麦202512311151,2025-01-28 14:00:00,true
P1152,8277424272352E67,橙子,水果,橙子202512311152,2025-12-06 09:00:00,true
P1153,9D02F4DBED17022B,柚子,水果,柚子202512311153,2025-07-07 08:00:00,true
P1154,7422ED95A632CD7B,东北大米,粮食,东北202512311154,2025-05-13 13:00:00,true
P1155,88529A528E3950F7,黄瓜,蔬菜,黄瓜202512311155,2025-06-08 09:00:00,true
P1156,CC6AC537ED6E6DAD,辣椒,蔬菜,辣椒202512311156,2025-04-02 12:00:00,true
P1157,BDCDB53445CCC79A,橙子,水果,橙子202512311157,2025-04-27 13:00:00,true
P1158,04EEA44FE374B098,红薯,粮食,红薯202512311158,2025-07-03 13:00:00,true
P1159,B8ECA205C1F8763A,小麦,粮食,小麦202512311159,2025-08-12 08:00:00,true
P1160,62ACF45CE36B0D03,樱桃,水果,樱桃202512311160,2025-02-27 17:00:00,true
P1161,A29E45C5B667BE49,有机番茄,蔬菜,有机202512311161,2025-01-01 14:00:00,true
P1162,33262197C4A2BB35,猕猴桃,水果,猕猴202512311162,2025-09-28 18:00:00,true
P1163,0B01E9A305BC99A0,白菜,蔬菜,白菜202512311163,2025-07-28 16:00:00,true
P1164,139EA48F719D4C0C,黄瓜,蔬菜,黄瓜202512311164,2025-07-14 15:00:00,true
P1165,1B3F3EB40D5853D0,菠菜,蔬菜,菠菜202512311165,2025-11-02 08:00:00,true
P1166,73621A9FDD485895,辣椒,蔬菜,辣椒202512311166,2025-05-12 08:00:00,true
P1167,06BDDBEE16B132E2,西红柿,蔬菜,西红202512311167,2025-08-14 13:00:00,true
P1168,976F0EE7E3F6EFCC,西红柿,蔬菜,西红202512311168,2025-05-22 08:00:00,true
P1169,187696676401C476,红富士苹果,水果,红富202512311169,2025-07-10 10:00:00,true
P1170,26AB478451253FD6,花生,粮食,花生202512311170,2025-02-24 11:00:00,true
P1171,739CBA84F0B46692,小麦,粮食,小麦202512311171,2025-03-21 10:00:00,true
P1172,5E4B0E8AF898BCF6,白菜,蔬菜,白菜202512311172,2025-08-18 14:00:00,false
P1173,D7514F9F901B329A,草莓,水果,草莓202512311173,2025-10-18 16:00:00,true
P1174,CA67011C508099AE,红富士苹果,水果,红富202512311174,2025-09-22 17:00:00,true
P1175,A80CD89FC7A6AFFC,辣椒,蔬菜,辣椒202512311175,2025-09-11 11:00:00,true
P1176,37FD49C41147FEA2,香蕉,水果,香蕉202512311176,2025-09-16 14:00:00,true
P1177,23D16D69FEE2A02A,燕麦,粮食,燕麦202512311177,2025-03-26 08:00:00,true
P1178,C42F460BA5E9227E,大豆,粮食,大豆202512311178,2025-08-24 16:00:00,true
P1179,DEB836EE680DC0AB,黄瓜,蔬菜,黄瓜202512311179,2025-06-15 11:00:00,true
P1180,7C51963B71C9069A,小麦,粮食,小麦202512311180,2025-09-09 13:00:00,true
P1181,0434718BF36A8AAF,白菜,蔬菜,白菜202512311181,2025-08-21 14:00:00,true
P1182,1C16A0CC0D182C27,花生,粮食,花生202512311182,2025-06-20 15:00:00,true
P1183,7AAF53CBAD9A47B6,猕猴桃,水果,猕猴202512311183,2025-03-07 17:00:00,true
P1184,15F67AD69EAC92B1,小麦,粮食,小麦202512311184,2025-07-14 14:00:00,true
P1185,0F406D9EDC4461B9,红薯,粮食,红薯202512311185,2025-04-03 11:00:00,true
P1186,2AE17347E453AF21,黄瓜,蔬菜,黄瓜202512311186,2025-06-21 11:00:00,true
P1187,36E1C5949B957391,玉米,粮食,玉米202512311187,2025-02-17 14:00:00,true
P1188,041EBC32924FF2D4,有机番茄,蔬菜,有机202512311188,2025-12-28 11:00:00,true
P1189,3D72617DE29F3D71,葡萄,水果,葡萄202512311189,2025-11-21 18:00:00,true
P1190,A4E01E620694B4FB,黄瓜,蔬菜,黄瓜202512311190,2025-02-23 15:00:00,true
P1191,3309D86CF248B821,茄子,蔬菜,茄子202512311191,2025-08-26 14:00:00,true
P1192,C07A1A6A650C5B94,燕麦,粮食,燕麦202512311192,2025-03-21 10:00:00,true
P1193,CF9BE7E0EC34E0A0,芹菜,蔬菜,芹菜202512311193,2025-01-20 13:00:00,true
P1194,B7B543EA7476DD60,燕麦,粮食,燕麦202512311194,2025-08-05 08:00:00,true
P1195,ABA50AA78D692807,红富士苹果,水果,红富202512311195,2025-04-08 12:00:00,true
P1196,236979B8EC42AF84,葡萄,水果,葡萄202512311196,2025-02-11 16:00:00,true
P1197,5588C1A8547CE160,东北大米,粮食,东北202512311197,2025-12-16 18:00:00,true
P1198,BC53F943F11D805A,芒果,水果,芒果202512311198,2025-07-26 13:00:00,true
P1199,BF9A57FAF2D83F2A,猕猴桃,水果,猕猴202512311199,2025-07-05 17:00:00,true
P1200,F2236A563D03997E,土豆,蔬菜,土豆202512311200,2025-11-20 17:00:00,true
