record_id,product_id,company_name,vehicle_no,start_date,end_date,required_temp_range,qualified
TR0001,P0001,圆通速递,浙U81666,2025-07-23,2025-07-28,2-8℃,true
TR0002,P0002,韵达快递,苏C56761,2025-11-23,2025-11-28,5-15℃,true
TR0003,P0003,京东物流,京L94698,2025-11-24,2025-11-26,0-4℃,false
TR0004,P0004,中通快递,沪X66896,2025-11-03,2025-11-28,0-5℃,true
TR0005,P0005,韵达快递,苏H17190,2025-07-11,2025-07-26,常温,true
TR0006,P0006,极兔速递,鄂S82564,2025-11-16,2025-11-28,2-8℃,true
TR0007,P0007,韵达快递,苏H84035,2025-07-13,2025-07-28,5-15℃,true
TR0008,P0008,韵达快递,苏K32063,2025-08-17,2025-08-28,5-15℃,true
TR0009,P0009,顺丰冷链物流,鲁V40393,2025-07-24,2025-07-26,2-8℃,true
TR0010,P0010,德邦物流,粤G99632,2025-07-12,2025-07-27,5-15℃,true
TR0011,P0011,顺丰冷链物流,鲁P52500,2025-11-21,2025-11-26,0-5℃,true
TR0012,P0012,圆通速递,浙C35563,2025-08-13,2025-08-28,0-4℃,true
TR0013,P0013,韵达快递,苏N39182,2025-10-10,2025-10-26,2-8℃,true
TR0014,P0014,韵达快递,苏G79551,2025-09-18,2025-09-27,0-4℃,true
TR0015,P0015,德邦物流,粤V68080,2025-09-07,2025-09-27,0-4℃,true
TR0016,P0016,申通快递,闽M39685,2025-07-10,2025-07-26,2-8℃,true
TR0017,P0017,德邦物流,粤F20858,2025-08-02,2025-08-27,常温,true
TR0018,P0018,中通快递,沪Y61469,2025-08-19,2025-08-26,2-8℃,true
TR0019,P0019,圆通速递,浙M57506,2025-08-17,2025-08-26,0-4℃,true
TR0020,P0020,申通快递,闽S17598,2025-10-17,2025-10-28,0-5℃,true
TR0021,P0021,申通快递,闽E77758,2025-10-07,2025-10-28,0-5℃,true
TR0022,P0022,极兔速递,鄂Q21924,2025-09-07,2025-09-28,0-4℃,true
TR0023,P0023,顺丰冷链物流,鲁S61539,2025-08-11,2025-08-27,2-8℃,true
TR0024,P0024,中通快递,沪K33846,2025-11-15,2025-11-26,0-5℃,true
TR0025,P0025,韵达快递,苏U88901,2025-11-21,2025-11-26,0-4℃,true
TR0026,P0026,圆通速递,浙M22897,2025-10-04,2025-10-27,0-5℃,true
TR0027,P0027,韵达快递,苏E90399,2025-10-05,2025-10-26,常温,true
TR0028,P0028,中通快递,沪L63813,2025-08-19,2025-08-28,5-15℃,true
TR0029,P0029,极兔速递,鄂U76790,2025-10-05,2025-10-26,常温,true
TR0030,P0030,极兔速递,鄂I88110,2025-09-04,2025-09-26,5-15℃,true
TR0031,P0031,韵达快递,苏C36293,2025-09-22,2025-09-27,2-8℃,true
TR0032,P0032,申通快递,闽F91050,2025-11-11,2025-11-27,0-5℃,true
TR0033,P0033,申通快递,闽L43937,2025-11-05,2025-11-27,0-4℃,true
TR0034,P0034,德邦物流,粤B35451,2025-11-05,2025-11-26,常温,true
TR0035,P0035,韵达快递,苏K68466,2025-08-18,2025-08-27,0-4℃,true
TR0036,P0036,中通快递,沪K91883,2025-07-06,2025-07-28,0-5℃,true
TR0037,P0037,京东物流,京G83508,2025-11-25,2025-11-26,0-4℃,true
TR0038,P0038,中通快递,沪J84176,2025-11-03,2025-11-26,2-8℃,true
TR0039,P0039,极兔速递,鄂K75205,2025-08-04,2025-08-28,常温,true
TR0040,P0040,顺丰冷链物流,鲁L75330,2025-09-14,2025-09-27,常温,true
TR0041,P0041,百世快递,川N70187,2025-11-18,2025-11-28,0-5℃,true
TR0042,P0042,韵达快递,苏S31318,2025-11-20,2025-11-26,5-15℃,true
TR0043,P0043,顺丰冷链物流,鲁U70377,2025-11-16,2025-11-26,0-4℃,true
TR0044,P0044,京东物流,京D12227,2025-09-04,2025-09-27,2-8℃,true
TR0045,P0045,申通快递,闽W28090,2025-11-24,2025-11-28,2-8℃,true
TR0046,P0046,韵达快递,苏O21994,2025-07-12,2025-07-27,常温,true
TR0047,P0047,韵达快递,苏Y58440,2025-07-12,2025-07-26,5-15℃,true
TR0048,P0048,百世快递,川I45316,2025-11-18,2025-11-27,2-8℃,true
TR0049,P0049,京东物流,京V34471,2025-09-02,2025-09-27,常温,true
TR0050,P0050,京东物流,京D97978,2025-09-09,2025-09-27,5-15℃,true
TR0051,P0051,韵达快递,苏T30697,2025-11-18,2025-11-26,5-15℃,true
TR0052,P0052,德邦物流,粤H41009,2025-11-10,2025-11-28,常温,true
TR0053,P0053,极兔速递,鄂C86376,2025-07-24,2025-07-28,0-5℃,true
TR0054,P0054,圆通速递,浙I85458,2025-08-04,2025-08-28,5-15℃,true
TR0055,P0055,圆通速递,浙S64528,2025-11-16,2025-11-28,0-4℃,true
TR0056,P0056,申通快递,闽I56316,2025-08-01,2025-08-28,2-8℃,true
TR0057,P0057,中通快递,沪K48174,2025-07-11,2025-07-28,常温,true
TR0058,P0058,申通快递,闽C46341,2025-09-04,2025-09-28,0-5℃,true
TR0059,P0059,极兔速递,鄂J25160,2025-11-12,2025-11-26,2-8℃,true
TR0060,P0060,顺丰冷链物流,鲁U80470,2025-11-16,2025-11-26,5-15℃,true
TR0061,P0061,圆通速递,浙Z94414,2025-11-16,2025-11-28,常温,true
TR0062,P0062,申通快递,闽Q57122,2025-09-22,2025-09-27,5-15℃,true
TR0063,P0063,圆通速递,浙Y12037,2025-07-21,2025-07-28,0-4℃,true
TR0064,P0064,德邦物流,粤U37641,2025-11-12,2025-11-26,0-4℃,true
TR0065,P0065,京东物流,京U66632,2025-11-22,2025-11-26,5-15℃,true
TR0066,P0066,中通快递,沪F50540,2025-10-21,2025-10-27,5-15℃,true
TR0067,P0067,京东物流,京G92548,2025-08-17,2025-08-27,2-8℃,true
TR0068,P0068,极兔速递,鄂X31843,2025-11-06,2025-11-26,0-4℃,true
TR0069,P0069,百世快递,川U53228,2025-11-09,2025-11-26,5-15℃,true
TR0070,P0070,韵达快递,苏I32597,2025-11-02,2025-11-28,0-5℃,true
TR0071,P0071,德邦物流,粤U16037,2025-09-07,2025-09-28,0-4℃,true
TR0072,P0072,圆通速递,浙C98543,2025-07-20,2025-07-26,2-8℃,true
TR0073,P0073,韵达快递,苏Y14214,2025-09-09,2025-09-27,2-8℃,true
TR0074,P0074,顺丰冷链物流,鲁T37373,2025-11-25,2025-11-27,2-8℃,true
TR0075,P0075,申通快递,闽B75218,2025-11-20,2025-11-28,2-8℃,true
TR0076,P0076,百世快递,川L66164,2025-09-01,2025-09-26,5-15℃,true
TR0077,P0077,极兔速递,鄂M85144,2025-07-17,2025-07-26,常温,true
TR0078,P0078,圆通速递,浙M14816,2025-08-14,2025-08-27,5-15℃,true
TR0079,P0079,京东物流,京M61297,2025-11-09,2025-11-26,5-15℃,true
TR0080,P0080,韵达快递,苏T88709,2025-07-04,2025-07-26,常温,true
TR0081,P0081,极兔速递,鄂N99500,2025-10-05,2025-10-27,0-4℃,true
TR0082,P0082,圆通速递,浙Y99399,2025-09-18,2025-09-28,0-5℃,true
TR0083,P0083,中通快递,沪H15210,2025-08-12,2025-08-28,5-15℃,true
TR0084,P0084,圆通速递,浙F39240,2025-09-02,2025-09-26,2-8℃,true
TR0085,P0085,极兔速递,鄂J37831,2025-08-21,2025-08-27,0-5℃,true
TR0086,P0086,圆通速递,浙U16454,2025-08-15,2025-08-26,2-8℃,true
TR0087,P0087,顺丰冷链物流,鲁B19697,2025-07-12,2025-07-27,5-15℃,true
TR0088,P0088,圆通速递,浙G84189,2025-11-16,2025-11-28,常温,true
TR0089,P0089,韵达快递,苏A42695,2025-08-06,2025-08-26,常温,true
TR0090,P0090,圆通速递,浙J46113,2025-10-06,2025-10-26,5-15℃,true
TR0091,P0091,圆通速递,浙L90184,2025-07-24,2025-07-26,常温,true
TR0092,P0092,申通快递,闽C85462,2025-10-22,2025-10-28,常温,true
TR0093,P0093,百世快递,川R21702,2025-10-14,2025-10-26,常温,true
TR0094,P0094,百世快递,川Y66279,2025-07-01,2025-07-27,0-4℃,true
TR0095,P0095,中通快递,沪K95532,2025-09-09,2025-09-28,0-5℃,true
TR0096,P0096,京东物流,京G67819,2025-10-10,2025-10-28,0-5℃,true
TR0097,P0097,京东物流,京I70620,2025-10-15,2025-10-26,2-8℃,true
TR0098,P0098,顺丰冷链物流,鲁R51389,2025-09-16,2025-09-26,2-8℃,false
TR0099,P0099,申通快递,闽Z19489,2025-08-19,2025-08-27,2-8℃,true
TR0100,P0100,顺丰冷链物流,鲁S46052,2025-09-15,2025-09-27,常温,true
TR0101,P0101,百世快递,川F59631,2025-08-18,2025-08-26,0-4℃,true
TR0102,P0102,中通快递,沪Y64377,2025-09-11,2025-09-26,5-15℃,true
TR0103,P0103,百世快递,川P21105,2025-11-21,2025-11-27,5-15℃,true
TR0104,P0104,中通快递,沪V24836,2025-11-07,2025-11-27,0-5℃,true
TR0105,P0105,京东物流,京Z80963,2025-11-20,2025-11-27,0-4℃,true
TR0106,P0106,中通快递,沪B43186,2025-09-24,2025-09-27,5-15℃,false
TR0107,P0107,极兔速递,鄂P41492,2025-10-09,2025-10-27,5-15℃,true
TR0108,P0108,极兔速递,鄂C96322,2025-08-18,2025-08-27,0-4℃,true
TR0109,P0109,中通快递,沪G91922,2025-08-21,2025-08-28,0-5℃,true
TR0110,P0110,极兔速递,鄂V36078,2025-09-07,2025-09-27,5-15℃,true
TR0111,P0111,顺丰冷链物流,鲁H24443,2025-10-06,2025-10-28,0-5℃,false
TR0112,P0112,德邦物流,粤B52599,2025-08-21,2025-08-27,0-4℃,true
TR0113,P0113,顺丰冷链物流,鲁K69843,2025-10-20,2025-10-28,常温,true
TR0114,P0114,极兔速递,鄂J54510,2025-09-01,2025-09-26,常温,true
TR0115,P0115,德邦物流,粤Z90308,2025-07-13,2025-07-27,2-8℃,true
TR0116,P0116,中通快递,沪X95115,2025-10-11,2025-10-28,常温,true
TR0117,P0117,中通快递,沪S63377,2025-11-07,2025-11-27,0-5℃,true
TR0118,P0118,圆通速递,浙S59274,2025-11-08,2025-11-27,0-5℃,true
TR0119,P0119,圆通速递,浙F29394,2025-07-17,2025-07-28,0-4℃,true
TR0120,P0120,申通快递,闽I45015,2025-08-22,2025-08-28,2-8℃,true
TR0121,P0121,中通快递,沪R22457,2025-07-23,2025-07-27,0-5℃,true
TR0122,P0122,中通快递,沪T21365,2025-11-19,2025-11-27,0-4℃,true
TR0123,P0123,圆通速递,浙J52814,2025-09-25,2025-09-26,0-4℃,true
TR0124,P0124,圆通速递,浙N87390,2025-11-13,2025-11-27,常温,true
TR0125,P0125,韵达快递,苏F34547,2025-10-04,2025-10-26,0-5℃,true
TR0126,P0126,申通快递,闽F59512,2025-07-25,2025-07-28,2-8℃,true
TR0127,P0127,极兔速递,鄂T15343,2025-10-05,2025-10-28,0-4℃,true
TR0128,P0128,韵达快递,苏S73218,2025-10-24,2025-10-26,0-4℃,true
TR0129,P0129,极兔速递,鄂I17459,2025-09-02,2025-09-28,0-4℃,true
TR0130,P0130,德邦物流,粤N32768,2025-10-19,2025-10-27,0-5℃,true
TR0131,P0131,中通快递,沪B95047,2025-10-21,2025-10-27,0-4℃,true
TR0132,P0132,百世快递,川E11484,2025-07-01,2025-07-28,0-5℃,true
TR0133,P0133,圆通速递,浙K78929,2025-08-01,2025-08-26,常温,true
TR0134,P0134,韵达快递,苏H16410,2025-10-21,2025-10-28,5-15℃,true
TR0135,P0135,中通快递,沪A84381,2025-08-09,2025-08-28,0-4℃,true
TR0136,P0136,京东物流,京M63568,2025-09-22,2025-09-28,0-4℃,true
TR0137,P0137,百世快递,川J72411,2025-11-16,2025-11-28,2-8℃,true
TR0138,P0138,百世快递,川X45483,2025-11-17,2025-11-26,0-5℃,true
TR0139,P0139,顺丰冷链物流,鲁E97039,2025-11-22,2025-11-28,2-8℃,true
TR0140,P0140,极兔速递,鄂C68169,2025-10-03,2025-10-26,5-15℃,true
TR0141,P0141,京东物流,京E38751,2025-09-17,2025-09-26,0-5℃,true
TR0142,P0142,顺丰冷链物流,鲁O82812,2025-07-13,2025-07-28,常温,true
TR0143,P0143,申通快递,闽B21316,2025-08-18,2025-08-26,5-15℃,true
TR0144,P0144,中通快递,沪E26396,2025-11-06,2025-11-28,2-8℃,true
TR0145,P0145,中通快递,沪Z68613,2025-07-15,2025-07-27,5-15℃,true
TR0146,P0146,圆通速递,浙U58706,2025-10-04,2025-10-26,0-4℃,true
TR0147,P0147,圆通速递,浙K41636,2025-08-15,2025-08-27,0-4℃,true
TR0148,P0148,百世快递,川U43597,2025-09-08,2025-09-26,2-8℃,true
TR0149,P0149,顺丰冷链物流,鲁C42942,2025-07-23,2025-07-28,常温,true
TR0150,P0150,申通快递,闽Y14338,2025-07-17,2025-07-27,常温,true
TR0151,P0151,圆通速递,浙L97012,2025-11-21,2025-11-26,0-4℃,true
TR0152,P0152,顺丰冷链物流,鲁X72808,2025-10-19,2025-10-28,0-5℃,true
TR0153,P0153,极兔速递,鄂V63543,2025-11-17,2025-11-28,常温,true
TR0154,P0154,韵达快递,苏I27934,2025-09-13,2025-09-27,0-5℃,true
TR0155,P0155,顺丰冷链物流,鲁N17121,2025-07-01,2025-07-26,2-8℃,true
TR0156,P0156,极兔速递,鄂O37957,2025-11-20,2025-11-26,0-4℃,true
TR0157,P0157,申通快递,闽L85044,2025-10-18,2025-10-26,常温,true
TR0158,P0158,韵达快递,苏X73973,2025-07-25,2025-07-27,0-5℃,true
TR0159,P0159,圆通速递,浙I11721,2025-08-15,2025-08-28,0-4℃,false
TR0160,P0160,顺丰冷链物流,鲁Y28712,2025-07-02,2025-07-28,0-5℃,true
TR0161,P0161,百世快递,川E67666,2025-08-23,2025-08-27,5-15℃,true
TR0162,P0162,韵达快递,苏X72689,2025-11-07,2025-11-28,5-15℃,true
TR0163,P0163,百世快递,川E60943,2025-10-11,2025-10-27,2-8℃,true
TR0164,P0164,极兔速递,鄂Q88687,2025-07-22,2025-07-27,5-15℃,true
TR0165,P0165,德邦物流,粤J56525,2025-08-03,2025-08-26,0-4℃,true
TR0166,P0166,圆通速递,浙H88688,2025-08-24,2025-08-26,2-8℃,true
TR0167,P0167,中通快递,沪A74539,2025-08-10,2025-08-27,0-5℃,true
TR0168,P0168,京东物流,京W74700,2025-08-12,2025-08-27,5-15℃,true
TR0169,P0169,德邦物流,粤Y87320,2025-08-13,2025-08-28,常温,true
TR0170,P0170,中通快递,沪B52532,2025-07-11,2025-07-26,0-4℃,true
TR0171,P0171,德邦物流,粤Z71882,2025-09-09,2025-09-27,5-15℃,true
TR0172,P0172,京东物流,京C29722,2025-09-24,2025-09-27,0-5℃,true
TR0173,P0173,申通快递,闽B80409,2025-08-16,2025-08-28,常温,true
TR0174,P0174,韵达快递,苏Y84343,2025-09-21,2025-09-27,5-15℃,true
TR0175,P0175,中通快递,沪E72057,2025-10-19,2025-10-28,0-5℃,true
TR0176,P0176,百世快递,川B87868,2025-10-23,2025-10-28,2-8℃,true
TR0177,P0177,百世快递,川J13190,2025-07-14,2025-07-27,0-4℃,true
TR0178,P0178,德邦物流,粤D81014,2025-07-23,2025-07-27,常温,true
TR0179,P0179,顺丰冷链物流,鲁N45353,2025-08-04,2025-08-28,5-15℃,true
TR0180,P0180,顺丰冷链物流,鲁Y84874,2025-10-17,2025-10-27,2-8℃,true
TR0181,P0181,德邦物流,粤O88469,2025-09-14,2025-09-27,常温,true
TR0182,P0182,京东物流,京N32191,2025-09-13,2025-09-28,5-15℃,true
TR0183,P0183,中通快递,沪L50258,2025-11-11,2025-11-27,0-5℃,true
TR0184,P0184,中通快递,沪D75939,2025-09-11,2025-09-27,常温,true
TR0185,P0185,韵达快递,苏G85557,2025-08-11,2025-08-26,5-15℃,true
TR0186,P0186,圆通速递,浙A28569,2025-10-21,2025-10-26,5-15℃,false
TR0187,P0187,京东物流,京O69196,2025-11-09,2025-11-27,0-5℃,true
TR0188,P0188,德邦物流,粤L32990,2025-11-09,2025-11-26,常温,true
TR0189,P0189,百世快递,川C99433,2025-09-04,2025-09-28,5-15℃,true
TR0190,P0190,百世快递,川P60743,2025-11-13,2025-11-26,0-5℃,true
TR0191,P0191,极兔速递,鄂I93859,2025-10-16,2025-10-26,5-15℃,true
TR0192,P0192,申通快递,闽J54265,2025-08-03,2025-08-27,0-4℃,true
TR0193,P0193,申通快递,闽T85002,2025-11-18,2025-11-27,常温,true
TR0194,P0194,圆通速递,浙X80045,2025-11-08,2025-11-26,5-15℃,true
TR0195,P0195,韵达快递,苏F35672,2025-08-15,2025-08-26,0-4℃,true
TR0196,P0196,德邦物流,粤M34716,2025-07-16,2025-07-26,常温,true
TR0197,P0197,圆通速递,浙W19884,2025-09-19,2025-09-28,0-5℃,true
TR0198,P0198,申通快递,闽Z91534,2025-08-17,2025-08-27,0-5℃,true
TR0199,P0199,京东物流,京E88658,2025-11-04,2025-11-28,0-5℃,true
TR0200,P0200,德邦物流,粤L92774,2025-11-23,2025-11-27,0-4℃,false
TR0201,P0201,韵达快递,苏D22317,2025-11-08,2025-11-28,5-15℃,true
TR0202,P0202,德邦物流,粤K25861,2025-10-03,2025-10-28,5-15℃,true
TR0203,P0203,百世快递,川H50793,2025-09-22,2025-09-26,0-4℃,false
TR0204,P0204,圆通速递,浙J73131,2025-11-16,2025-11-26,2-8℃,true
TR0205,P0205,德邦物流,粤W97508,2025-10-17,2025-10-26,0-4℃,true
TR0206,P0206,百世快递,川H62266,2025-08-21,2025-08-28,2-8℃,true
TR0207,P0207,圆通速递,浙L63023,2025-08-24,2025-08-28,5-15℃,true
TR0208,P0208,圆通速递,浙R46897,2025-10-20,2025-10-27,2-8℃,true
TR0209,P0209,百世快递,川V18726,2025-10-24,2025-10-26,0-5℃,true
TR0210,P0210,德邦物流,粤K31686,2025-11-16,2025-11-26,0-5℃,true
TR0211,P0211,申通快递,闽F71528,2025-07-18,2025-07-27,5-15℃,true
TR0212,P0212,京东物流,京N61293,2025-08-10,2025-08-26,5-15℃,true
TR0213,P0213,德邦物流,粤H56375,2025-07-02,2025-07-28,0-5℃,true
TR0214,P0214,极兔速递,鄂P72890,2025-09-14,2025-09-27,常温,true
TR0215,P0215,圆通速递,浙R93732,2025-08-23,2025-08-27,0-5℃,true
TR0216,P0216,顺丰冷链物流,鲁M52085,2025-07-23,2025-07-26,0-4℃,false
TR0217,P0217,京东物流,京K39138,2025-07-19,2025-07-27,0-5℃,true
TR0218,P0218,顺丰冷链物流,鲁L33821,2025-11-06,2025-11-26,0-5℃,true
TR0219,P0219,圆通速递,浙G98015,2025-09-20,2025-09-26,0-4℃,true
TR0220,P0220,申通快递,闽L39264,2025-07-10,2025-07-26,2-8℃,true
TR0221,P0221,德邦物流,粤B58266,2025-08-23,2025-08-28,常温,true
TR0222,P0222,申通快递,闽N88955,2025-08-11,2025-08-27,0-5℃,true
TR0223,P0223,韵达快递,苏H54023,2025-10-21,2025-10-26,5-15℃,true
TR0224,P0224,中通快递,沪D87457,2025-08-10,2025-08-27,0-5℃,true
TR0225,P0225,中通快递,沪Z27129,2025-10-03,2025-10-28,0-4℃,true
TR0226,P0226,百世快递,川V39600,2025-09-12,2025-09-26,5-15℃,true
TR0227,P0227,圆通速递,浙D39845,2025-10-03,2025-10-26,常温,true
TR0228,P0228,百世快递,川U44869,2025-08-22,2025-08-27,0-5℃,true
TR0229,P0229,圆通速递,浙N15904,2025-07-22,2025-07-26,0-5℃,true
TR0230,P0230,京东物流,京S79132,2025-07-24,2025-07-28,0-4℃,true
TR0231,P0231,极兔速递,鄂Z37777,2025-10-05,2025-10-26,5-15℃,true
TR0232,P0232,极兔速递,鄂S17976,2025-08-03,2025-08-28,5-15℃,true
TR0233,P0233,申通快递,闽B75716,2025-11-14,2025-11-26,2-8℃,true
TR0234,P0234,德邦物流,粤X30192,2025-08-24,2025-08-28,0-5℃,true
TR0235,P0235,韵达快递,苏E83576,2025-11-18,2025-11-27,5-15℃,true
TR0236,P0236,顺丰冷链物流,鲁B79973,2025-10-12,2025-10-26,常温,true
TR0237,P0237,百世快递,川L99259,2025-10-25,2025-10-26,2-8℃,true
TR0238,P0238,京东物流,京N61940,2025-07-14,2025-07-28,5-15℃,true
TR0239,P0239,中通快递,沪Y31506,2025-08-17,2025-08-26,5-15℃,true
TR0240,P0240,申通快递,闽C33566,2025-08-03,2025-08-28,2-8℃,true
TR0241,P0241,顺丰冷链物流,鲁W17623,2025-10-13,2025-10-26,0-5℃,true
TR0242,P0242,百世快递,川V19910,2025-11-07,2025-11-26,5-15℃,true
TR0243,P0243,申通快递,闽V27884,2025-10-25,2025-10-26,2-8℃,true
TR0244,P0244,百世快递,川X80047,2025-10-04,2025-10-28,0-5℃,true
TR0245,P0245,韵达快递,苏H82547,2025-07-05,2025-07-28,0-4℃,true
TR0246,P0246,极兔速递,鄂X30654,2025-09-22,2025-09-26,0-4℃,true
TR0247,P0247,申通快递,闽J54046,2025-07-25,2025-07-27,2-8℃,true
TR0248,P0248,德邦物流,粤D14936,2025-07-11,2025-07-28,2-8℃,false
TR0249,P0249,极兔速递,鄂H38504,2025-08-06,2025-08-26,0-4℃,true
TR0250,P0250,韵达快递,苏S81929,2025-11-20,2025-11-26,0-4℃,true
TR0251,P0251,京东物流,京C67933,2025-11-11,2025-11-26,常温,true
TR0252,P0252,申通快递,闽P34098,2025-08-16,2025-08-27,2-8℃,true
TR0253,P0253,韵达快递,苏O39713,2025-11-08,2025-11-26,5-15℃,true
TR0254,P0254,京东物流,京W24553,2025-08-20,2025-08-26,常温,true
TR0255,P0255,德邦物流,粤T23536,2025-07-01,2025-07-27,0-4℃,true
TR0256,P0256,百世快递,川C10036,2025-10-02,2025-10-27,0-4℃,true
TR0257,P0257,极兔速递,鄂F49002,2025-09-10,2025-09-26,2-8℃,true
TR0258,P0258,顺丰冷链物流,鲁T15995,2025-08-17,2025-08-26,0-4℃,false
TR0259,P0259,百世快递,川Z96243,2025-09-14,2025-09-27,0-5℃,true
TR0260,P0260,百世快递,川T51623,2025-11-15,2025-11-26,0-5℃,true
TR0261,P0261,中通快递,沪K89929,2025-09-12,2025-09-27,常温,true
TR0262,P0262,极兔速递,鄂C56398,2025-09-14,2025-09-28,常温,true
TR0263,P0263,顺丰冷链物流,鲁T89722,2025-10-23,2025-10-27,2-8℃,true
TR0264,P0264,申通快递,闽J11214,2025-07-15,2025-07-27,0-5℃,true
TR0265,P0265,申通快递,闽O90329,2025-07-01,2025-07-27,0-5℃,true
TR0266,P0266,德邦物流,粤B37117,2025-10-03,2025-10-28,常温,true
TR0267,P0267,申通快递,闽G47017,2025-07-10,2025-07-28,0-5℃,true
TR0268,P0268,极兔速递,鄂L20500,2025-08-14,2025-08-26,0-5℃,true
TR0269,P0269,申通快递,闽W10191,2025-10-22,2025-10-27,0-4℃,true
TR0270,P0270,中通快递,沪B35601,2025-07-13,2025-07-28,2-8℃,true
TR0271,P0271,申通快递,闽D31147,2025-11-04,2025-11-28,0-4℃,true
TR0272,P0272,极兔速递,鄂A31454,2025-08-06,2025-08-26,常温,true
TR0273,P0273,圆通速递,浙T77991,2025-07-12,2025-07-27,2-8℃,true
TR0274,P0274,申通快递,闽W16102,2025-09-09,2025-09-28,5-15℃,true
TR0275,P0275,顺丰冷链物流,鲁C67358,2025-11-16,2025-11-26,5-15℃,true
TR0276,P0276,韵达快递,苏B38571,2025-08-06,2025-08-27,2-8℃,true
TR0277,P0277,京东物流,京V98786,2025-07-24,2025-07-27,0-4℃,true
TR0278,P0278,京东物流,京L71284,2025-10-09,2025-10-27,0-4℃,true
TR0279,P0279,韵达快递,苏W66504,2025-07-25,2025-07-27,0-4℃,true
TR0280,P0280,韵达快递,苏O37657,2025-07-24,2025-07-27,常温,true
TR0281,P0281,中通快递,沪E99354,2025-11-14,2025-11-27,常温,true
TR0282,P0282,极兔速递,鄂B24182,2025-09-12,2025-09-27,2-8℃,true
TR0283,P0283,极兔速递,鄂W95991,2025-11-10,2025-11-27,常温,true
TR0284,P0284,德邦物流,粤X27257,2025-08-16,2025-08-26,2-8℃,true
TR0285,P0285,京东物流,京A26536,2025-07-04,2025-07-26,0-4℃,true
TR0286,P0286,京东物流,京V78873,2025-09-19,2025-09-28,2-8℃,true
TR0287,P0287,百世快递,川X38253,2025-08-10,2025-08-26,0-4℃,true
TR0288,P0288,申通快递,闽X56819,2025-10-04,2025-10-28,5-15℃,true
TR0289,P0289,德邦物流,粤E26982,2025-11-07,2025-11-28,5-15℃,true
TR0290,P0290,百世快递,川V14587,2025-07-09,2025-07-27,0-5℃,true
TR0291,P0291,顺丰冷链物流,鲁L65328,2025-08-03,2025-08-27,2-8℃,true
TR0292,P0292,韵达快递,苏O30532,2025-07-21,2025-07-27,0-4℃,true
TR0293,P0293,德邦物流,粤N60559,2025-08-13,2025-08-26,0-5℃,true
TR0294,P0294,圆通速递,浙Q95038,2025-11-14,2025-11-26,2-8℃,true
TR0295,P0295,顺丰冷链物流,鲁N48291,2025-11-22,2025-11-28,2-8℃,true
TR0296,P0296,申通快递,闽E33879,2025-11-14,2025-11-26,0-5℃,true
TR0297,P0297,中通快递,沪R97060,2025-07-18,2025-07-26,5-15℃,true
TR0298,P0298,中通快递,沪R55692,2025-08-21,2025-08-27,2-8℃,true
TR0299,P0299,顺丰冷链物流,鲁P52181,2025-09-11,2025-09-26,0-5℃,true
TR0300,P0300,中通快递,沪X34568,2025-08-02,2025-08-28,常温,true
TR0301,P0301,韵达快递,苏B86307,2025-11-04,2025-11-27,0-4℃,true
TR0302,P0302,中通快递,沪A30318,2025-11-24,2025-11-27,5-15℃,true
TR0303,P0303,京东物流,京Y31825,2025-09-10,2025-09-27,5-15℃,true
TR0304,P0304,极兔速递,鄂K86474,2025-09-07,2025-09-26,2-8℃,false
TR0305,P0305,德邦物流,粤J34153,2025-09-25,2025-09-27,常温,true
TR0306,P0306,圆通速递,浙G35676,2025-09-02,2025-09-26,5-15℃,true
TR0307,P0307,圆通速递,浙T26589,2025-07-04,2025-07-27,0-4℃,true
TR0308,P0308,京东物流,京X46515,2025-10-22,2025-10-28,0-4℃,true
TR0309,P0309,中通快递,沪M98550,2025-11-11,2025-11-28,0-5℃,true
TR0310,P0310,京东物流,京S55227,2025-07-24,2025-07-28,5-15℃,true
TR0311,P0311,百世快递,川O59365,2025-07-09,2025-07-28,0-4℃,true
TR0312,P0312,韵达快递,苏V21008,2025-11-14,2025-11-27,0-4℃,true
TR0313,P0313,极兔速递,鄂X49854,2025-07-02,2025-07-27,常温,true
TR0314,P0314,圆通速递,浙I93333,2025-10-01,2025-10-27,2-8℃,false
TR0315,P0315,德邦物流,粤R22694,2025-09-25,2025-09-26,常温,true
TR0316,P0316,圆通速递,浙B10514,2025-09-01,2025-09-28,2-8℃,true
TR0317,P0317,韵达快递,苏U53898,2025-11-10,2025-11-28,常温,true
TR0318,P0318,极兔速递,鄂S72622,2025-10-17,2025-10-27,5-15℃,true
TR0319,P0319,百世快递,川W60636,2025-09-03,2025-09-28,2-8℃,true
TR0320,P0320,圆通速递,浙R62457,2025-09-21,2025-09-27,2-8℃,true
TR0321,P0321,百世快递,川D17728,2025-10-10,2025-10-28,0-4℃,true
TR0322,P0322,申通快递,闽P60769,2025-10-07,2025-10-28,常温,true
TR0323,P0323,百世快递,川W10862,2025-10-23,2025-10-27,0-5℃,true
TR0324,P0324,韵达快递,苏D91787,2025-07-21,2025-07-28,0-5℃,true
TR0325,P0325,德邦物流,粤Z53003,2025-09-01,2025-09-26,0-4℃,true
TR0326,P0326,极兔速递,鄂Z33089,2025-07-01,2025-07-27,0-5℃,true
TR0327,P0327,中通快递,沪C31941,2025-10-10,2025-10-26,常温,true
TR0328,P0328,中通快递,沪B41903,2025-09-21,2025-09-27,常温,true
TR0329,P0329,德邦物流,粤X62777,2025-11-16,2025-11-26,0-4℃,true
TR0330,P0330,顺丰冷链物流,鲁K13592,2025-09-14,2025-09-27,2-8℃,true
TR0331,P0331,中通快递,沪Y70113,2025-08-19,2025-08-27,0-5℃,true
TR0332,P0332,圆通速递,浙W92777,2025-10-09,2025-10-27,常温,true
TR0333,P0333,百世快递,川O99949,2025-11-16,2025-11-26,5-15℃,true
TR0334,P0334,申通快递,闽H48948,2025-10-10,2025-10-27,5-15℃,true
TR0335,P0335,申通快递,闽J40604,2025-07-09,2025-07-26,常温,true
TR0336,P0336,申通快递,闽U36492,2025-08-23,2025-08-27,常温,true
TR0337,P0337,韵达快递,苏C39957,2025-07-06,2025-07-28,常温,true
TR0338,P0338,顺丰冷链物流,鲁S12776,2025-10-14,2025-10-26,2-8℃,true
TR0339,P0339,德邦物流,粤P51002,2025-07-21,2025-07-28,0-4℃,true
TR0340,P0340,顺丰冷链物流,鲁G60496,2025-07-06,2025-07-26,5-15℃,true
TR0341,P0341,百世快递,川B99023,2025-08-02,2025-08-28,0-4℃,true
TR0342,P0342,圆通速递,浙I98405,2025-09-01,2025-09-28,2-8℃,true
TR0343,P0343,京东物流,京M68835,2025-10-08,2025-10-26,2-8℃,true
TR0344,P0344,申通快递,闽W88760,2025-07-15,2025-07-28,0-5℃,true
TR0345,P0345,德邦物流,粤W15557,2025-10-25,2025-10-26,常温,true
TR0346,P0346,极兔速递,鄂Y21479,2025-11-08,2025-11-27,0-4℃,true
TR0347,P0347,德邦物流,粤X22508,2025-11-01,2025-11-26,常温,true
TR0348,P0348,极兔速递,鄂U48519,2025-08-09,2025-08-26,5-15℃,true
TR0349,P0349,百世快递,川G95897,2025-08-13,2025-08-28,0-4℃,true
TR0350,P0350,百世快递,川F53934,2025-07-17,2025-07-27,0-4℃,true
TR0351,P0351,极兔速递,鄂V91691,2025-11-10,2025-11-26,0-4℃,true
TR0352,P0352,韵达快递,苏B67072,2025-11-22,2025-11-26,5-15℃,true
TR0353,P0353,中通快递,沪L43803,2025-10-02,2025-10-27,0-5℃,true
TR0354,P0354,百世快递,川A61561,2025-09-25,2025-09-28,2-8℃,true
TR0355,P0355,申通快递,闽T68329,2025-08-19,2025-08-27,常温,true
TR0356,P0356,京东物流,京Y80615,2025-11-03,2025-11-28,常温,true
TR0357,P0357,韵达快递,苏W80515,2025-07-18,2025-07-26,2-8℃,true
TR0358,P0358,德邦物流,粤H69817,2025-07-12,2025-07-28,常温,true
TR0359,P0359,德邦物流,粤P35466,2025-11-19,2025-11-27,5-15℃,true
TR0360,P0360,极兔速递,鄂V11241,2025-07-06,2025-07-26,常温,true
TR0361,P0361,中通快递,沪N24469,2025-10-07,2025-10-28,2-8℃,true
TR0362,P0362,德邦物流,粤T42828,2025-11-13,2025-11-27,5-15℃,true
TR0363,P0363,中通快递,沪X40436,2025-11-23,2025-11-26,0-4℃,true
TR0364,P0364,圆通速递,浙W46922,2025-07-01,2025-07-27,2-8℃,true
TR0365,P0365,韵达快递,苏Y88201,2025-10-25,2025-10-26,常温,true
TR0366,P0366,申通快递,闽T65964,2025-11-15,2025-11-27,常温,true
TR0367,P0367,申通快递,闽L49599,2025-07-12,2025-07-26,5-15℃,true
TR0368,P0368,申通快递,闽G67587,2025-11-12,2025-11-28,2-8℃,true
TR0369,P0369,中通快递,沪U23112,2025-11-16,2025-11-26,5-15℃,true
TR0370,P0370,圆通速递,浙I30977,2025-11-07,2025-11-26,0-5℃,true
TR0371,P0371,中通快递,沪T59682,2025-10-11,2025-10-28,0-5℃,true
TR0372,P0372,京东物流,京A43006,2025-09-15,2025-09-26,0-5℃,true
TR0373,P0373,极兔速递,鄂I49478,2025-10-24,2025-10-26,0-4℃,true
TR0374,P0374,韵达快递,苏X84162,2025-07-15,2025-07-28,5-15℃,true
TR0375,P0375,顺丰冷链物流,鲁R54173,2025-11-24,2025-11-27,5-15℃,true
TR0376,P0376,申通快递,闽E37477,2025-07-04,2025-07-26,0-4℃,true
TR0377,P0377,韵达快递,苏F56670,2025-11-22,2025-11-26,0-4℃,true
TR0378,P0378,极兔速递,鄂S71784,2025-10-17,2025-10-27,2-8℃,true
TR0379,P0379,极兔速递,鄂R24093,2025-10-01,2025-10-27,0-5℃,true
TR0380,P0380,德邦物流,粤E18417,2025-07-21,2025-07-28,2-8℃,true
TR0381,P0381,申通快递,闽J14484,2025-10-13,2025-10-28,5-15℃,true
TR0382,P0382,德邦物流,粤Y85879,2025-08-14,2025-08-26,2-8℃,true
TR0383,P0383,韵达快递,苏E17684,2025-08-24,2025-08-26,0-5℃,true
TR0384,P0384,顺丰冷链物流,鲁N91721,2025-09-09,2025-09-26,常温,true
TR0385,P0385,中通快递,沪K92653,2025-09-17,2025-09-28,2-8℃,true
TR0386,P0386,百世快递,川E33883,2025-08-19,2025-08-28,5-15℃,true
TR0387,P0387,极兔速递,鄂R54641,2025-08-24,2025-08-27,0-4℃,true
TR0388,P0388,德邦物流,粤C65810,2025-10-05,2025-10-26,常温,true
TR0389,P0389,百世快递,川A56222,2025-07-14,2025-07-28,0-5℃,true
TR0390,P0390,极兔速递,鄂P37445,2025-07-13,2025-07-27,常温,true
TR0391,P0391,顺丰冷链物流,鲁O69735,2025-09-13,2025-09-27,2-8℃,true
TR0392,P0392,京东物流,京D66918,2025-09-17,2025-09-27,2-8℃,true
TR0393,P0393,顺丰冷链物流,鲁C68059,2025-07-15,2025-07-26,0-5℃,true
TR0394,P0394,中通快递,沪K74948,2025-10-10,2025-10-26,0-5℃,true
TR0395,P0395,圆通速递,浙N54744,2025-07-19,2025-07-28,5-15℃,true
TR0396,P0396,极兔速递,鄂R99462,2025-10-23,2025-10-26,2-8℃,true
TR0397,P0397,京东物流,京M20701,2025-10-19,2025-10-28,0-4℃,true
TR0398,P0398,申通快递,闽J86576,2025-08-13,2025-08-28,0-4℃,true
TR0399,P0399,中通快递,沪Q72912,2025-11-23,2025-11-28,0-4℃,true
TR0400,P0400,极兔速递,鄂B66902,2025-07-08,2025-07-27,常温,true
TR0401,P0401,京东物流,京K51270,2025-07-20,2025-07-28,5-15℃,true
TR0402,P0402,韵达快递,苏C66526,2025-10-13,2025-10-27,2-8℃,true
TR0403,P0403,极兔速递,鄂I78521,2025-10-16,2025-10-28,常温,true
TR0404,P0404,京东物流,京N92356,2025-09-21,2025-09-27,0-5℃,true
TR0405,P0405,极兔速递,鄂X60367,2025-09-05,2025-09-26,5-15℃,true
TR0406,P0406,京东物流,京I66436,2025-11-20,2025-11-26,2-8℃,false
TR0407,P0407,德邦物流,粤Y41006,2025-09-01,2025-09-27,0-4℃,true
TR0408,P0408,申通快递,闽N78286,2025-08-18,2025-08-26,2-8℃,true
TR0409,P0409,中通快递,沪V23134,2025-11-24,2025-11-26,常温,true
TR0410,P0410,申通快递,闽W80701,2025-09-10,2025-09-26,5-15℃,true
TR0411,P0411,百世快递,川F50483,2025-07-08,2025-07-26,2-8℃,true
TR0412,P0412,申通快递,闽D79917,2025-07-20,2025-07-28,常温,true
TR0413,P0413,申通快递,闽R69949,2025-11-16,2025-11-26,0-4℃,true
TR0414,P0414,韵达快递,苏P65783,2025-10-03,2025-10-28,5-15℃,true
TR0415,P0415,京东物流,京A21844,2025-11-08,2025-11-27,0-5℃,true
TR0416,P0416,圆通速递,浙O50172,2025-09-06,2025-09-26,0-5℃,true
TR0417,P0417,百世快递,川W13898,2025-09-17,2025-09-27,2-8℃,true
TR0418,P0418,申通快递,闽L20921,2025-10-08,2025-10-28,0-5℃,true
TR0419,P0419,京东物流,京D12070,2025-11-16,2025-11-26,0-5℃,true
TR0420,P0420,韵达快递,苏S97050,2025-07-16,2025-07-28,0-5℃,true
TR0421,P0421,韵达快递,苏U69713,2025-11-18,2025-11-27,0-5℃,true
TR0422,P0422,圆通速递,浙N28659,2025-11-25,2025-11-28,0-4℃,true
TR0423,P0423,顺丰冷链物流,鲁P75824,2025-07-10,2025-07-26,0-5℃,true
TR0424,P0424,申通快递,闽A89565,2025-09-22,2025-09-26,2-8℃,true
TR0425,P0425,申通快递,闽Q15471,2025-07-04,2025-07-28,常温,true
TR0426,P0426,中通快递,沪D58038,2025-07-13,2025-07-28,常温,true
TR0427,P0427,中通快递,沪Y11145,2025-11-19,2025-11-27,0-4℃,true
TR0428,P0428,中通快递,沪S82300,2025-09-21,2025-09-26,2-8℃,true
TR0429,P0429,极兔速递,鄂C97760,2025-07-13,2025-07-26,0-4℃,true
TR0430,P0430,极兔速递,鄂J61645,2025-09-11,2025-09-27,5-15℃,true
TR0431,P0431,申通快递,闽D45940,2025-08-12,2025-08-27,0-4℃,true
TR0432,P0432,德邦物流,粤H39362,2025-07-03,2025-07-28,5-15℃,true
TR0433,P0433,京东物流,京P34641,2025-09-18,2025-09-28,常温,true
TR0434,P0434,百世快递,川G46705,2025-08-01,2025-08-27,0-5℃,true
TR0435,P0435,德邦物流,粤I83886,2025-10-06,2025-10-26,2-8℃,true
TR0436,P0436,极兔速递,鄂C32961,2025-07-22,2025-07-27,常温,true
TR0437,P0437,韵达快递,苏U52520,2025-08-14,2025-08-28,0-5℃,true
TR0438,P0438,德邦物流,粤B85048,2025-08-02,2025-08-26,5-15℃,true
TR0439,P0439,中通快递,沪B55032,2025-09-10,2025-09-27,0-5℃,false
TR0440,P0440,圆通速递,浙K26852,2025-08-20,2025-08-26,常温,true
TR0441,P0441,德邦物流,粤P44610,2025-07-22,2025-07-27,5-15℃,true
TR0442,P0442,京东物流,京W45348,2025-11-19,2025-11-28,0-5℃,true
TR0443,P0443,京东物流,京P61083,2025-10-14,2025-10-27,常温,true
TR0444,P0444,申通快递,闽C97339,2025-11-12,2025-11-26,2-8℃,true
TR0445,P0445,极兔速递,鄂T90614,2025-10-07,2025-10-26,0-4℃,true
TR0446,P0446,极兔速递,鄂H63405,2025-07-16,2025-07-27,常温,true
TR0447,P0447,圆通速递,浙Y37704,2025-07-01,2025-07-27,5-15℃,true
TR0448,P0448,中通快递,沪C96983,2025-10-02,2025-10-28,常温,true
TR0449,P0449,韵达快递,苏U33286,2025-08-20,2025-08-26,5-15℃,true
TR0450,P0450,顺丰冷链物流,鲁F91407,2025-11-09,2025-11-27,常温,true
TR0451,P0451,德邦物流,粤T19203,2025-09-16,2025-09-26,0-5℃,true
TR0452,P0452,韵达快递,苏X31057,2025-07-09,2025-07-27,0-5℃,true
TR0453,P0453,百世快递,川K70265,2025-11-18,2025-11-28,2-8℃,true
TR0454,P0454,京东物流,京O86283,2025-10-04,2025-10-26,5-15℃,true
TR0455,P0455,韵达快递,苏Y67111,2025-07-02,2025-07-28,2-8℃,true
TR0456,P0456,德邦物流,粤H10932,2025-10-18,2025-10-28,0-5℃,true
TR0457,P0457,圆通速递,浙R48015,2025-10-12,2025-10-27,0-5℃,true
TR0458,P0458,申通快递,闽Z82369,2025-07-11,2025-07-26,0-4℃,true
TR0459,P0459,极兔速递,鄂H69099,2025-08-12,2025-08-28,常温,true
TR0460,P0460,百世快递,川Y86524,2025-10-21,2025-10-26,0-4℃,true
TR0461,P0461,德邦物流,粤G58827,2025-11-13,2025-11-26,常温,true
TR0462,P0462,中通快递,沪R55336,2025-10-10,2025-10-26,0-4℃,true
TR0463,P0463,京东物流,京J84664,2025-11-13,2025-11-28,0-5℃,true
TR0464,P0464,申通快递,闽X42396,2025-08-02,2025-08-28,常温,false
TR0465,P0465,京东物流,京U40527,2025-09-21,2025-09-27,0-5℃,true
TR0466,P0466,德邦物流,粤P35521,2025-10-22,2025-10-28,0-5℃,true
TR0467,P0467,申通快递,闽X57087,2025-08-12,2025-08-28,2-8℃,true
TR0468,P0468,中通快递,沪S16707,2025-09-24,2025-09-27,0-5℃,true
TR0469,P0469,申通快递,闽M10299,2025-10-02,2025-10-27,0-4℃,true
TR0470,P0470,京东物流,京I58892,2025-08-11,2025-08-28,2-8℃,false
TR0471,P0471,中通快递,沪V84467,2025-11-23,2025-11-28,2-8℃,true
TR0472,P0472,百世快递,川Z82803,2025-11-17,2025-11-27,0-5℃,true
TR0473,P0473,极兔速递,鄂D68958,2025-10-10,2025-10-28,5-15℃,true
TR0474,P0474,德邦物流,粤A64619,2025-08-10,2025-08-28,0-5℃,true
TR0475,P0475,圆通速递,浙L78753,2025-11-13,2025-11-26,常温,true
TR0476,P0476,百世快递,川K90186,2025-07-20,2025-07-27,0-5℃,true
TR0477,P0477,韵达快递,苏D46277,2025-10-24,2025-10-26,2-8℃,true
TR0478,P0478,京东物流,京T22555,2025-08-20,2025-08-27,0-4℃,true
TR0479,P0479,京东物流,京V89279,2025-11-22,2025-11-28,常温,true
TR0480,P0480,京东物流,京X98643,2025-07-15,2025-07-26,0-5℃,true
TR0481,P0481,德邦物流,粤D75829,2025-10-07,2025-10-26,0-4℃,true
TR0482,P0482,百世快递,川O13399,2025-11-16,2025-11-28,2-8℃,true
TR0483,P0483,申通快递,闽C43933,2025-11-04,2025-11-26,0-4℃,true
TR0484,P0484,极兔速递,鄂N65189,2025-07-24,2025-07-26,常温,true
TR0485,P0485,申通快递,闽W37762,2025-10-17,2025-10-26,5-15℃,true
TR0486,P0486,顺丰冷链物流,鲁W70485,2025-11-07,2025-11-26,0-4℃,false
TR0487,P0487,极兔速递,鄂B95170,2025-10-17,2025-10-28,0-5℃,true
TR0488,P0488,申通快递,闽K13673,2025-10-21,2025-10-28,0-5℃,true
TR0489,P0489,德邦物流,粤E55656,2025-08-06,2025-08-28,0-4℃,true
TR0490,P0490,申通快递,闽U82060,2025-07-13,2025-07-26,常温,true
TR0491,P0491,申通快递,闽A59690,2025-10-13,2025-10-27,2-8℃,true
TR0492,P0492,申通快递,闽Y23349,2025-07-16,2025-07-27,0-4℃,true
TR0493,P0493,申通快递,闽Z91952,2025-08-07,2025-08-28,2-8℃,true
TR0494,P0494,中通快递,沪Y23452,2025-10-14,2025-10-28,5-15℃,true
TR0495,P0495,京东物流,京V62050,2025-08-16,2025-08-26,2-8℃,true
TR0496,P0496,韵达快递,苏X30240,2025-10-17,2025-10-27,0-5℃,true
TR0497,P0497,圆通速递,浙J40141,2025-08-07,2025-08-27,2-8℃,true
TR0498,P0498,申通快递,闽Z50212,2025-07-04,2025-07-28,0-5℃,true
TR0499,P0499,京东物流,京J60424,2025-11-16,2025-11-27,2-8℃,true
TR0500,P0500,百世快递,川Q68144,2025-10-07,2025-10-28,常温,true
TR0501,P0501,德邦物流,粤Y10936,2025-07-04,2025-07-28,0-5℃,true
TR0502,P0502,顺丰冷链物流,鲁G39727,2025-08-17,2025-08-27,0-5℃,true
TR0503,P0503,申通快递,闽X17122,2025-08-02,2025-08-28,常温,false
TR0504,P0504,百世快递,川T99025,2025-08-18,2025-08-28,2-8℃,true
TR0505,P0505,中通快递,沪G46801,2025-10-24,2025-10-26,0-4℃,true
TR0506,P0506,圆通速递,浙P82137,2025-07-18,2025-07-27,0-4℃,true
TR0507,P0507,极兔速递,鄂B42729,2025-10-08,2025-10-26,0-5℃,true
TR0508,P0508,中通快递,沪K72814,2025-07-04,2025-07-27,常温,false
TR0509,P0509,圆通速递,浙J50346,2025-07-15,2025-07-28,常温,true
TR0510,P0510,圆通速递,浙D82428,2025-07-07,2025-07-28,2-8℃,true
TR0511,P0511,申通快递,闽S94056,2025-10-14,2025-10-26,常温,true
TR0512,P0512,韵达快递,苏H16730,2025-07-20,2025-07-28,0-4℃,true
TR0513,P0513,顺丰冷链物流,鲁M95735,2025-10-07,2025-10-27,0-5℃,true
TR0514,P0514,百世快递,川U69073,2025-10-21,2025-10-26,0-5℃,true
TR0515,P0515,顺丰冷链物流,鲁C84793,2025-08-09,2025-08-26,常温,true
TR0516,P0516,德邦物流,粤G65941,2025-08-18,2025-08-27,常温,true
TR0517,P0517,德邦物流,粤D34187,2025-08-23,2025-08-27,0-5℃,true
TR0518,P0518,顺丰冷链物流,鲁Y70711,2025-11-15,2025-11-26,0-5℃,true
TR0519,P0519,圆通速递,浙V33457,2025-10-25,2025-10-26,2-8℃,true
TR0520,P0520,京东物流,京H44816,2025-09-03,2025-09-28,常温,true
TR0521,P0521,极兔速递,鄂E90707,2025-11-05,2025-11-28,5-15℃,true
TR0522,P0522,德邦物流,粤L55075,2025-11-02,2025-11-28,0-4℃,true
TR0523,P0523,京东物流,京P53863,2025-11-01,2025-11-27,0-5℃,true
TR0524,P0524,顺丰冷链物流,鲁T58649,2025-09-25,2025-09-28,常温,true
TR0525,P0525,德邦物流,粤R79420,2025-09-06,2025-09-28,0-4℃,true
TR0526,P0526,圆通速递,浙L67371,2025-08-07,2025-08-27,0-4℃,true
TR0527,P0527,顺丰冷链物流,鲁W75464,2025-10-03,2025-10-26,2-8℃,true
TR0528,P0528,京东物流,京L84560,2025-08-10,2025-08-26,5-15℃,true
TR0529,P0529,韵达快递,苏R11372,2025-08-20,2025-08-26,常温,true
TR0530,P0530,顺丰冷链物流,鲁E45907,2025-09-14,2025-09-28,2-8℃,true
TR0531,P0531,百世快递,川R51746,2025-11-06,2025-11-26,常温,true
TR0532,P0532,韵达快递,苏O18377,2025-10-22,2025-10-26,2-8℃,true
TR0533,P0533,百世快递,川L30519,2025-07-06,2025-07-28,2-8℃,true
TR0534,P0534,极兔速递,鄂Z67440,2025-08-05,2025-08-28,0-4℃,true
TR0535,P0535,申通快递,闽V78759,2025-09-13,2025-09-28,0-5℃,true
TR0536,P0536,顺丰冷链物流,鲁T13838,2025-10-19,2025-10-28,5-15℃,true
TR0537,P0537,申通快递,闽S77190,2025-08-19,2025-08-26,0-4℃,true
TR0538,P0538,百世快递,川K59433,2025-07-07,2025-07-27,5-15℃,true
TR0539,P0539,百世快递,川B23110,2025-07-17,2025-07-27,5-15℃,true
TR0540,P0540,中通快递,沪T95556,2025-09-07,2025-09-26,5-15℃,true
TR0541,P0541,德邦物流,粤Q26092,2025-08-12,2025-08-26,0-5℃,true
TR0542,P0542,德邦物流,粤D53674,2025-09-03,2025-09-26,0-5℃,true
TR0543,P0543,中通快递,沪K83916,2025-07-02,2025-07-27,0-5℃,false
TR0544,P0544,圆通速递,浙S93693,2025-08-02,2025-08-28,5-15℃,true
TR0545,P0545,百世快递,川Y48611,2025-10-05,2025-10-26,常温,true
TR0546,P0546,中通快递,沪S99037,2025-08-23,2025-08-26,0-4℃,true
TR0547,P0547,韵达快递,苏V91690,2025-07-04,2025-07-26,2-8℃,false
TR0548,P0548,极兔速递,鄂X83192,2025-08-07,2025-08-28,5-15℃,true
TR0549,P0549,京东物流,京I78459,2025-11-13,2025-11-28,5-15℃,true
TR0550,P0550,百世快递,川C12643,2025-10-24,2025-10-28,0-4℃,true
TR0551,P0551,百世快递,川G82156,2025-07-01,2025-07-28,0-5℃,true
TR0552,P0552,德邦物流,粤D96445,2025-10-08,2025-10-27,0-4℃,true
TR0553,P0553,百世快递,川L65898,2025-09-12,2025-09-27,0-4℃,true
TR0554,P0554,韵达快递,苏P36801,2025-11-11,2025-11-27,5-15℃,true
TR0555,P0555,极兔速递,鄂C88310,2025-07-09,2025-07-27,5-15℃,true
TR0556,P0556,极兔速递,鄂R94959,2025-09-06,2025-09-28,0-5℃,true
TR0557,P0557,中通快递,沪R37034,2025-09-22,2025-09-26,5-15℃,true
TR0558,P0558,韵达快递,苏J92839,2025-09-15,2025-09-28,常温,true
TR0559,P0559,百世快递,川X38656,2025-07-23,2025-07-26,2-8℃,true
TR0560,P0560,德邦物流,粤B97676,2025-11-08,2025-11-28,5-15℃,true
TR0561,P0561,顺丰冷链物流,鲁K87209,2025-08-13,2025-08-27,0-5℃,true
TR0562,P0562,圆通速递,浙T78289,2025-07-15,2025-07-27,2-8℃,true
TR0563,P0563,德邦物流,粤W28476,2025-08-10,2025-08-26,常温,true
TR0564,P0564,德邦物流,粤B40003,2025-09-14,2025-09-26,5-15℃,true
TR0565,P0565,韵达快递,苏H32096,2025-09-11,2025-09-26,0-5℃,true
TR0566,P0566,极兔速递,鄂O76118,2025-07-22,2025-07-26,2-8℃,true
TR0567,P0567,圆通速递,浙D58734,2025-09-01,2025-09-27,常温,true
TR0568,P0568,顺丰冷链物流,鲁F24785,2025-11-11,2025-11-28,0-4℃,false
TR0569,P0569,极兔速递,鄂I36078,2025-09-10,2025-09-28,2-8℃,true
TR0570,P0570,中通快递,沪F81577,2025-10-07,2025-10-28,2-8℃,true
TR0571,P0571,极兔速递,鄂D35248,2025-09-06,2025-09-26,0-5℃,true
TR0572,P0572,极兔速递,鄂F93125,2025-10-07,2025-10-28,0-4℃,true
TR0573,P0573,百世快递,川M85569,2025-10-10,2025-10-26,2-8℃,true
TR0574,P0574,顺丰冷链物流,鲁Z65450,2025-08-18,2025-08-26,5-15℃,true
TR0575,P0575,极兔速递,鄂U90445,2025-11-11,2025-11-28,0-4℃,true
TR0576,P0576,申通快递,闽F71198,2025-10-16,2025-10-26,常温,true
TR0577,P0577,圆通速递,浙Y60148,2025-11-10,2025-11-26,5-15℃,true
TR0578,P0578,极兔速递,鄂V92917,2025-07-08,2025-07-26,0-4℃,true
TR0579,P0579,圆通速递,浙U51940,2025-08-19,2025-08-28,0-4℃,true
TR0580,P0580,百世快递,川U10032,2025-11-13,2025-11-26,5-15℃,true
TR0581,P0581,中通快递,沪Q72528,2025-11-06,2025-11-26,2-8℃,true
TR0582,P0582,德邦物流,粤H83367,2025-07-14,2025-07-28,常温,true
TR0583,P0583,申通快递,闽D53707,2025-08-07,2025-08-27,0-5℃,true
TR0584,P0584,韵达快递,苏C63587,2025-11-10,2025-11-27,0-5℃,true
TR0585,P0585,中通快递,沪R91405,2025-07-12,2025-07-27,5-15℃,true
TR0586,P0586,圆通速递,浙P38142,2025-11-06,2025-11-26,0-4℃,true
TR0587,P0587,极兔速递,鄂T18926,2025-07-20,2025-07-27,0-5℃,true
TR0588,P0588,申通快递,闽T60655,2025-11-25,2025-11-26,2-8℃,true
TR0589,P0589,百世快递,川K10365,2025-11-19,2025-11-28,0-5℃,true
TR0590,P0590,极兔速递,鄂S17201,2025-07-22,2025-07-28,0-5℃,true
TR0591,P0591,韵达快递,苏F97084,2025-10-24,2025-10-28,5-15℃,true
TR0592,P0592,圆通速递,浙H29507,2025-07-06,2025-07-27,常温,true
TR0593,P0593,申通快递,闽X74002,2025-11-14,2025-11-28,常温,true
TR0594,P0594,极兔速递,鄂B53760,2025-08-07,2025-08-28,0-5℃,true
TR0595,P0595,极兔速递,鄂B56483,2025-08-16,2025-08-28,2-8℃,true
TR0596,P0596,百世快递,川J85569,2025-09-12,2025-09-28,常温,false
TR0597,P0597,中通快递,沪C35129,2025-10-08,2025-10-28,0-4℃,true
TR0598,P0598,百世快递,川M35294,2025-09-13,2025-09-26,2-8℃,true
TR0599,P0599,圆通速递,浙A70406,2025-08-17,2025-08-26,0-5℃,true
TR0600,P0600,韵达快递,苏N60250,2025-07-09,2025-07-28,常温,true
TR0601,P0601,顺丰冷链物流,鲁Z27431,2025-07-05,2025-07-27,常温,true
TR0602,P0602,中通快递,沪V14018,2025-08-01,2025-08-28,2-8℃,true
TR0603,P0603,韵达快递,苏F64464,2025-10-13,2025-10-28,0-5℃,true
TR0604,P0604,顺丰冷链物流,鲁C58154,2025-11-14,2025-11-28,5-15℃,true
TR0605,P0605,顺丰冷链物流,鲁Z17935,2025-07-13,2025-07-28,常温,true
TR0606,P0606,极兔速递,鄂U48512,2025-09-04,2025-09-26,5-15℃,true
TR0607,P0607,中通快递,沪A51290,2025-08-12,2025-08-26,0-4℃,true
TR0608,P0608,百世快递,川K48418,2025-07-15,2025-07-26,0-4℃,true
TR0609,P0609,顺丰冷链物流,鲁H82572,2025-10-18,2025-10-28,5-15℃,true
TR0610,P0610,韵达快递,苏U87121,2025-11-07,2025-11-26,常温,true
TR0611,P0611,顺丰冷链物流,鲁Q18362,2025-08-05,2025-08-27,5-15℃,true
TR0612,P0612,申通快递,闽V45285,2025-09-24,2025-09-26,2-8℃,true
TR0613,P0613,顺丰冷链物流,鲁R59167,2025-10-10,2025-10-28,0-4℃,true
TR0614,P0614,顺丰冷链物流,鲁O78299,2025-07-09,2025-07-26,常温,true
TR0615,P0615,中通快递,沪Q14384,2025-08-01,2025-08-27,5-15℃,true
TR0616,P0616,京东物流,京C73732,2025-11-19,2025-11-28,常温,true
TR0617,P0617,极兔速递,鄂T43713,2025-07-12,2025-07-28,0-5℃,true
TR0618,P0618,申通快递,闽S70373,2025-07-11,2025-07-27,常温,true
TR0619,P0619,百世快递,川Y33303,2025-11-13,2025-11-27,2-8℃,true
TR0620,P0620,极兔速递,鄂N67543,2025-10-23,2025-10-27,0-4℃,true
TR0621,P0621,京东物流,京I60453,2025-09-16,2025-09-27,常温,true
TR0622,P0622,京东物流,京S63643,2025-09-05,2025-09-28,常温,true
TR0623,P0623,申通快递,闽R53898,2025-08-10,2025-08-28,0-4℃,true
TR0624,P0624,圆通速递,浙E93374,2025-09-23,2025-09-26,常温,true
TR0625,P0625,德邦物流,粤C72422,2025-10-19,2025-10-27,0-5℃,true
TR0626,P0626,圆通速递,浙Q24042,2025-09-09,2025-09-28,5-15℃,true
TR0627,P0627,顺丰冷链物流,鲁L41438,2025-09-03,2025-09-26,5-15℃,true
TR0628,P0628,德邦物流,粤X90568,2025-08-09,2025-08-26,0-5℃,true
TR0629,P0629,顺丰冷链物流,鲁I74820,2025-09-02,2025-09-28,0-4℃,true
TR0630,P0630,京东物流,京H62551,2025-09-03,2025-09-27,5-15℃,true
TR0631,P0631,百世快递,川E93215,2025-11-24,2025-11-26,5-15℃,true
TR0632,P0632,申通快递,闽R37135,2025-09-06,2025-09-28,2-8℃,true
TR0633,P0633,韵达快递,苏Q90757,2025-10-17,2025-10-27,0-4℃,true
TR0634,P0634,申通快递,闽H97822,2025-10-07,2025-10-28,0-4℃,true
TR0635,P0635,京东物流,京X85331,2025-09-24,2025-09-28,常温,true
TR0636,P0636,中通快递,沪W26327,2025-08-01,2025-08-28,0-4℃,true
TR0637,P0637,德邦物流,粤U15366,2025-07-10,2025-07-26,常温,true
TR0638,P0638,极兔速递,鄂U97413,2025-10-24,2025-10-27,0-4℃,true
TR0639,P0639,顺丰冷链物流,鲁Q47490,2025-07-17,2025-07-26,2-8℃,true
TR0640,P0640,德邦物流,粤S70930,2025-11-24,2025-11-27,5-15℃,true
TR0641,P0641,申通快递,闽C56715,2025-08-16,2025-08-26,常温,true
TR0642,P0642,顺丰冷链物流,鲁K76599,2025-08-07,2025-08-27,常温,true
TR0643,P0643,德邦物流,粤A15168,2025-08-19,2025-08-27,5-15℃,true
TR0644,P0644,京东物流,京L42486,2025-07-01,2025-07-26,0-5℃,true
TR0645,P0645,申通快递,闽O44144,2025-10-10,2025-10-26,5-15℃,true
TR0646,P0646,韵达快递,苏C47737,2025-08-24,2025-08-27,0-5℃,true
TR0647,P0647,韵达快递,苏U39926,2025-07-08,2025-07-28,常温,true
TR0648,P0648,德邦物流,粤G20350,2025-08-08,2025-08-26,0-4℃,true
TR0649,P0649,京东物流,京G12382,2025-11-08,2025-11-26,常温,true
TR0650,P0650,韵达快递,苏B61533,2025-11-24,2025-11-28,5-15℃,true
TR0651,P0651,韵达快递,苏W68072,2025-08-13,2025-08-27,2-8℃,true
TR0652,P0652,百世快递,川A46300,2025-08-01,2025-08-28,常温,true
TR0653,P0653,圆通速递,浙A43996,2025-08-02,2025-08-27,常温,true
TR0654,P0654,圆通速递,浙M18014,2025-08-23,2025-08-28,0-4℃,true
TR0655,P0655,百世快递,川Z79067,2025-10-20,2025-10-27,0-4℃,true
TR0656,P0656,百世快递,川T22302,2025-09-09,2025-09-28,常温,true
TR0657,P0657,韵达快递,苏R64622,2025-11-12,2025-11-26,0-4℃,true
TR0658,P0658,京东物流,京P17995,2025-09-01,2025-09-26,2-8℃,true
TR0659,P0659,申通快递,闽L44894,2025-07-04,2025-07-28,5-15℃,true
TR0660,P0660,中通快递,沪H10105,2025-11-09,2025-11-27,0-4℃,true
TR0661,P0661,申通快递,闽Q46957,2025-07-07,2025-07-26,0-4℃,true
TR0662,P0662,中通快递,沪P94050,2025-09-01,2025-09-26,2-8℃,true
TR0663,P0663,顺丰冷链物流,鲁R57211,2025-11-17,2025-11-28,常温,true
TR0664,P0664,韵达快递,苏R27156,2025-09-08,2025-09-27,0-5℃,false
TR0665,P0665,百世快递,川J13598,2025-11-02,2025-11-27,常温,false
TR0666,P0666,百世快递,川O80527,2025-11-14,2025-11-27,0-5℃,true
TR0667,P0667,顺丰冷链物流,鲁L54329,2025-09-06,2025-09-26,2-8℃,false
TR0668,P0668,百世快递,川V46970,2025-11-01,2025-11-26,0-5℃,true
TR0669,P0669,京东物流,京W28035,2025-10-16,2025-10-28,5-15℃,true
TR0670,P0670,顺丰冷链物流,鲁H61671,2025-10-09,2025-10-26,0-5℃,true
TR0671,P0671,申通快递,闽R54795,2025-10-20,2025-10-27,常温,true
TR0672,P0672,申通快递,闽A97194,2025-08-08,2025-08-28,0-4℃,true
TR0673,P0673,申通快递,闽R95445,2025-07-12,2025-07-27,常温,true
TR0674,P0674,顺丰冷链物流,鲁D41008,2025-07-15,2025-07-28,5-15℃,true
TR0675,P0675,顺丰冷链物流,鲁R28498,2025-10-19,2025-10-27,0-4℃,true
TR0676,P0676,京东物流,京G70775,2025-11-05,2025-11-28,2-8℃,true
TR0677,P0677,圆通速递,浙X88322,2025-11-13,2025-11-28,2-8℃,true
TR0678,P0678,京东物流,京Q26787,2025-08-15,2025-08-28,2-8℃,true
TR0679,P0679,韵达快递,苏K46027,2025-08-01,2025-08-26,0-4℃,true
TR0680,P0680,百世快递,川K52644,2025-10-16,2025-10-28,常温,true
TR0681,P0681,顺丰冷链物流,鲁U64970,2025-09-19,2025-09-27,0-5℃,true
TR0682,P0682,韵达快递,苏X89187,2025-09-23,2025-09-28,常温,true
TR0683,P0683,申通快递,闽A33312,2025-10-01,2025-10-28,5-15℃,true
TR0684,P0684,韵达快递,苏P94909,2025-09-01,2025-09-27,常温,true
TR0685,P0685,圆通速递,浙J80278,2025-08-18,2025-08-27,0-5℃,true
TR0686,P0686,极兔速递,鄂U16996,2025-09-21,2025-09-26,5-15℃,true
TR0687,P0687,中通快递,沪J26457,2025-11-14,2025-11-27,5-15℃,true
TR0688,P0688,申通快递,闽K73909,2025-07-23,2025-07-28,常温,true
TR0689,P0689,韵达快递,苏A72937,2025-10-01,2025-10-27,2-8℃,true
TR0690,P0690,顺丰冷链物流,鲁V42618,2025-08-04,2025-08-28,0-5℃,true
TR0691,P0691,申通快递,闽K35940,2025-07-21,2025-07-28,5-15℃,true
TR0692,P0692,百世快递,川T52953,2025-09-13,2025-09-26,0-4℃,true
TR0693,P0693,申通快递,闽B32666,2025-08-11,2025-08-26,常温,true
TR0694,P0694,申通快递,闽I64427,2025-07-08,2025-07-28,0-5℃,true
TR0695,P0695,申通快递,闽H50819,2025-09-10,2025-09-26,0-5℃,true
TR0696,P0696,韵达快递,苏C54302,2025-10-19,2025-10-27,5-15℃,true
TR0697,P0697,申通快递,闽I92535,2025-09-06,2025-09-28,常温,true
TR0698,P0698,德邦物流,粤P44572,2025-09-25,2025-09-27,0-4℃,true
TR0699,P0699,百世快递,川D98420,2025-11-14,2025-11-27,常温,true
TR0700,P0700,极兔速递,鄂D30498,2025-10-24,2025-10-27,0-4℃,true
TR0701,P0701,韵达快递,苏B45435,2025-10-09,2025-10-28,常温,true
TR0702,P0702,百世快递,川N94664,2025-08-09,2025-08-27,常温,true
TR0703,P0703,韵达快递,苏R75657,2025-11-09,2025-11-28,0-5℃,true
TR0704,P0704,韵达快递,苏J96148,2025-07-18,2025-07-27,0-4℃,true
TR0705,P0705,极兔速递,鄂O32412,2025-10-21,2025-10-27,0-4℃,true
TR0706,P0706,中通快递,沪S27085,2025-09-19,2025-09-26,0-4℃,true
TR0707,P0707,极兔速递,鄂S17166,2025-10-11,2025-10-28,0-4℃,true
TR0708,P0708,顺丰冷链物流,鲁E76853,2025-08-22,2025-08-27,0-5℃,false
TR0709,P0709,百世快递,川J60165,2025-09-11,2025-09-28,5-15℃,false
TR0710,P0710,百世快递,川P20679,2025-09-09,2025-09-27,2-8℃,true
TR0711,P0711,圆通速递,浙X11246,2025-11-01,2025-11-27,5-15℃,true
TR0712,P0712,中通快递,沪J83476,2025-09-22,2025-09-26,2-8℃,true
TR0713,P0713,申通快递,闽Q25579,2025-07-07,2025-07-27,0-4℃,true
TR0714,P0714,顺丰冷链物流,鲁S78141,2025-11-11,2025-11-27,5-15℃,true
TR0715,P0715,圆通速递,浙Z38555,2025-09-22,2025-09-26,0-4℃,true
TR0716,P0716,顺丰冷链物流,鲁U94665,2025-08-03,2025-08-26,5-15℃,true
TR0717,P0717,中通快递,沪Y71714,2025-10-03,2025-10-27,2-8℃,true
TR0718,P0718,京东物流,京P74013,2025-07-14,2025-07-28,5-15℃,true
TR0719,P0719,顺丰冷链物流,鲁Z93660,2025-08-10,2025-08-28,常温,true
TR0720,P0720,德邦物流,粤X47476,2025-11-12,2025-11-27,0-4℃,true
TR0721,P0721,中通快递,沪O93136,2025-09-05,2025-09-28,2-8℃,true
TR0722,P0722,韵达快递,苏A75057,2025-08-01,2025-08-27,常温,true
TR0723,P0723,韵达快递,苏Q37815,2025-09-24,2025-09-26,5-15℃,true
TR0724,P0724,申通快递,闽U58693,2025-10-18,2025-10-26,常温,true
TR0725,P0725,顺丰冷链物流,鲁G45557,2025-10-14,2025-10-26,0-4℃,false
TR0726,P0726,申通快递,闽I96396,2025-08-17,2025-08-28,2-8℃,true
TR0727,P0727,圆通速递,浙X42488,2025-07-17,2025-07-28,5-15℃,true
TR0728,P0728,京东物流,京D38694,2025-09-18,2025-09-28,常温,true
TR0729,P0729,德邦物流,粤B74070,2025-09-16,2025-09-26,0-5℃,true
TR0730,P0730,中通快递,沪M37016,2025-10-06,2025-10-28,0-4℃,true
TR0731,P0731,极兔速递,鄂W91504,2025-08-25,2025-08-28,0-4℃,true
TR0732,P0732,顺丰冷链物流,鲁M63888,2025-08-06,2025-08-28,0-4℃,true
TR0733,P0733,中通快递,沪Q38163,2025-09-23,2025-09-28,0-4℃,true
TR0734,P0734,德邦物流,粤D34641,2025-11-25,2025-11-27,5-15℃,true
TR0735,P0735,百世快递,川O89201,2025-10-19,2025-10-26,5-15℃,true
TR0736,P0736,顺丰冷链物流,鲁K88500,2025-11-20,2025-11-28,2-8℃,true
TR0737,P0737,京东物流,京U63930,2025-07-08,2025-07-27,2-8℃,true
TR0738,P0738,顺丰冷链物流,鲁M68316,2025-11-13,2025-11-28,5-15℃,true
TR0739,P0739,顺丰冷链物流,鲁X91070,2025-10-11,2025-10-26,2-8℃,true
TR0740,P0740,百世快递,川M26161,2025-09-13,2025-09-26,0-4℃,false
TR0741,P0741,京东物流,京F42119,2025-09-19,2025-09-26,2-8℃,true
TR0742,P0742,京东物流,京J76759,2025-07-04,2025-07-28,常温,true
TR0743,P0743,圆通速递,浙D18039,2025-10-21,2025-10-27,2-8℃,true
TR0744,P0744,京东物流,京W89038,2025-10-15,2025-10-26,5-15℃,true
TR0745,P0745,圆通速递,浙D36625,2025-08-08,2025-08-28,2-8℃,true
TR0746,P0746,圆通速递,浙T28084,2025-10-19,2025-10-27,2-8℃,true
TR0747,P0747,申通快递,闽N16280,2025-08-17,2025-08-28,5-15℃,true
TR0748,P0748,极兔速递,鄂W94662,2025-07-01,2025-07-28,0-5℃,true
TR0749,P0749,韵达快递,苏U39356,2025-07-10,2025-07-28,0-5℃,true
TR0750,P0750,京东物流,京Z99608,2025-11-03,2025-11-28,5-15℃,true
TR0751,P0751,极兔速递,鄂K84632,2025-10-11,2025-10-28,5-15℃,true
TR0752,P0752,顺丰冷链物流,鲁V38479,2025-07-04,2025-07-27,2-8℃,true
TR0753,P0753,德邦物流,粤Q37763,2025-07-22,2025-07-26,2-8℃,true
TR0754,P0754,顺丰冷链物流,鲁K39573,2025-08-05,2025-08-28,0-4℃,true
TR0755,P0755,顺丰冷链物流,鲁Y42261,2025-11-01,2025-11-26,2-8℃,true
TR0756,P0756,德邦物流,粤S89528,2025-07-12,2025-07-28,0-5℃,true
TR0757,P0757,京东物流,京V51050,2025-10-01,2025-10-27,5-15℃,true
TR0758,P0758,韵达快递,苏O89506,2025-11-14,2025-11-27,常温,true
TR0759,P0759,申通快递,闽P40313,2025-11-24,2025-11-26,2-8℃,true
TR0760,P0760,德邦物流,粤L18951,2025-11-13,2025-11-26,2-8℃,true
TR0761,P0761,顺丰冷链物流,鲁V70058,2025-11-05,2025-11-27,5-15℃,true
TR0762,P0762,百世快递,川J87379,2025-10-12,2025-10-27,5-15℃,true
TR0763,P0763,京东物流,京M43702,2025-08-12,2025-08-28,0-4℃,true
TR0764,P0764,顺丰冷链物流,鲁Z86274,2025-11-04,2025-11-26,0-4℃,true
TR0765,P0765,圆通速递,浙M14970,2025-09-25,2025-09-27,2-8℃,true
TR0766,P0766,极兔速递,鄂X38493,2025-09-20,2025-09-28,5-15℃,false
TR0767,P0767,顺丰冷链物流,鲁C11160,2025-11-20,2025-11-28,2-8℃,true
TR0768,P0768,中通快递,沪U99108,2025-08-16,2025-08-26,5-15℃,true
TR0769,P0769,极兔速递,鄂N59881,2025-08-08,2025-08-28,常温,true
TR0770,P0770,韵达快递,苏V45777,2025-10-22,2025-10-27,0-5℃,true
TR0771,P0771,德邦物流,粤G43445,2025-08-18,2025-08-27,0-5℃,true
TR0772,P0772,中通快递,沪Q61287,2025-11-01,2025-11-27,0-5℃,true
TR0773,P0773,韵达快递,苏P83700,2025-10-06,2025-10-28,0-5℃,true
TR0774,P0774,顺丰冷链物流,鲁T39971,2025-08-23,2025-08-28,5-15℃,true
TR0775,P0775,京东物流,京H85100,2025-09-17,2025-09-28,常温,true
TR0776,P0776,申通快递,闽E93623,2025-07-07,2025-07-27,常温,true
TR0777,P0777,顺丰冷链物流,鲁Y14457,2025-11-16,2025-11-26,2-8℃,false
TR0778,P0778,申通快递,闽N74059,2025-08-22,2025-08-27,5-15℃,true
TR0779,P0779,百世快递,川X23829,2025-08-21,2025-08-27,0-5℃,true
TR0780,P0780,韵达快递,苏S79732,2025-08-16,2025-08-28,0-5℃,true
TR0781,P0781,圆通速递,浙R44860,2025-08-21,2025-08-26,2-8℃,true
TR0782,P0782,申通快递,闽U35147,2025-11-25,2025-11-26,0-4℃,true
TR0783,P0783,中通快递,沪S55368,2025-09-15,2025-09-28,0-4℃,true
TR0784,P0784,德邦物流,粤C59190,2025-09-14,2025-09-27,5-15℃,true
TR0785,P0785,申通快递,闽Z15202,2025-10-20,2025-10-26,0-5℃,true
TR0786,P0786,韵达快递,苏G69489,2025-09-10,2025-09-28,2-8℃,true
TR0787,P0787,申通快递,闽Z84560,2025-09-06,2025-09-28,5-15℃,true
TR0788,P0788,申通快递,闽G65596,2025-11-19,2025-11-28,5-15℃,true
TR0789,P0789,极兔速递,鄂I60663,2025-07-19,2025-07-27,0-5℃,true
TR0790,P0790,百世快递,川D80055,2025-07-20,2025-07-27,2-8℃,true
TR0791,P0791,中通快递,沪L71981,2025-11-23,2025-11-28,2-8℃,true
TR0792,P0792,中通快递,沪J32308,2025-09-05,2025-09-26,0-4℃,true
TR0793,P0793,圆通速递,浙J93256,2025-11-19,2025-11-26,0-4℃,true
TR0794,P0794,德邦物流,粤F75656,2025-07-05,2025-07-26,0-5℃,true
TR0795,P0795,百世快递,川V44223,2025-11-22,2025-11-28,0-5℃,true
TR0796,P0796,顺丰冷链物流,鲁D17368,2025-07-19,2025-07-26,0-4℃,true
TR0797,P0797,德邦物流,粤E44010,2025-10-17,2025-10-26,常温,true
TR0798,P0798,德邦物流,粤E81220,2025-08-07,2025-08-28,2-8℃,true
TR0799,P0799,极兔速递,鄂A36462,2025-08-06,2025-08-27,常温,true
TR0800,P0800,极兔速递,鄂A96506,2025-10-14,2025-10-26,0-5℃,true
TR0801,P0801,极兔速递,鄂J12604,2025-11-16,2025-11-28,2-8℃,true
TR0802,P0802,极兔速递,鄂V60151,2025-07-01,2025-07-26,0-4℃,true
TR0803,P0803,顺丰冷链物流,鲁R69264,2025-07-19,2025-07-27,2-8℃,true
TR0804,P0804,圆通速递,浙F60654,2025-11-24,2025-11-28,0-4℃,true
TR0805,P0805,百世快递,川R82970,2025-09-23,2025-09-27,0-5℃,true
TR0806,P0806,顺丰冷链物流,鲁B63399,2025-10-15,2025-10-26,2-8℃,true
TR0807,P0807,京东物流,京X44283,2025-07-17,2025-07-27,0-4℃,true
TR0808,P0808,百世快递,川S58333,2025-07-04,2025-07-27,5-15℃,true
TR0809,P0809,申通快递,闽F61351,2025-08-06,2025-08-27,2-8℃,true
TR0810,P0810,德邦物流,粤F32768,2025-10-17,2025-10-28,0-4℃,true
TR0811,P0811,中通快递,沪Y72751,2025-07-23,2025-07-27,2-8℃,true
TR0812,P0812,中通快递,沪Y12295,2025-08-21,2025-08-28,2-8℃,true
TR0813,P0813,申通快递,闽T87794,2025-07-19,2025-07-26,2-8℃,false
TR0814,P0814,韵达快递,苏F91333,2025-09-18,2025-09-28,5-15℃,true
TR0815,P0815,德邦物流,粤L94232,2025-11-02,2025-11-27,0-5℃,true
TR0816,P0816,德邦物流,粤Q75270,2025-09-05,2025-09-27,0-5℃,true
TR0817,P0817,申通快递,闽C19176,2025-08-01,2025-08-28,0-5℃,true
TR0818,P0818,极兔速递,鄂K87974,2025-10-21,2025-10-28,0-4℃,true
TR0819,P0819,申通快递,闽L29191,2025-09-08,2025-09-28,常温,true
TR0820,P0820,极兔速递,鄂Q18984,2025-08-23,2025-08-26,0-4℃,true
TR0821,P0821,顺丰冷链物流,鲁N43474,2025-09-22,2025-09-28,0-4℃,true
TR0822,P0822,顺丰冷链物流,鲁A47511,2025-08-03,2025-08-27,0-4℃,true
TR0823,P0823,百世快递,川P25462,2025-11-19,2025-11-27,5-15℃,true
TR0824,P0824,圆通速递,浙Q74608,2025-11-21,2025-11-26,5-15℃,true
TR0825,P0825,中通快递,沪C47328,2025-09-15,2025-09-28,0-4℃,true
TR0826,P0826,圆通速递,浙N44130,2025-08-14,2025-08-26,2-8℃,true
TR0827,P0827,申通快递,闽V87602,2025-07-15,2025-07-28,2-8℃,true
TR0828,P0828,圆通速递,浙W91518,2025-07-05,2025-07-27,0-5℃,false
TR0829,P0829,圆通速递,浙Y80348,2025-08-08,2025-08-27,5-15℃,true
TR0830,P0830,韵达快递,苏T41133,2025-07-06,2025-07-26,5-15℃,true
TR0831,P0831,中通快递,沪E66443,2025-08-05,2025-08-26,2-8℃,true
TR0832,P0832,德邦物流,粤F70194,2025-11-12,2025-11-27,常温,true
TR0833,P0833,韵达快递,苏K92752,2025-07-16,2025-07-26,0-5℃,true
TR0834,P0834,极兔速递,鄂M27205,2025-11-04,2025-11-26,5-15℃,true
TR0835,P0835,京东物流,京N14966,2025-11-16,2025-11-28,2-8℃,true
TR0836,P0836,中通快递,沪N42280,2025-08-05,2025-08-28,0-5℃,true
TR0837,P0837,韵达快递,苏J85993,2025-07-06,2025-07-28,2-8℃,true
TR0838,P0838,韵达快递,苏S96993,2025-11-14,2025-11-26,0-4℃,true
TR0839,P0839,圆通速递,浙Y83932,2025-09-18,2025-09-28,0-5℃,true
TR0840,P0840,百世快递,川O57169,2025-10-05,2025-10-26,5-15℃,true
TR0841,P0841,德邦物流,粤M23340,2025-11-13,2025-11-28,常温,true
TR0842,P0842,德邦物流,粤L25505,2025-11-14,2025-11-26,2-8℃,true
TR0843,P0843,韵达快递,苏X13535,2025-11-17,2025-11-26,5-15℃,true
TR0844,P0844,京东物流,京Z31246,2025-08-13,2025-08-27,0-5℃,true
TR0845,P0845,京东物流,京N34836,2025-09-22,2025-09-28,0-5℃,true
TR0846,P0846,百世快递,川D75911,2025-09-05,2025-09-27,0-4℃,true
TR0847,P0847,顺丰冷链物流,鲁Y40425,2025-09-16,2025-09-27,0-4℃,true
TR0848,P0848,申通快递,闽G28992,2025-09-14,2025-09-27,5-15℃,true
TR0849,P0849,德邦物流,粤B37858,2025-09-17,2025-09-26,0-4℃,true
TR0850,P0850,极兔速递,鄂G24262,2025-08-17,2025-08-28,常温,true
TR0851,P0851,韵达快递,苏G41867,2025-10-02,2025-10-26,5-15℃,true
TR0852,P0852,百世快递,川Y19506,2025-08-22,2025-08-26,2-8℃,true
TR0853,P0853,顺丰冷链物流,鲁W89252,2025-10-25,2025-10-28,2-8℃,true
TR0854,P0854,申通快递,闽P87929,2025-09-05,2025-09-28,5-15℃,true
TR0855,P0855,中通快递,沪W52184,2025-09-16,2025-09-26,0-5℃,true
TR0856,P0856,顺丰冷链物流,鲁T78701,2025-08-25,2025-08-26,2-8℃,true
TR0857,P0857,京东物流,京S28607,2025-09-13,2025-09-26,常温,true
TR0858,P0858,极兔速递,鄂X73309,2025-10-16,2025-10-28,常温,true
TR0859,P0859,顺丰冷链物流,鲁R37456,2025-08-03,2025-08-27,5-15℃,true
TR0860,P0860,圆通速递,浙Q95497,2025-09-05,2025-09-27,2-8℃,false
TR0861,P0861,申通快递,闽G38816,2025-11-13,2025-11-28,5-15℃,true
TR0862,P0862,申通快递,闽H53968,2025-10-12,2025-10-26,5-15℃,true
TR0863,P0863,申通快递,闽B47124,2025-09-04,2025-09-27,5-15℃,true
TR0864,P0864,圆通速递,浙R19107,2025-09-14,2025-09-26,5-15℃,true
TR0865,P0865,韵达快递,苏N24050,2025-11-15,2025-11-27,常温,true
TR0866,P0866,申通快递,闽R63546,2025-11-15,2025-11-27,2-8℃,true
TR0867,P0867,韵达快递,苏O23274,2025-07-21,2025-07-28,2-8℃,true
TR0868,P0868,韵达快递,苏D99929,2025-09-08,2025-09-26,2-8℃,true
TR0869,P0869,德邦物流,粤C34304,2025-08-07,2025-08-28,常温,true
TR0870,P0870,百世快递,川X91672,2025-11-09,2025-11-28,0-4℃,true
TR0871,P0871,百世快递,川E33883,2025-10-01,2025-10-26,常温,true
TR0872,P0872,圆通速递,浙T69595,2025-10-20,2025-10-28,常温,true
TR0873,P0873,极兔速递,鄂D10947,2025-08-16,2025-08-28,0-5℃,true
TR0874,P0874,德邦物流,粤N30541,2025-10-06,2025-10-27,2-8℃,true
TR0875,P0875,韵达快递,苏T75643,2025-10-05,2025-10-27,0-4℃,true
TR0876,P0876,中通快递,沪O98441,2025-09-16,2025-09-27,5-15℃,true
TR0877,P0877,百世快递,川G18267,2025-09-23,2025-09-28,常温,true
TR0878,P0878,中通快递,沪N22793,2025-11-20,2025-11-26,2-8℃,true
TR0879,P0879,百世快递,川N82318,2025-08-12,2025-08-27,5-15℃,true
TR0880,P0880,韵达快递,苏R71527,2025-08-10,2025-08-26,0-5℃,true
TR0881,P0881,京东物流,京A37573,2025-11-19,2025-11-28,0-4℃,true
TR0882,P0882,京东物流,京L16679,2025-10-05,2025-10-26,2-8℃,true
TR0883,P0883,百世快递,川E47463,2025-08-10,2025-08-28,2-8℃,true
TR0884,P0884,中通快递,沪Z20153,2025-10-22,2025-10-27,5-15℃,true
TR0885,P0885,顺丰冷链物流,鲁Z15113,2025-10-23,2025-10-27,2-8℃,true
TR0886,P0886,圆通速递,浙B37837,2025-08-20,2025-08-28,5-15℃,true
TR0887,P0887,百世快递,川F79209,2025-09-12,2025-09-28,常温,true
TR0888,P0888,百世快递,川E84288,2025-09-15,2025-09-27,0-5℃,true
TR0889,P0889,圆通速递,浙N70336,2025-09-25,2025-09-27,0-5℃,true
TR0890,P0890,极兔速递,鄂Z90400,2025-09-12,2025-09-27,5-15℃,true
TR0891,P0891,韵达快递,苏G53327,2025-11-19,2025-11-28,5-15℃,true
TR0892,P0892,京东物流,京H31045,2025-11-18,2025-11-26,5-15℃,true
TR0893,P0893,德邦物流,粤D29024,2025-07-03,2025-07-26,常温,true
TR0894,P0894,京东物流,京D63489,2025-07-16,2025-07-26,0-5℃,true
TR0895,P0895,德邦物流,粤W22186,2025-09-12,2025-09-28,5-15℃,true
TR0896,P0896,德邦物流,粤O44797,2025-09-01,2025-09-28,5-15℃,false
TR0897,P0897,圆通速递,浙K10620,2025-09-10,2025-09-28,5-15℃,false
TR0898,P0898,韵达快递,苏I70248,2025-10-21,2025-10-28,5-15℃,true
TR0899,P0899,极兔速递,鄂J56957,2025-11-16,2025-11-27,0-4℃,true
TR0900,P0900,顺丰冷链物流,鲁O53683,2025-07-03,2025-07-26,5-15℃,true
TR0901,P0901,韵达快递,苏W44882,2025-08-17,2025-08-28,0-5℃,true
TR0902,P0902,申通快递,闽P40671,2025-07-21,2025-07-28,常温,true
TR0903,P0903,百世快递,川B55369,2025-11-11,2025-11-27,0-4℃,true
TR0904,P0904,极兔速递,鄂U34626,2025-10-19,2025-10-26,0-5℃,true
TR0905,P0905,中通快递,沪D15019,2025-11-25,2025-11-27,常温,true
TR0906,P0906,圆通速递,浙E80379,2025-09-25,2025-09-26,5-15℃,true
TR0907,P0907,韵达快递,苏C83462,2025-11-02,2025-11-26,2-8℃,true
TR0908,P0908,申通快递,闽F51681,2025-07-08,2025-07-27,5-15℃,true
TR0909,P0909,顺丰冷链物流,鲁I34109,2025-09-25,2025-09-26,5-15℃,true
TR0910,P0910,申通快递,闽H34823,2025-07-12,2025-07-27,常温,true
TR0911,P0911,韵达快递,苏V14446,2025-09-20,2025-09-26,5-15℃,true
TR0912,P0912,韵达快递,苏Q25493,2025-09-11,2025-09-26,常温,true
TR0913,P0913,申通快递,闽D64277,2025-11-01,2025-11-26,0-4℃,true
TR0914,P0914,德邦物流,粤U23781,2025-09-08,2025-09-28,0-4℃,true
TR0915,P0915,韵达快递,苏A69406,2025-08-06,2025-08-28,0-4℃,true
TR0916,P0916,极兔速递,鄂A82168,2025-09-24,2025-09-28,常温,true
TR0917,P0917,德邦物流,粤B28231,2025-11-10,2025-11-27,5-15℃,true
TR0918,P0918,百世快递,川K81091,2025-10-20,2025-10-28,0-4℃,true
TR0919,P0919,德邦物流,粤K24590,2025-09-11,2025-09-27,2-8℃,true
TR0920,P0920,中通快递,沪C95132,2025-09-03,2025-09-28,常温,true
TR0921,P0921,圆通速递,浙D69749,2025-09-23,2025-09-27,0-4℃,true
TR0922,P0922,申通快递,闽F55835,2025-11-01,2025-11-27,5-15℃,true
TR0923,P0923,圆通速递,浙V31318,2025-11-15,2025-11-27,常温,true
TR0924,P0924,申通快递,闽T13924,2025-11-19,2025-11-28,0-5℃,true
TR0925,P0925,德邦物流,粤T94434,2025-07-15,2025-07-28,2-8℃,true
TR0926,P0926,申通快递,闽H23428,2025-10-25,2025-10-26,0-5℃,true
TR0927,P0927,德邦物流,粤S90224,2025-11-04,2025-11-26,常温,true
TR0928,P0928,极兔速递,鄂Y24112,2025-07-19,2025-07-28,0-5℃,true
TR0929,P0929,韵达快递,苏D97836,2025-11-09,2025-11-27,2-8℃,true
TR0930,P0930,顺丰冷链物流,鲁Q73429,2025-08-05,2025-08-27,5-15℃,true
TR0931,P0931,韵达快递,苏E27832,2025-11-19,2025-11-28,常温,true
TR0932,P0932,圆通速递,浙K54039,2025-07-22,2025-07-27,2-8℃,true
TR0933,P0933,极兔速递,鄂I80421,2025-07-09,2025-07-27,常温,true
TR0934,P0934,顺丰冷链物流,鲁R20564,2025-11-24,2025-11-28,0-4℃,true
TR0935,P0935,德邦物流,粤Y38579,2025-07-07,2025-07-28,0-4℃,true
TR0936,P0936,德邦物流,粤H18385,2025-07-02,2025-07-26,5-15℃,true
TR0937,P0937,顺丰冷链物流,鲁Y43112,2025-07-23,2025-07-27,0-5℃,true
TR0938,P0938,申通快递,闽Y73835,2025-11-22,2025-11-26,0-5℃,true
TR0939,P0939,德邦物流,粤C55157,2025-08-10,2025-08-28,5-15℃,true
TR0940,P0940,韵达快递,苏C61325,2025-08-22,2025-08-27,5-15℃,true
TR0941,P0941,圆通速递,浙S41714,2025-08-16,2025-08-28,常温,true
TR0942,P0942,德邦物流,粤K31938,2025-08-03,2025-08-28,5-15℃,true
TR0943,P0943,京东物流,京P64190,2025-08-11,2025-08-27,5-15℃,true
TR0944,P0944,申通快递,闽R31569,2025-09-20,2025-09-26,0-5℃,true
TR0945,P0945,顺丰冷链物流,鲁T16036,2025-10-17,2025-10-28,2-8℃,true
TR0946,P0946,圆通速递,浙K65407,2025-11-06,2025-11-26,5-15℃,true
TR0947,P0947,申通快递,闽N17426,2025-09-09,2025-09-27,5-15℃,true
TR0948,P0948,韵达快递,苏P16283,2025-08-03,2025-08-28,2-8℃,true
TR0949,P0949,百世快递,川Y85982,2025-11-15,2025-11-26,0-5℃,true
TR0950,P0950,极兔速递,鄂S66778,2025-10-14,2025-10-28,0-4℃,true
TR0951,P0951,申通快递,闽L90873,2025-07-25,2025-07-26,0-4℃,true
TR0952,P0952,申通快递,闽X92467,2025-08-12,2025-08-28,0-4℃,true
TR0953,P0953,韵达快递,苏X97901,2025-07-06,2025-07-27,5-15℃,true
TR0954,P0954,中通快递,沪X39016,2025-09-18,2025-09-28,0-5℃,true
TR0955,P0955,顺丰冷链物流,鲁S46175,2025-10-22,2025-10-27,5-15℃,true
TR0956,P0956,韵达快递,苏P96274,2025-07-25,2025-07-27,常温,true
TR0957,P0957,申通快递,闽C40113,2025-07-05,2025-07-27,常温,true
TR0958,P0958,百世快递,川K41844,2025-07-18,2025-07-27,2-8℃,true
TR0959,P0959,韵达快递,苏T56733,2025-11-02,2025-11-26,0-5℃,true
TR0960,P0960,百世快递,川O13600,2025-09-14,2025-09-28,2-8℃,true
TR0961,P0961,圆通速递,浙Q73914,2025-10-03,2025-10-27,常温,true
TR0962,P0962,中通快递,沪X77290,2025-09-11,2025-09-27,0-5℃,true
TR0963,P0963,百世快递,川S28475,2025-09-13,2025-09-28,0-4℃,true
TR0964,P0964,圆通速递,浙T77608,2025-11-23,2025-11-26,0-4℃,true
TR0965,P0965,百世快递,川P53457,2025-10-05,2025-10-27,5-15℃,true
TR0966,P0966,德邦物流,粤D45101,2025-08-09,2025-08-26,0-4℃,true
TR0967,P0967,顺丰冷链物流,鲁Q73381,2025-08-14,2025-08-27,2-8℃,true
TR0968,P0968,百世快递,川R14963,2025-09-13,2025-09-27,0-4℃,false
TR0969,P0969,京东物流,京Q21348,2025-09-01,2025-09-27,0-5℃,true
TR0970,P0970,顺丰冷链物流,鲁K62077,2025-11-13,2025-11-28,常温,true
TR0971,P0971,中通快递,沪K81846,2025-09-11,2025-09-27,0-5℃,true
TR0972,P0972,中通快递,沪J67918,2025-11-04,2025-11-26,5-15℃,true
TR0973,P0973,德邦物流,粤Q73860,2025-09-12,2025-09-27,2-8℃,true
TR0974,P0974,中通快递,沪L80077,2025-07-17,2025-07-26,5-15℃,true
TR0975,P0975,顺丰冷链物流,鲁X92876,2025-09-21,2025-09-26,常温,true
TR0976,P0976,极兔速递,鄂I56417,2025-09-09,2025-09-28,常温,true
TR0977,P0977,中通快递,沪Q79006,2025-11-25,2025-11-26,5-15℃,true
TR0978,P0978,极兔速递,鄂Z51087,2025-11-15,2025-11-28,0-5℃,true
TR0979,P0979,德邦物流,粤B52655,2025-11-23,2025-11-27,0-4℃,true
TR0980,P0980,顺丰冷链物流,鲁Y92228,2025-10-07,2025-10-28,0-4℃,true
TR0981,P0981,百世快递,川C50741,2025-07-08,2025-07-27,0-5℃,true
TR0982,P0982,中通快递,沪G48000,2025-08-02,2025-08-27,0-4℃,true
TR0983,P0983,京东物流,京E40123,2025-08-03,2025-08-26,常温,true
TR0984,P0984,韵达快递,苏F56351,2025-09-22,2025-09-28,5-15℃,true
TR0985,P0985,中通快递,沪U61091,2025-11-24,2025-11-27,0-5℃,true
TR0986,P0986,中通快递,沪I99703,2025-11-03,2025-11-27,常温,true
TR0987,P0987,极兔速递,鄂P72921,2025-09-07,2025-09-28,5-15℃,true
TR0988,P0988,申通快递,闽J64721,2025-09-05,2025-09-27,5-15℃,true
TR0989,P0989,德邦物流,粤H50082,2025-10-08,2025-10-26,2-8℃,true
TR0990,P0990,圆通速递,浙V56378,2025-08-02,2025-08-26,5-15℃,true
TR0991,P0991,顺丰冷链物流,鲁P16138,2025-07-18,2025-07-26,0-5℃,true
TR0992,P0992,百世快递,川F96409,2025-07-07,2025-07-27,2-8℃,true
TR0993,P0993,顺丰冷链物流,鲁P42776,2025-09-04,2025-09-28,常温,true
TR0994,P0994,京东物流,京Y35080,2025-11-22,2025-11-26,0-5℃,true
TR0995,P0995,顺丰冷链物流,鲁F95330,2025-08-09,2025-08-26,常温,true
TR0996,P0996,中通快递,沪A15242,2025-07-18,2025-07-28,2-8℃,true
TR0997,P0997,韵达快递,苏A36641,2025-11-21,2025-11-28,2-8℃,true
TR0998,P0998,圆通速递,浙U20747,2025-11-25,2025-11-28,5-15℃,true
TR0999,P0999,中通快递,沪N90184,2025-10-23,2025-10-28,2-8℃,true
TR1000,P1000,百世快递,川D55278,2025-10-23,2025-10-26,5-15℃,true
TR1001,P1001,极兔速递,鄂P25076,2025-11-22,2025-11-27,常温,true
TR1002,P1002,德邦物流,粤G28067,2025-09-12,2025-09-27,0-4℃,true
TR1003,P1003,顺丰冷链物流,鲁W56829,2025-10-04,2025-10-26,5-15℃,true
TR1004,P1004,圆通速递,浙Y36434,2025-11-08,2025-11-26,2-8℃,true
TR1005,P1005,百世快递,川K55921,2025-10-21,2025-10-26,0-5℃,true
TR1006,P1006,韵达快递,苏J52283,2025-11-24,2025-11-26,5-15℃,true
TR1007,P1007,极兔速递,鄂K15550,2025-07-04,2025-07-28,2-8℃,false
TR1008,P1008,中通快递,沪S40741,2025-10-10,2025-10-28,常温,true
TR1009,P1009,极兔速递,鄂I37377,2025-07-14,2025-07-27,5-15℃,true
TR1010,P1010,圆通速递,浙Y73876,2025-11-22,2025-11-28,5-15℃,true
TR1011,P1011,德邦物流,粤D28408,2025-07-18,2025-07-28,常温,true
TR1012,P1012,韵达快递,苏A98213,2025-07-07,2025-07-26,0-5℃,true
TR1013,P1013,申通快递,闽H21376,2025-11-04,2025-11-28,0-5℃,true
TR1014,P1014,顺丰冷链物流,鲁T51377,2025-11-17,2025-11-27,2-8℃,true
TR1015,P1015,百世快递,川M72791,2025-07-12,2025-07-27,常温,true
TR1016,P1016,百世快递,川B88977,2025-08-14,2025-08-26,2-8℃,true
TR1017,P1017,百世快递,川L15140,2025-07-07,2025-07-28,0-5℃,true
TR1018,P1018,百世快递,川J49548,2025-07-21,2025-07-26,0-4℃,true
TR1019,P1019,申通快递,闽N86000,2025-09-22,2025-09-26,0-4℃,true
TR1020,P1020,申通快递,闽V40595,2025-07-06,2025-07-27,5-15℃,true
TR1021,P1021,中通快递,沪L79359,2025-09-01,2025-09-28,常温,true
TR1022,P1022,德邦物流,粤Q50813,2025-10-25,2025-10-28,常温,true
TR1023,P1023,中通快递,沪X26735,2025-11-02,2025-11-27,5-15℃,true
TR1024,P1024,京东物流,京T39408,2025-11-02,2025-11-26,0-5℃,true
TR1025,P1025,圆通速递,浙B82437,2025-11-14,2025-11-28,常温,true
TR1026,P1026,申通快递,闽S36984,2025-09-05,2025-09-26,常温,true
TR1027,P1027,申通快递,闽U57633,2025-07-25,2025-07-26,5-15℃,true
TR1028,P1028,圆通速递,浙V21530,2025-11-17,2025-11-26,0-5℃,true
TR1029,P1029,极兔速递,鄂G57870,2025-07-06,2025-07-27,0-5℃,true
TR1030,P1030,顺丰冷链物流,鲁R28437,2025-08-17,2025-08-28,0-4℃,true
TR1031,P1031,京东物流,京G63642,2025-09-08,2025-09-26,2-8℃,true
TR1032,P1032,德邦物流,粤N97969,2025-08-23,2025-08-27,常温,true
TR1033,P1033,申通快递,闽H43855,2025-11-01,2025-11-27,2-8℃,true
TR1034,P1034,韵达快递,苏O19099,2025-09-25,2025-09-27,2-8℃,true
TR1035,P1035,顺丰冷链物流,鲁X72166,2025-11-01,2025-11-27,5-15℃,true
TR1036,P1036,京东物流,京Y79277,2025-07-18,2025-07-27,常温,true
TR1037,P1037,百世快递,川M71052,2025-10-20,2025-10-27,2-8℃,true
TR1038,P1038,中通快递,沪Y52896,2025-10-20,2025-10-26,0-5℃,true
TR1039,P1039,京东物流,京G83396,2025-10-11,2025-10-28,0-4℃,true
TR1040,P1040,百世快递,川R58859,2025-08-09,2025-08-27,0-4℃,true
TR1041,P1041,申通快递,闽P53309,2025-09-24,2025-09-26,5-15℃,true
TR1042,P1042,顺丰冷链物流,鲁J43187,2025-09-20,2025-09-28,0-4℃,false
TR1043,P1043,圆通速递,浙T24030,2025-11-05,2025-11-26,0-5℃,true
TR1044,P1044,中通快递,沪J88151,2025-08-02,2025-08-27,0-5℃,true
TR1045,P1045,申通快递,闽E54837,2025-10-19,2025-10-26,0-5℃,true
TR1046,P1046,百世快递,川P75665,2025-10-13,2025-10-28,5-15℃,true
TR1047,P1047,百世快递,川F35070,2025-09-23,2025-09-26,2-8℃,true
TR1048,P1048,申通快递,闽U20702,2025-11-08,2025-11-26,5-15℃,true
TR1049,P1049,申通快递,闽L40289,2025-07-21,2025-07-28,常温,true
TR1050,P1050,极兔速递,鄂G40908,2025-08-25,2025-08-28,0-4℃,true
TR1051,P1051,百世快递,川T73577,2025-07-03,2025-07-26,5-15℃,true
TR1052,P1052,德邦物流,粤O57932,2025-07-08,2025-07-28,5-15℃,true
TR1053,P1053,德邦物流,粤S92457,2025-09-11,2025-09-26,0-4℃,true
TR1054,P1054,京东物流,京J51430,2025-09-10,2025-09-27,2-8℃,true
TR1055,P1055,申通快递,闽U95884,2025-08-20,2025-08-26,常温,true
TR1056,P1056,百世快递,川Y10059,2025-08-06,2025-08-27,5-15℃,true
TR1057,P1057,中通快递,沪U91477,2025-08-23,2025-08-28,常温,true
TR1058,P1058,德邦物流,粤U73319,2025-11-04,2025-11-26,2-8℃,true
TR1059,P1059,韵达快递,苏H81659,2025-10-05,2025-10-26,0-4℃,true
TR1060,P1060,百世快递,川Y77367,2025-09-16,2025-09-28,0-5℃,true
TR1061,P1061,中通快递,沪A60351,2025-10-14,2025-10-28,5-15℃,true
TR1062,P1062,德邦物流,粤D33352,2025-09-12,2025-09-26,0-5℃,true
TR1063,P1063,申通快递,闽W99621,2025-09-02,2025-09-26,2-8℃,true
TR1064,P1064,圆通速递,浙T32168,2025-09-25,2025-09-26,0-4℃,true
TR1065,P1065,百世快递,川S37059,2025-08-05,2025-08-26,0-4℃,true
TR1066,P1066,百世快递,川F93442,2025-07-11,2025-07-28,0-5℃,true
TR1067,P1067,韵达快递,苏P13132,2025-07-20,2025-07-27,5-15℃,true
TR1068,P1068,百世快递,川E52234,2025-10-13,2025-10-26,常温,true
TR1069,P1069,中通快递,沪I31601,2025-11-18,2025-11-28,5-15℃,true
TR1070,P1070,圆通速递,浙Q29808,2025-07-02,2025-07-27,5-15℃,true
TR1071,P1071,顺丰冷链物流,鲁B17633,2025-09-04,2025-09-26,0-4℃,true
TR1072,P1072,京东物流,京Z42496,2025-10-03,2025-10-28,0-5℃,true
TR1073,P1073,京东物流,京Z84636,2025-09-16,2025-09-27,常温,true
TR1074,P1074,德邦物流,粤R63310,2025-11-25,2025-11-28,常温,true
TR1075,P1075,百世快递,川C54213,2025-08-06,2025-08-26,5-15℃,true
TR1076,P1076,韵达快递,苏X32929,2025-10-14,2025-10-27,常温,true
TR1077,P1077,京东物流,京M12874,2025-10-13,2025-10-26,5-15℃,true
TR1078,P1078,申通快递,闽D99383,2025-11-17,2025-11-26,0-5℃,true
TR1079,P1079,中通快递,沪E31812,2025-10-17,2025-10-28,5-15℃,true
TR1080,P1080,德邦物流,粤W77123,2025-09-12,2025-09-27,常温,true
TR1081,P1081,顺丰冷链物流,鲁T31680,2025-07-01,2025-07-27,2-8℃,true
TR1082,P1082,德邦物流,粤Z57949,2025-11-08,2025-11-27,常温,true
TR1083,P1083,圆通速递,浙O62966,2025-09-14,2025-09-28,5-15℃,true
TR1084,P1084,百世快递,川N14728,2025-11-05,2025-11-26,2-8℃,true
TR1085,P1085,圆通速递,浙O97357,2025-10-18,2025-10-28,常温,true
TR1086,P1086,中通快递,沪H43573,2025-08-22,2025-08-28,常温,true
TR1087,P1087,德邦物流,粤G22017,2025-10-03,2025-10-27,常温,true
TR1088,P1088,京东物流,京T35831,2025-09-25,2025-09-27,0-5℃,true
TR1089,P1089,极兔速递,鄂V97557,2025-07-24,2025-07-28,2-8℃,true
TR1090,P1090,圆通速递,浙R92988,2025-07-23,2025-07-27,常温,true
TR1091,P1091,韵达快递,苏L43145,2025-08-06,2025-08-27,常温,true
TR1092,P1092,百世快递,川Q41395,2025-08-07,2025-08-28,0-5℃,true
TR1093,P1093,中通快递,沪I87655,2025-11-15,2025-11-28,5-15℃,true
TR1094,P1094,圆通速递,浙H81516,2025-10-10,2025-10-27,0-5℃,false
TR1095,P1095,圆通速递,浙D75625,2025-10-14,2025-10-26,0-5℃,true
TR1096,P1096,申通快递,闽T56301,2025-11-13,2025-11-27,0-5℃,true
TR1097,P1097,极兔速递,鄂Z41672,2025-10-21,2025-10-27,2-8℃,true
TR1098,P1098,极兔速递,鄂C77489,2025-09-14,2025-09-28,0-5℃,true
TR1099,P1099,顺丰冷链物流,鲁F15050,2025-07-17,2025-07-27,2-8℃,true
TR1100,P1100,中通快递,沪C60526,2025-10-10,2025-10-26,0-5℃,true
TR1101,P1101,中通快递,沪L67270,2025-08-11,2025-08-27,0-5℃,true
TR1102,P1102,德邦物流,粤G30615,2025-10-02,2025-10-26,常温,true
TR1103,P1103,极兔速递,鄂M83333,2025-07-04,2025-07-27,2-8℃,true
TR1104,P1104,申通快递,闽A54547,2025-11-15,2025-11-27,0-4℃,true
TR1105,P1105,圆通速递,浙W31136,2025-11-15,2025-11-26,2-8℃,true
TR1106,P1106,极兔速递,鄂Q98837,2025-08-21,2025-08-28,2-8℃,true
TR1107,P1107,德邦物流,粤K35416,2025-10-12,2025-10-26,0-5℃,true
TR1108,P1108,韵达快递,苏F60299,2025-09-11,2025-09-27,5-15℃,true
TR1109,P1109,德邦物流,粤Y38977,2025-10-25,2025-10-27,0-5℃,true
TR1110,P1110,顺丰冷链物流,鲁F99015,2025-07-07,2025-07-27,2-8℃,true
TR1111,P1111,圆通速递,浙A57559,2025-11-14,2025-11-27,5-15℃,true
TR1112,P1112,德邦物流,粤B74738,2025-07-19,2025-07-28,常温,true
TR1113,P1113,极兔速递,鄂L80673,2025-11-16,2025-11-26,0-5℃,true
TR1114,P1114,圆通速递,浙G93366,2025-10-23,2025-10-27,0-4℃,true
TR1115,P1115,京东物流,京D15356,2025-07-24,2025-07-26,5-15℃,true
TR1116,P1116,申通快递,闽R58993,2025-10-22,2025-10-27,常温,true
TR1117,P1117,圆通速递,浙E41966,2025-07-25,2025-07-28,5-15℃,true
TR1118,P1118,京东物流,京W48161,2025-07-14,2025-07-26,2-8℃,true
TR1119,P1119,中通快递,沪C15749,2025-07-07,2025-07-26,0-5℃,true
TR1120,P1120,极兔速递,鄂H50492,2025-11-05,2025-11-26,2-8℃,true
TR1121,P1121,圆通速递,浙M83308,2025-07-07,2025-07-26,常温,true
TR1122,P1122,韵达快递,苏F57449,2025-07-19,2025-07-26,5-15℃,true
TR1123,P1123,德邦物流,粤O71601,2025-09-09,2025-09-26,2-8℃,true
TR1124,P1124,顺丰冷链物流,鲁F65855,2025-09-06,2025-09-28,2-8℃,true
TR1125,P1125,京东物流,京R53301,2025-09-20,2025-09-26,2-8℃,true
TR1126,P1126,顺丰冷链物流,鲁O10448,2025-07-10,2025-07-27,5-15℃,true
TR1127,P1127,中通快递,沪Q93227,2025-10-13,2025-10-28,常温,true
TR1128,P1128,德邦物流,粤C66703,2025-07-02,2025-07-28,0-4℃,true
TR1129,P1129,中通快递,沪V79658,2025-08-12,2025-08-28,2-8℃,true
TR1130,P1130,圆通速递,浙M34476,2025-09-19,2025-09-26,常温,true
TR1131,P1131,京东物流,京A85646,2025-09-22,2025-09-26,5-15℃,true
TR1132,P1132,中通快递,沪U50830,2025-11-23,2025-11-26,0-4℃,true
TR1133,P1133,韵达快递,苏N10969,2025-09-24,2025-09-27,常温,true
TR1134,P1134,中通快递,沪C51073,2025-10-23,2025-10-28,0-5℃,true
TR1135,P1135,顺丰冷链物流,鲁T65613,2025-08-13,2025-08-26,0-5℃,true
TR1136,P1136,顺丰冷链物流,鲁S34109,2025-07-03,2025-07-27,2-8℃,true
TR1137,P1137,顺丰冷链物流,鲁W96629,2025-10-08,2025-10-28,常温,true
TR1138,P1138,德邦物流,粤B83038,2025-07-11,2025-07-27,0-5℃,false
TR1139,P1139,极兔速递,鄂P47984,2025-08-12,2025-08-28,2-8℃,true
TR1140,P1140,圆通速递,浙C82152,2025-07-20,2025-07-26,常温,true
TR1141,P1141,申通快递,闽C16667,2025-09-20,2025-09-28,2-8℃,true
TR1142,P1142,顺丰冷链物流,鲁E86564,2025-10-07,2025-10-27,2-8℃,true
TR1143,P1143,圆通速递,浙W49941,2025-07-14,2025-07-27,2-8℃,true
TR1144,P1144,顺丰冷链物流,鲁H35226,2025-10-07,2025-10-26,常温,true
TR1145,P1145,百世快递,川V59075,2025-08-07,2025-08-26,2-8℃,true
TR1146,P1146,百世快递,川J85125,2025-10-14,2025-10-28,常温,true
TR1147,P1147,极兔速递,鄂V57763,2025-10-01,2025-10-26,常温,true
TR1148,P1148,中通快递,沪P42660,2025-10-07,2025-10-27,常温,true
TR1149,P1149,申通快递,闽U30460,2025-08-24,2025-08-27,5-15℃,true
TR1150,P1150,京东物流,京F74059,2025-09-08,2025-09-26,0-4℃,true
TR1151,P1151,韵达快递,苏D92814,2025-11-11,2025-11-26,2-8℃,true
TR1152,P1152,中通快递,沪V41619,2025-07-17,2025-07-27,常温,true
TR1153,P1153,中通快递,沪E41168,2025-11-18,2025-11-28,0-5℃,true
TR1154,P1154,圆通速递,浙Q59257,2025-07-20,2025-07-28,常温,true
TR1155,P1155,极兔速递,鄂U78080,2025-10-05,2025-10-28,0-4℃,true
TR1156,P1156,京东物流,京G48242,2025-10-04,2025-10-26,5-15℃,true
TR1157,P1157,德邦物流,粤Y13441,2025-11-13,2025-11-28,常温,true
TR1158,P1158,顺丰冷链物流,鲁B16950,2025-08-10,2025-08-26,0-5℃,true
TR1159,P1159,申通快递,闽O23371,2025-09-11,2025-09-28,0-4℃,true
TR1160,P1160,德邦物流,粤K13627,2025-11-20,2025-11-26,0-5℃,false
TR1161,P1161,圆通速递,浙T18467,2025-07-12,2025-07-27,0-4℃,true
TR1162,P1162,百世快递,川B79225,2025-10-09,2025-10-28,0-5℃,true
TR1163,P1163,圆通速递,浙I82745,2025-10-20,2025-10-28,5-15℃,true
TR1164,P1164,圆通速递,浙X28913,2025-11-04,2025-11-28,5-15℃,true
TR1165,P1165,京东物流,京W67639,2025-11-17,2025-11-27,5-15℃,true
TR1166,P1166,百世快递,川C50457,2025-08-20,2025-08-28,2-8℃,true
TR1167,P1167,圆通速递,浙A62969,2025-10-15,2025-10-27,0-4℃,true
TR1168,P1168,顺丰冷链物流,鲁F35812,2025-09-15,2025-09-26,常温,true
TR1169,P1169,中通快递,沪Q86675,2025-09-22,2025-09-27,5-15℃,true
TR1170,P1170,德邦物流,粤G98560,2025-07-01,2025-07-26,0-5℃,true
TR1171,P1171,中通快递,沪H11171,2025-07-21,2025-07-27,0-4℃,true
TR1172,P1172,极兔速递,鄂X65870,2025-10-08,2025-10-28,2-8℃,true
TR1173,P1173,申通快递,闽V61550,2025-07-13,2025-07-28,0-4℃,true
TR1174,P1174,顺丰冷链物流,鲁G21678,2025-11-19,2025-11-26,0-4℃,true
TR1175,P1175,德邦物流,粤N84178,2025-08-23,2025-08-26,0-5℃,true
TR1176,P1176,极兔速递,鄂O50279,2025-07-18,2025-07-26,0-4℃,true
TR1177,P1177,圆通速递,浙I86606,2025-08-24,2025-08-28,2-8℃,true
TR1178,P1178,极兔速递,鄂E86633,2025-08-17,2025-08-26,0-4℃,true
TR1179,P1179,德邦物流,粤O50327,2025-09-18,2025-09-26,5-15℃,true
TR1180,P1180,顺丰冷链物流,鲁M79961,2025-10-17,2025-10-28,5-15℃,true
TR1181,P1181,百世快递,川S88884,2025-08-09,2025-08-26,0-4℃,true
TR1182,P1182,圆通速递,浙R94841,2025-09-21,2025-09-28,常温,true
TR1183,P1183,百世快递,川A88424,2025-11-11,2025-11-27,0-5℃,true
TR1184,P1184,顺丰冷链物流,鲁U15840,2025-07-14,2025-07-28,0-5℃,true
TR1185,P1185,韵达快递,苏N47072,2025-10-20,2025-10-28,常温,true
TR1186,P1186,圆通速递,浙U88088,2025-10-08,2025-10-26,常温,true
TR1187,P1187,极兔速递,鄂H78603,2025-08-15,2025-08-28,0-5℃,true
TR1188,P1188,京东物流,京X62294,2025-07-22,2025-07-27,2-8℃,true
TR1189,P1189,京东物流,京T13714,2025-09-15,2025-09-28,常温,true
TR1190,P1190,极兔速递,鄂A69776,2025-10-22,2025-10-28,0-5℃,true
TR1191,P1191,顺丰冷链物流,鲁L25145,2025-08-23,2025-08-28,0-4℃,true
TR1192,P1192,圆通速递,浙T65535,2025-07-11,2025-07-27,常温,true
TR1193,P1193,申通快递,闽V62168,2025-11-02,2025-11-26,常温,true
TR1194,P1194,京东物流,京P44727,2025-10-09,2025-10-27,0-4℃,true
TR1195,P1195,京东物流,京S47231,2025-10-13,2025-10-26,常温,false
TR1196,P1196,韵达快递,苏Q38350,2025-08-24,2025-08-26,0-4℃,true
TR1197,P1197,韵达快递,苏Z22944,2025-10-07,2025-10-26,0-4℃,true
TR1198,P1198,圆通速递,浙S58002,2025-10-07,2025-10-28,5-15℃,true
TR1199,P1199,顺丰冷链物流,鲁U23559,2025-08-03,2025-08-26,5-15℃,true
TR1200,P1200,极兔速递,鄂N29658,2025-11-10,2025-11-26,常温,true
